<?xml version='1.0' encoding='UTF-8'?>
<ehr id="323753906.utf8.txt">
<Section id="DEFAULT_HEADER" type="DEFAULT_HEADER" >
	<name>DEFAULT_HEADER</name>
	<text><![CDATA[
I.CLINIC DE NEUROCIÈNCIES NEUROLOGIA
_NAME_	NHC: _ID_
Sexo/Sexe: Fem.	Fecha nac./Data naix.: _DATE_	Edad/Edat: 85 años Dirección/Adreça: _LOCATION_		CP: _LOCATION_
Municip. (Prov.): _LOCATION_  ABS:_SS_		Tel.:_CONTACT_ FILL A As.: SERVEI CATALA DE LA SALUT	CIP: _ID_	NASS: _ID_
Nº epis.: _ID_	Tipo/Tipus: HOSPIT.	Ingres.: 08.01.2017 Serv: NEUROLOGIA	UO Enf.: G064 SALA G DE NEUROLOGIA	Hora: 22:43:19
Facult. de ref.: _NAME_
	]]></text>
</Section>
<Section span_begin="430" span_end="455" id="SECCION_TIPO_DE_INGRESO" type="TIPO DE INGRESO">
	<name><![CDATA[Tipo ingreso/Tipus ingrés]]></name>
	<text><![CDATA[
: Urgent	Motivo/Motiu alta: CSS Conval.
Diag.:
()
ICTUS ACMI (434.91)
Proc.:
INFORME CLÍNICO ALTA / INFORME CLÍNIC ALTA
	]]></text>
</Section>
<Section span_begin="580" span_end="618" id="SECCION_MOTIVO_DE_INGRESO" type="MOTIVO DEL INGRESO">
	<name><![CDATA[Motivo de consulta / Motiu de consulta]]></name>
	<text><![CDATA[
Alteración del lenguaje de inicio súbito
	]]></text>
</Section>
<Section span_begin="661" span_end="723" id="SECCION_ANTECEDENTES" type="ANTECEDENTES">
	<name><![CDATA[Antecedentes e historia previa / Antecedents i història prèvia]]></name>
	<text><![CDATA[
Mujer de 85 años de edad, sin alergias ni hábitos tóxicos, independiente para las ABVD, vive sola con cierta ayuda en casa (le supervisan la medicación). mRS 2.
*ANTECEDENTES PATOLÓGICOS:
1.	HIPERTENSIÓN ARTERIAL en tto farmacológico.
2.	DIABETES MELLITUS TIPO 2 en tratamien to con ADOS.
3.	ESTENOSIS AÓRTICA SEVERA, PORTADORA TAVI. Diagnosticada en octubre 2016 a raíz de insuficiencia cardiaca. Se evidenció estenosis aórtica severa con FEVI 25% y Se realiza coronariografía, en la que no se objetivan estenosis coronarias significativas. Se objetiva calcificación severa de válvula aórtica. Se desestimó para sustitución valvular quirúrgica.Implantación de TAVI en Octubre, FEVI posterior 35%.
4.	POSIBLE TIMOMA: En angioTC de estudio preoperatorio-valoración EAo se dx Lesión nodular de 17 x 15 mm en mediastino anterior de densidad partes blandas, sugestivo de timoma.
5.	ARTROSIS en tratamiento analgésico.
6.	TVP en 2012 en tratamiento con sintrom desde entonces.
7- AIT en agosto de 2106 como afasia de 30min de duración donde se le realiza TC craneal que descarta lesiones agudas  y ecoTSA  que muestra ateromatosis en  bifurcación carotídea bilateral sin  condicionar estenosis significativas.
	]]></text>
</Section>
<Section span_begin="1929" span_end="1954" id="SECCION_ANTECEDENTES_QUIRURGICOS" type="ANTECEDENTES">
	<name><![CDATA[*ANTECEDENTES QUIRÚRGICOS]]></name>
	<text><![CDATA[
: 1.Cirugía medular por Schwanoma en 2004
	]]></text>
</Section>
<Section span_begin="1997" span_end="2018" id="SECCION_TRATAMIENTO_HABITUAL" type="INFORMACIÓN SOBRE TRATAMIENTO">
	<name><![CDATA[*TRATAMIENTO HABITUAL]]></name>
	<text><![CDATA[
: - Pravastatina 40 mg. Cada 24 horas. - Paracetamol 650 mg Cada 8 horas. Si precisa por dolores. - Metformina 850 mg. Cada 24 horas. - Tardyferon (80 mg fe2+/comp) 160 MG. Cada mañana en ayunas. - Bisoprolol 2.5 mg comprimidos. Una vez al día. - Enalapril 5 mg comprimidos. Desayuno y cena. - Omeprazol 20 mg cápsulas. Cada 24h. - Furosemida 40 mg comprimidos. En el desayuno. - Venlafaxina retard 75 mg capsulas. Cada 24 horas. - Sintrom según pauta
	]]></text>
</Section>
<Section span_begin="2471" span_end="2501" id="SECCION_PROCESO_ACTUAL" type="INFORMACIÓN SOBRE LA HISTORIA ACTUAL">
	<name><![CDATA[Proceso actual / Procés actual]]></name>
	<text><![CDATA[
Acude por presentar el día 08/01 a las 20:20H dificultad para la emisión del lenguaje, por lo que avisan al SEM quien la deriva como código ictus.
	]]></text>
</Section>
<Section span_begin="2653" span_end="2691" id="SECCION_EXPLORACION_FISICA" type="INFORMACIÓN SOBRE LA EXPLORACIÓN FÍSICA">
	<name><![CDATA[Exploración física / Exploració física]]></name>
	<text><![CDATA[
Frecuencia respiratoria (rpm)  21, Glicemia  capilar (mg/dl)  124, PAS  (mm  Hg) 132, PAD  (mm  Hg) 49, Pulsioximetría (%) 96. Tª axilar (ºC) 36.3.
NRL: Consciente, orientada en las 3 esferas. Lenguaje hipofluente con algún rasgo afásico (realiza parafasias en la nominación y repetición, así com espontáneamente, sigue órdenes correctamente). Mirada centrada sin limitaciones para la excursión visuales. Hemianopsia homónima derecha. Fuerza y sensibilidad sin alteraciones. No dismetrías. NIHSS 3.
Laboratorio / Laboratori
**ANALÍTICA SANGUINEA INGRESO: BIOQUÍMICA GENERAL
Proteïna C reactiva (PCR) 1.52/A mg/dL Glucosa 150/A mg/dL Creatinina 0.39 mg/dL Filtrat glomerular calculat [CKD-EPI] >90 ml/min/ Acid úric 3.5 mg/dL Colesterol total 141 mg/dL Valor desitjable <200 mg/dL Triglicèrids 52 mg/dL Aspartat aminotransferasa (ASAT) 16 U/L Alanin aminotransferasa (ALAT) 9 U/L Gamma glutamil transpeptidasa (GGT) 15 U/L Bilirrubina total 0.6 mg/dL Bilirrubina directa 0.3 mg/dL Bilirrubina indirecta 0.3 mg/dL Fosfatasa alcalina 69 U/L Lactat deshidrogenasa (LDH) 565/A U/L Creatín quinasa (CK) 69 U/L Proteïnes totals 56/B g/L Sodi 138 mEq/L Potasi 4.2 mEq/L Calci 8.3/B mg/dL LÍPIDS Colesterol LDL 88 mg/dL Colesterol HDL 43 mg/dL
HEMATIMETRIA Recompte de leucòcits 6.32 10^9/L Recompte d´hematies 3.85/B 10^12/L Concentració d´hemoglobina 103/B g/L Hematòcrit 0.330/B L/L VCM (Vol. corpusc. mitjana eritròcits) 86.8 fl HCM (Hb corpusc. mitjana) 26.8 pg Recompte plaquetes 229 10^9/L VSG (Vel. sedimentació globular) 91/AA mm/h
ESTUDIS D'HEMOGLOBINES Hemoglobina glicada (NGPS/DCCT) 8.4/A% Hemoglobina glicada (IFCC) 68.31/A mmol/mo HEMOSTÀSIA GENERAL Temps de protrombina (%) 27.0/BB% INR 2.65
Radiología / Radiologia
**RADIOGRAFÍA DE TÓRAX: Placa rotada y poco inspirada. Sin evidencia de condensaciones agudas. Aumento iliar y cardiomegalia no valorables por mala técnica.
**TAC CRANEAL:
Sin signos de lesión isquémica ni hemorrágica aguda. Disminución global del volumen cerebral y cerebeloso en relación con cambios involutivos secundarios a la edad de la paciente. Hipodensidad de la sustancia blanca periventricular, insular y en ambos centros semiovales, en probable relación con microangiopatía crónica. Imagen lacunar capsulo- ganglionar izquierda, probablemente isquémica crónica, ya presente en TC previo del 08/01/2016.
** RM CEREBRAL/angio-RM:
No se objetivan claras lesiones isquémicas agudas. Lesión isquémica crónica en el hemsiferio cerebeloso derecho. Signos de afectación vascular de pequeño vaso con lesiones lacunares crónicas en los ganglios basales ,y áreas de desmielinizcaión en la protuberancia y sustancia blanca cerebral.
* angioRM: El estudio de Angio-RM intracraneal se encuentra algo artefactado por movimientos de la paciente.Irregularidades en el calibre de ambas arterias  caróticas internas y segmentos M1 y M2, sin presencia de estenosis ni oclusión arterial.
	]]></text>
</Section>
<Section span_begin="5599" span_end="5659" id="SECCION_EXPLORACIONES_COMPLEMENTARIAS" type="INFORMACIÓN SOBRE PRUEBAS COMPLEMENTARIAS">
	<name><![CDATA[Exploraciones complementarias / Exploracions complementàries]]></name>
	<text><![CDATA[
** ECOCARDIOGRAMA TRANSESOFÁGICO:
- Ventrículo izquierdo no dilatado. Motilidad global moderadamente disminuida por hipocinesia difusa. -
TAVI Edward Sapiens nº 23 en posición aórtica con adecuada apertura de velos, ligera insuficiencia periprotésica por un jet en relación al velo anterior mitral. (ya presnete des del postimplante) - Válvula mitral con cambios degenerativos leves, engrosamiento y calcificación de velos, insuficiencia ligera. - Orejuela izquierda de tamaño normal, normocontráctil, sin trombos en su interior. - Ventrículo derecho no dilatado, motilidad global ligeramente disminuida. Insuficiencia tricuspídea ligera. - Ligero derrame pericárdico anterior. - Aorta torácica descendente explorada hasta 30 cm de la arcada dentaria. Se observa a nivel del arco aórtico placas ateromatosas 2-3mm no complicadas.
	]]></text>
</Section>
<Section span_begin="6495" span_end="6515" id="SECCION_EVOLUCION" type="INFORMACIÓN SOBRE EVOLUCIÓN">
	<name><![CDATA[Evolución / Evolució]]></name>
	<text><![CDATA[
1.	ICTUS EN EL TERRITORIO DE LA ARTERIA CEREBRAL MEDIA IZQUIERDA.
Paciente que presenta un cuadro de alteración del lenguaje. En la exploración neurológica destacan lenguaje hipofluente con rasgos afásicos y hemianopsia homónima derecha. Analítica con INR de 2, colesterol 141 mg/dl y HbA1c 8,4%. La neuroimagen (TC craneal y RMN) no muestra signos de sangrado ni de isquemia aguda. Lesión crónica en hemisferio cerebeloso izquierdo. Estudio vascular (Angio-RMN) muestra ateroesclerosis carotidea bilateral  sin estenosis. Ecocardiograma muestra TAVI aórtica con ligera insuficiencia periprotésica conocida sin dilatación auricular ni trombos intracavitarios. Monitorización en la unidad de ictus (>72h) no muestra alteraciones del ritmo cardiaco.
Se orienta como ictus isquémico en territorio de arteria cerebral media izquierda de poca entidad, a pesar de que la RMN no ha mostrado lesiones agudas. Inicialmente se inició anticoagulación con heparina sódica, que tras comentarlo con servicio de cardiología, no existen criterios para mantener anticoagulación por la TAVI por lo que se inicia antiagregación con AAS.
La paciente  presenta mejoría progresiva desde el punto de vista neurológico hasta recuperación del lenguaje (NIH:0). Se inicia sedestación y deambulación acompañada. Durante el ingreso la paciente presenta un cuadro confusional requiriendo medicación neuroléptica con quetiapina, con mejoría y resolución del cuadro. Dada la estabilidad se decide traslado a _SS_ para convalescencia.
Al alta:
NIHSS: 0 Toast: Indeterminado (estudio completo)   mRS:2
2.	INFECCIÓN DE ORINA
La paciente presenta disuria, se cursa sedimento de orina que muestra 500 leucocitos/campo con aislamiento de E.Coli en el urinocultivo. Se inicia tratamiento antibiotico con fosfomicina con resolución del cuadro.
Plan terapéutico / Pla terapèutic
Potasion 600 mg (8 meq k). Vía oral. Cada 24 horas. Enalapril. 5 MG. Vía oral. D os veces al día: desayuno y cena. Paracetamol ratio 650 mg. Vía or al. Cada 8 horas.
Tardyferon. 160 MG. Vía oral. Ca da 24 horas.
Bisoprolol. 1,25 MG. Vía oral. Una vez al día, en el desayuno. Trazodona sandoz 50 mg . Vía oral. Una vez al día, en la cena. Dislaven retard 75 mg. Vía oral. Una vez al día, en la cena.
Omeprazol 20 mg. Vía oral. Una vez al día, en el desayuno. Liplat 40 mg. Vía oral. Cada 24 horas.
Metformina. 850 MG. Vía oral. Cada 12 horas.
Furosemida 40 MG. Vía oral. Una vez al día, en el desayuno.
Acido acetilsalicilico 100 MG. Vía oral. Una vez al día, en el desayuno.
	]]></text>
</Section>
<Section span_begin="9033" span_end="9054" id="SECCION_RECOMENDACIONES" type="INFORMACIÓN SOBRE TRATAMIENTO">
	<name><![CDATA[Otras recomendaciones]]></name>
	<text><![CDATA[
 / Altres recomanacions
Continuar rehabilitación en _SS_.
Control por medico de cabera y neurólogo de zona.
Control por médico de cabecera de VSG en las próximas semanas.
Firma/Signatura1: _NAME_	Firma/Signatura2: _NAME_ Categoría: Resident 2	Categoría: Especialista
Nº Matrícula HCP: _ID_	Nº Matrícula HCP: _ID_ Fecha/Data: 16.01.2017
Hora: 15:39:28
Docum.: _ID_
Hist. Clínica: _ID_
El _SS_ ha incorporado sus datos al Fichero de Pacientes, para tratarlos con fines sanitarios.
Puede ejercer sus derechos de acceso, rectificación, cancelación y oposición, así como obtener mas información en la Unidad de Atención al Cliente.
Vers. 00
Pag. 2 de
4
	]]></text>
</Section>
<Section span_begin="9709" span_end="9715" id="SECCION_PROCESO_ACTUAL" type="INFORMACIÓN SOBRE LA HISTORIA ACTUAL">
	<name><![CDATA[Episod]]></name>
	<text><![CDATA[
.: _ID_
_SS_ ha incorporat les seves dades al Fitxer de Pacients, per a tractar-los amb finalitats sanitàries. Pot exercir els seus drets d'accés, rectificació, cancel·lació i oposició, i obtenir més informació a la Unitat d'Atenció al Client.
_SS_
_LOCATION_) _LOCATION_) Tel. _CONTACT_ Fax _CONTACT_
http://_CONTACT_/	]]></text>
</Section>
</ehr>