<?xml version='1.0' encoding='UTF-8'?>
<ehr id="325116195.utf8.txt">
<Section id="DEFAULT_HEADER" type="DEFAULT_HEADER" >
	<name>DEFAULT_HEADER</name>
	<text><![CDATA[
Pàgina 1/2INFORME D'ASSISTÈNCIA/ALTA
Núm. HC	CIP o pòlissa	Data ingrés
_ID_	_ID_	12/01/2017 11:25
Nom i cognoms	Data alta
17/01/2017
Edat	
Sexe
_NAME_	78	Home
Adreça	Telèfon	
_LOCATION_	_CONTACT_	
Metge/essa responsable	Servei	Habitació	
_NAME_	Medicina Interna	_ID_	
Destinació a l'alta
Domicili
Home de 78 anys que consulta a Urgències per transtorn de la parla.
	]]></text>
</Section>
<Section span_begin="372" span_end="383" id="SECCION_ANTECEDENTES" type="ANTECEDENTES">
	<name><![CDATA[ANTECEDENTS]]></name>
	<text><![CDATA[
:
No al·lèrgies medicamentoses conegudes. No tabaquisme. Consum d'OH lleu.
Viu amb la seva dona. Tenen 4 fills. Havia treballat com a conductor de camions.
-	HTA i dislipèmia en tractament.
-	Hipotiroïdisme en tractament substitutiu.
-	No cardiopatia coneguda, però es troba pendent de primera visita a Cardiologia per estudi de dispnea d'esforç de recent aparició. ECG realitzat pel MAP el 12/2016 es descriu en ritme sinusal.
-	IQ abdominal (ressecció intestinal o colònica?) per poliposi, amb complicació precoç que va requerir reIQ urgent en les primeres 24h i ingrés a la UCI de _SS_. Segons la familia no patologia maligna. Seguiment de poliposi intenstinal en aquell mateix centre, on li realitzen colonoscòpia anual, i on li han realitzat vàries polipectomies.
-	IQ cataractes a _SS_.
-	IQ hèrnia engonal.
	]]></text>
</Section>
<Section span_begin="1198" span_end="1217" id="SECCION_TRATAMIENTO_HABITUAL" type="INFORMACIÓN SOBRE TRATAMIENTO">
	<name><![CDATA[Tractament habitual]]></name>
	<text><![CDATA[
: Eutirox 25. Enalapril 20. Simvastatina 20.
	]]></text>
</Section>
<Section span_begin="1263" span_end="1279" id="SECCION_PROCESO_ACTUAL" type="INFORMACIÓN SOBRE LA HISTORIA ACTUAL">
	<name><![CDATA[MALALATIA ACTUAL]]></name>
	<text><![CDATA[
:
El dia 12/1 al despertar nota desviació de la comissura bucal i disàrtria, sense altres símptomes sobreafegits.
	]]></text>
</Section>
<Section span_begin="1394" span_end="1411" id="SECCION_EXPLORACION_FISICA" type="INFORMACIÓN SOBRE LA EXPLORACIÓN FÍSICA">
	<name><![CDATA[EXPLORACIÓ FÍSICA]]></name>
	<text><![CDATA[
:
Urgències: TA (mmHg) : 188/72. FC (pul/min) : 68. Sat O2 (%) : 94. Vigil Orientat. Normohidratat i normoacolorit. Eupneic.
Cor: Arítmic no bufs. Pulmonar: mv conservat no sorolls anormals. Abdomen: Anodí.
NRL: asimetria facial i disàrtria lleu. Nomina bé. Força conservada i simètrica a les 4 extremitats. Coordinació normal. Marxa normal.
Planta: 160/70, 60x', 96%, afebril.
Conscient i orientat, normohidratat i normoacolorit.   CV tons cardíacs arítmics, sense bufs. No signes d'ICC. AR MVC.
ABD Tou i deprimible.
NRL: MOEs correctes, mínima parèsia facial D, molt mínima disàrtria, no altres dèficitis motors ni sensitius, marxa normal.
	]]></text>
</Section>
<Section span_begin="2056" span_end="2084" id="SECCION_EXPLORACIONES_COMPLEMENTARIAS" type="INFORMACIÓN SOBRE PRUEBAS COMPLEMENTARIAS">
	<name><![CDATA[EXPLORACIONS COMPLEMENTÀRIES]]></name>
	<text><![CDATA[
:
Analítica Urgències: Hb 15,3. 5950 L 68S. Coagulació normal. Glicèmia 6. Creatinina, ionograma normals.
ECG: ACxFA amb FV controlada.
Rx de tòrax: Discreta cardiomegàlia. No condensacions.
TAC cranial sense lesions agudes.
Analítica d'ingrés: VSG:1, leucòcits: 4.990, hb: 15, plaquetes: 177.000, temps de protrombina 100%,
glucosa: 90, triglicèrids: 143, colesterol: 212, urat: 6, creatinina: 0.8, urea: 36, Na: 143, K: 4.1, calci i biologia hepàtica sense alteracions, proteïna: 6.2, albúmina: 3.5, TSH: 14, T3 i T4 normals, proteïnograma i LDH dins la normalitat.
Doppler de TSA i IC: sense lesions.
TC cranial de control: s'observa una imatge hipodensa arrodonida a corona radiata-braç anterior de la càpsula interna esquerra, que no s'evidenciava en l'estudi previ. Moderada dilatació del sistema ventricular en relació a canvis involutius. Cisternes basals i perimesencefàliques lliures.
	]]></text>
</Section>
<Section span_begin="2981" span_end="2989" id="SECCION_EVOLUCION" type="INFORMACIÓN SOBRE EVOLUCIÓN">
	<name><![CDATA[EVOLUCIÓ]]></name>
	<text><![CDATA[
:
Pacient que ingressa per ictus minor, i en el que es detecta FA no coneguda prèviament. El TC inicial no mostra lesions, ni tampoc es detecten lesions en l'estui doppler dels troncs. Passades 24h de l'episodi s'inicia anticogulació amb Acenocumarol. Ha presentat milloria clínica progressiva sense arribar a quedar asimptomàtic, resta mínima parèsia facial D.
El TC de control descriu un infart lacunar a la zona de la corona radiata E. Alta al domicili, control pel MAP i seguiment a CEXt Neurologia.
	]]></text>
</Section>
<Section span_begin="3494" span_end="3505" id="SECCION_DIAGNOSTICO_PRINCIPAL" type="DIAGNÓSTICO">
	<name><![CDATA[DIAGNÒSTICS]]></name>
	<text><![CDATA[
:
1.- Infart lacunar a corona radiata - càpsula interna esquerra. 2.- ACxFA.
3.- HTA i dislipidèmia.
	]]></text>
</Section>
<Section span_begin="3607" span_end="3617" id="SECCION_TRATAMIENTO_HABITUAL" type="INFORMACIÓN SOBRE TRATAMIENTO">
	<name><![CDATA[TRACTAMENT]]></name>
	<text><![CDATA[
:
Sintrom segons pauta. Tractament habitual sense canvis.
Atentament,
Metge/essa: _NAME_ Núm. col·legiat/da: _ID_
Signatura
D'acord amb la Llei Orgànica de Protecció de Dades, les vostres dades personals seran incorporades a un fitxer informatitzat, el titular del qual és el _SS_ i que té com a finalitat exclusiva disposar de les dades personals dels pacients per a usos medicosanitaris. El ciutadà té dret a exercitar l'accés, la rectificació, l'oposició i la cancel·lació d'aquestes dades personals.	]]></text>
</Section>
</ehr>