<?xml version='1.0' encoding='UTF-8'?>
<ehr id="325119154.utf8.txt">
<Section id="DEFAULT_HEADER" type="DEFAULT_HEADER" >
	<name>DEFAULT_HEADER</name>
	<text><![CDATA[
_LOCATION_ Tel. _CONTACT_
_CONTACT_
Informe Alta Hospitalització
_NAME_
HC: _ID_
>
Adreça: _LOCATION_	Data naix.: _DATE_ Població: _LOCATION_	Sexe: MASCULI
Provincia: _LOCATION_	CIP: _ID_
País: _LOCATION_	NASS: _ID_
Telèfon: _CONTACT_	DNI o Tarja Residència: _ID_
Servei: Neurologia	Data ingrés a URG: 11/01/2017 23:09
Unitat clínica: Neurologia	Data hospitalització: 12/01/2017 00:04
	]]></text>
</Section>
<Section span_begin="390" span_end="404" id="SECCION_TIPO_DE_INGRESO" type="TIPO DE INGRESO">
	<name><![CDATA[Tipus d'ingrés]]></name>
	<text><![CDATA[
: Urgències	Data alta: 19/01/2017 08:38
Proveïdor de Serveis: Servei Català de la Salut	Destí: 01 - Alta Domicili
	]]></text>
</Section>
<Section span_begin="521" span_end="541" id="SECCION_DIAGNOSTICO_PRINCIPAL" type="DIAGNÓSTICO">
	<name><![CDATA[Diagnòstic principal]]></name>
	<text><![CDATA[
:
431 HEMATOMA CEREBRAL HIPERTENISU
	]]></text>
</Section>
<Section span_begin="579" span_end="601" id="SECCION_DIAGNOSTICOS_SECUNDARIOS" type="OTROS DIAGNÓSTICOS">
	<name><![CDATA[Diagnòstics Secundaris]]></name>
	<text><![CDATA[
:
401.9 HTA
Pacient de 56 anys d'edat que ingressa per Hematoma cerebral
	]]></text>
</Section>
<Section span_begin="681" span_end="692" id="SECCION_ANTECEDENTES" type="ANTECEDENTES">
	<name><![CDATA[Antecedents]]></name>
	<text><![CDATA[
:
Malalties prèvies:
APNEA DEL SON ORGANICA NO ESPECIFICADA (en tratamiento con CPAP)
HIPERTENSIÓ ARTERIAL (Diagnosticada hace unos tres aos a raiz de un ingreso por diverticulitis. Nunca estudio ni tratamiento de la misma)
DIVERTICULITIS COLON AMB DIVERTICULOSI (Fue ingresado, en ese contexto se diagnóstico d epolipo colon maligmo.)
POLIPOSI COLICA (Diagnosticado hace tres años (hiistorial en la privada), con AP maligna se han ido haciendo sucesivos controles y de momento todos correctos..
Al·lèrgies:
El pacient no presenta al·lèrgies conegudes.
Hàbits tòxics:
No hábito tabáquico (ex de hace 7 años. 2 paq día). Consumidor de alcohol (vino y cava comidas.).
	]]></text>
</Section>
<Section span_begin="1365" span_end="1383" id="SECCION_SITUACION_FUNCIONAL" type="ANTECEDENTES">
	<name><![CDATA[Situació funcional]]></name>
	<text><![CDATA[
:
Situació mental: FFSS conservadas
Situació física: Autónomo
Antecedents socials i professionals:
Situació social: Autónomo, trabaja en una licorería.
	]]></text>
</Section>
<Section span_begin="1541" span_end="1556" id="SECCION_PROCESO_ACTUAL" type="INFORMACIÓN SOBRE LA HISTORIA ACTUAL">
	<name><![CDATA[Història Actual]]></name>
	<text><![CDATA[
:
Home de 56 anys sense al·lèrgies medicamentoses conegudes. Ex-fumador de 2pq/dia (7 anys absent de tabaquisme). Enol 2 copes de vi al dia. Refereix HTA coneguda des de l'abril del 2015 sense controls ni tractament posterior. No DM ni DLP. SAHS en tractament amb CPAP. IQ d'exèresi de pòlips colònics al juny del 2015 a la Clínica del Vallès amb anatomia patològica maligna d'un d'ells, amb controls posteriors (lliure de malaltia).
Treballa d'autònom en una botiga. Casat. Té 2 fills.
És portat a urgències el dia 11/01/17 per episodi sobtat iniciat a les 22h estant a domicili de pèrdua de for ça en hemicòs esquerre d'1hora d'evolució. A la seva arribada a urgències NIHSS: 9, pel que s'activa codi ictus. Es realitza TC de crani que mostra hematomes intraparenquimatosos en braç posterior de la cà  psula interna D i al nucli lenticular D, sense efecte massa. Ingressa a semicrítics on es manté hemodinà micament estable amb milloria progressiva de la focalitat neurològica. No es realitza TC de control per estabilitat clínica i petit tamany dels hematomes i es trasllada a planta de Neurologia per completar estudi.
	]]></text>
</Section>
<Section span_begin="2682" span_end="2699" id="SECCION_EXPLORACION_FISICA" type="INFORMACIÓN SOBRE LA EXPLORACIÓN FÍSICA">
	<name><![CDATA[Exploració física]]></name>
	<text><![CDATA[
:
A urgències:
TA 180/70, FC 65x',
AR: MVC sin ruidos sorbeañadidos AC: TCR sin soplos
ABD indoloro
NRL C y O, no alteracion de PPCC, no disartria, ni afasia, no extincion. Paresia 1/5 B-C izquierda. Alteración de la sensibilidad fascio braqui crural.
A planta: EF actual
TA: 126/79, FC: 61X', Tª: 35.4ºC
AC: TCR sense bufs ni frecs. Polsos perifèrics presents i simètrics. No edemes EEII. AR: MVC sense sorolls sobreafegits. Eupneic.
AB: tou i depressible no dolorós.
NRL: conscient i orientat en t-e-p. No alteracions del llenguatge. Campimetria sense dèficits i no oftalmoparèsies. PICNR. No PSFN. Resta PPCC conservats. Hemiparèsia ESE 4/5 i EIE 4-/5. Hemihipoestèsia braqui-crural E mínima. RCP E indiferent i dret flexor. No dismetria dit-nas. No Miller-Fisher. Marxa cautelosa amb crossa.
Resum proves complementàries:
Laboratori:
- Analítica: Leucòcits 5.75 x 10^9/L, Hematies 4.99 x 10^12/L, Hemoglobina 150 g/L, Hematòcrit 0.45 L/L, VCM 89.4 fL, HCM 30.1 pg, Conc. Hb. corpuscular mitja 336 g/L, Índex dispersió hematies 12.4 %, Plaquetes 190 x 10^9/L, Volum plaquetar mig 11.1 fL, Índex dispersió de plaquetes 13.3 fL, Plaquetòcrit
0.021 L/L, Neutròfils (%) 64.8 %, Neutròfils 3.72 x 10^9/L, Limfòcits (%) 22.4 %, Limfòcits 1.29 x 10^9/L, Eosinòfils (%) 2.6 %, Eosinòfils 0.15 x 10^9/L, Basòfils (%) 0.3 %, Basòfils 0.02 x 10^9/L, Monòcits (%)
9.9 %, Monòcits 0.57 x 10^9/L, VSG*14 mm 1ª h., TP 1.03 ratio, T.TPa 0.99 ratio, Fibrinògen 3.07 g/L, pH
7.34 pH, Pressió parcial CO2 *56.7 mm Hg, Bicarbonat actual *29.5 mmol/L, CO2 total *31.2 mmol/L, Exces de base 2 mmol/L, Glucosa 93 mg/dL, Urea 26 mg/dL, Creatinina 0.85 mg/dL, Sodi 140 mEq/L, Potassi 4.3 mEq/L, Calci 9.1 mg/dL, Fosfor 3.7 mg/dL, AST 33 U/L, ALT *61 U/L, FA 58 U/L, GGT *70
U/L, Bilirubina total 0.4 mg/dL, Bilirubina conjugada 0.2 mg/dL, Creatinquinasa (CK) 64 U/L, Albúmina sé rica 43.4 g/L, Colesterol total 188 mg/dL, Triglicèrids 152 mg/dL, Colesterol-HDL 36.9 mg/dL,
Colesterol-LDL 121
Imatge:
-	RX torax: IC<0,5, sins costofrènics lliures, no s'observen imatges suggestives de condensació en parè nquima pulmonar.
-	TC crani: Pequeños hematomas intraparenquimatosos en brazo posterior de la cápsula interna derecha (0.5cc volumen) y núcleo lenticular derecho (0.1cc volumen) sin efecto de masa.
-	RM crani: Lesions hemorràgiques focals adjacents a gangli-capsular i central semioval dretes, sense efecte de massa significatiu i sense causa subjacent en el moment actual.
Altres proves:
-ECG: RS a 60x', no alteracions en la repolarització.
Evolució i comentaris:
Home de 56 anys que ingresa per hemiparèsia esquerra. A la seva arribada a urgències NIHSS: 9, pel que s'activa codi ictus. Es realitza TC de crani que mostra hematomes intraparenquimatosos en braç posterior de la càpsula interna D i al nucli lenticular D, sense efecte massa de probable etiologia hipertensiva. Ingressa a semicrítics on es manté hemodinàmicament estable amb milloria progressiva de la focalitat neurològica. RMN informa de lesions hemorràgiques focals adjacents a gangli-capsular i central semioval dretes, sense efecte de massa significatiu. Respecte a la tensió destaca alguna determinació per damunt de 140 pel que iniciem dosis baixes d'hipotensor.
A planta ha iniciat rehabilitació amb bona tolerància i millora neurològica restant a l'alta leu parèsia crural esquerra (4+/5)
NIH 1 Rankin 2
	]]></text>
</Section>
<Section span_begin="6077" span_end="6087" id="SECCION_TRATAMIENTO_HABITUAL" type="INFORMACIÓN SOBRE TRATAMIENTO">
	<name><![CDATA[Tractament]]></name>
	<text><![CDATA[
:
Fàrmacs:
Open vas 20 mg 1 comp al dia Recomenam rehabilitació a centre proper
Altres recomanacions:
Control per mete de capçalera Dieta baixa en sal i greixos Exercici físic moderat Abstinència de tabac i alcohol Control per metge capçalera
_LOCATION_, 19/01/2017
_NAME_ (Nº col _ID_
Nom i cognoms metge: _NAME_ (Nº col: _ID_Pàg.: 1/4	]]></text>
</Section>
</ehr>