<?xml version='1.0' encoding='UTF-8'?>
<ehr id="325527217.utf8.txt">
<Section id="DEFAULT_HEADER" type="DEFAULT_HEADER" >
	<name>DEFAULT_HEADER</name>
	<text><![CDATA[
INFORME ALTA HOSPITALARIA
_NAME_
Núm. Episodi: _ID_ Núm. HC: _ID_
_SS_ _LOCATION_
_LOCATION_
Tel. _CONTACT_: _LOCATION_	C.A.P.: _SS_
Població: _LOCATION_	Sexe: HOME  Data naixement: _DATE_  Edat: 84a
Telèfon: _CONTACT_  C.P.: _LOCATION_	T.I.S.: _ID_  DNI/NIF: _ID_
Procedència:	Data Ingrés Hospital: 09/01/2017
Servei assistencial: UCI HOSP	Data Ingrés Servei: 09/01/2017
Metge Responsable: _NAME_	Data Alta: 20/01/2017
Paciente de 84 años que inicia el día 08/01/2017  con clínica de hemiplejia izquierda al despertarse (9:00am).
	]]></text>
</Section>
<Section span_begin="535" span_end="558" id="SECCION_ANTECEDENTES_PERSONALES" type="ANTECEDENTES">
	<name><![CDATA[ANTECEDENTES PERSONALES]]></name>
	<text><![CDATA[
:
-	ALERGIA A LA PENICILINA.
-	Ex-fumador desde el año 1992 (menos de 1 paquete diario).
-	Hipertensión arterial en tractamiento médico.
-	Dislipemia en tratamiento médico
-	Enfermedad de Paget diagnosticada el 2008. No disponemos de informes.
-	Ulcus duodenal desde hace años, tratado con medidas dieteticas, acutlamente asintomático.
-	Adenocarcinoma de prostata tratado con radioterapia (2007). Sigue controles con Dr. _NAME_. Posteriormente a la radioterapia probable enteritis radica detecteda mediante colonoscopia con fulguración de las lesiones, segun refiere el paciente.
-	Sd. prostatico en tratamiento farmacologico.
-	Hiperuricemia en tratamiento con alopurinol.
-	Caida accidental laboral desde 5 pisos el 1992 con varias fracturas costales, fractura craneal temporal y fractura de muñeca izquierda (intervenida quirúrgicamente).
Intervenciones quirúrgicas: protesi de cadera izquierda en febrero/2013. Se coloca protesi total de cadera izquierda el 28/02/2013.
	]]></text>
</Section>
<Section span_begin="1535" span_end="1550" id="SECCION_SITUACION_FUNCIONAL" type="ANTECEDENTES">
	<name><![CDATA[Situación basal]]></name>
	<text><![CDATA[
: Independiente para ABVD. Cognitivamente preservado. Continente biesfinteriano.
	]]></text>
</Section>
<Section span_begin="1632" span_end="1651" id="SECCION_TRATAMIENTO_HABITUAL" type="INFORMACIÓN SOBRE TRATAMIENTO">
	<name><![CDATA[Tractament habitual]]></name>
	<text><![CDATA[
: Avidart 0.5mg/24h, Omeprazol 20 mg 1c/24h, cafinitrina si precisa, Atorvastatina 40 mg 1c/24h, tamsulosina 0.4mg/24h, Adiro 100 mg/24h, Calcium-Sandoz 500 mg 1c/24h, Zyloric (alopurinol) 100 mg 1c/24h.
	]]></text>
</Section>
<Section span_begin="1856" span_end="1873" id="SECCION_PROCESO_ACTUAL" type="INFORMACIÓN SOBRE LA HISTORIA ACTUAL">
	<name><![CDATA[ENFERMEDAD ACTUAL]]></name>
	<text><![CDATA[
:
Paciente de 84 años que acude el día 08/01/2017 presentando hemiplejia izquierda al despertarse a las 9:00am pero asintomático a las 3:00am. A su llegada a _SS_ el paciente se encontraba hemodinámicamente estable (PA: 170/80  mmhg, FC: 100 lpm, 94% basal), presentaba hemiplejia izquierda, paralisis facial derercha y disartria (NIHSS 18). Se realiza una TAC craneal no muestra lesiones expansivas o sangrado agudo por lo que se deriva al _SS_ para realizar trombectomía mecánica. Se realiza revascularización 15:17 horas (08/01/2017) sin mejoría clínica posterior. Se realiza TC dual de control que muestra extravasación de contraste en ganglios basales derechos asociado a pequeños focos de transformación hemorrágica en ganglios basales derechos y pequeño foco de HSA temporal derecho. Se decide no iniciar antiagregación dado la transformación hemorrágica. El paciente se mantiene posteriormente hemodinámicamente estable por lo que se decide traslado a HUMT. Se cursa ingreso en Neurología.
	]]></text>
</Section>
<Section span_begin="2873" span_end="2891" id="SECCION_EXPLORACION_FISICA" type="INFORMACIÓN SOBRE LA EXPLORACIÓN FÍSICA">
	<name><![CDATA[EXPLORACIÓN FÍSICA]]></name>
	<text><![CDATA[
:
Paciente consciente, orientado en persona, desorientado en tiempo y espacio, normocoloreado, normohidratado TA: 99/55mmHg; FC: 70lpm; Temperatura: 36º
AR: MVC, roncus bilaterales
AC: TCR, no ausculto soplos, sin edemas en EEII, sin signos de sobrecarga derecha
ABD: Blando, peristaltismo conservado, no palpo masas ni megalias, no doloroso a la palpación
NRL: Tendencia a la somnoliencia, desviación oculocefálica derecha, hemianopsia izquierda, parálisis facial izquierda, hemiplejia izquierda (5/5), hipoestesia izquierda, babinski izquierdo, disfagia, disartria, anosognosia.
	]]></text>
</Section>
<Section span_begin="3474" span_end="3503" id="SECCION_EXPLORACIONES_COMPLEMENTARIAS" type="INFORMACIÓN SOBRE PRUEBAS COMPLEMENTARIAS">
	<name><![CDATA[EXPLORACIONES COMPLEMENTÀRIAS]]></name>
	<text><![CDATA[
:
Eco-döppler de troncs supra-aòrtics: ARTÈRIES VERTEBRALS: Flux de direcció cranial amb pics de velocitat sistólica asimètrics, 40 vs 71 cm/s. EIXOS CAROTIDIS: DRET: Engruiximent de l'íntima arterial plaques difuses amb calcificacions, elongació CPD, ASCD. IMT 2.07 mm. S'identifica en el bulb carotidi dret, engruiximent de l'íntima arterial i placa calcificada amb ombra posterior a la paret anterior i posterior del bulb carotidi, que condiciona una estenosi de la llum vascular, que no es pot mesurar. Son irregulars. Els registres espectrals no mostren signes d'alteració hemodinàmica d'alt grau amb un pic
sistòlic de velocitat màxima, concordant ( PSV) CID de 114 cm/s i amb un quocient CPD-CID de 2.4. Calcificació CED. Elongació trajecte cervical CID ESQUERRE: Engruiximent de l'íntima arterial plaques difuses amb calcificacions CPE. IMT
1.5 mm. S'identifica en el bulb carotidi esquerre, engruiximent de l'íntima arterial i placa calcificada amb ombra posterior a la paret anterior i posterior del bulb carotidi, que condiciona una estenosi de la llum vascular, que es valora en un 50 %. Els registres espectrals no mostren signes 'alteració hemodinàmica d'alt grau amb un pic sistòlic de velocitat màxima, concordant ( PSV) CIE de 119 cm/s i amb un quocient CPE-CIE de 1.7. Calcificació CEE. Elongació trajecte cervical CIE
Ecocargiograma: Ventrículo izquierdo no dilatado, ligeramente hipertrófico, acinesia segmentos inferior basal y medio, con función ventricular ligeramente deprimida (FE estimada por Simpson 50-55%). Aurícula izquierda ligeramente dilatada. Insuficiencia mitral ligera. Alteración diastólica tipo I. Sin signos indirectos de hipertensión pulmonar.
Analítica: Hemoglobina; 12.5 g/dL Hematòcrit; 36.5 Plaquetes; 107 x10^9/L Leucòcits; 5.10 x10^9/L Urea; 31.55 mg/dL
Creatinini; 0.79 mg/dL sodi; 136.00 mEq/L INR1.0 1 Temps de tromboplastina parcial; 0.72
ECG: RS con extrasistoles supraventriculares y ventriculares a 80 lpm, aQRS -30, tneg aCR, aVL sin ootros defectos de repolarización
Rx de tòrax: Sin condensaciones, sin pinzamiento de los senos costofrénicos. ICT aumentado.
TC multimodal (08/0172017): *BASAL: No se observa imágenes de sangrado agudo intra ni extra-axial. Se observa pérdida de diferenciación/borramiento del ribete insular y surcos temporales (M2) derechos. ASPECT:8. Lesión hipodensa cortico- subcortical frontal izquierda y otra péquena en cabeza de núcleo caudado dereho, sugestivas de lesiones isquémicas crónicas, a correlacionar con antecedentes.
TC perfusión: En hemisferio cerebral derecho se observa extensa área cortico- subcortical con TPP aumentado afectando la totalidad del territorio superficial del ACMD, sin disminución del CBV, con mistmach significativo.
ANGIO-TC extra e intracraneal: Aorta y segmentos proximales de troncos supraaórticos permeables con marcados signos de ateromatosis calcificada, sin estenosis significativas. Origen y segmentos cervicales de las arterias carótidas internas permeables, con importante ateromatosis calcificada a nivel de ambas bifuraciones carotídeas, con estenosis significativa a nivel de ACI derecha posbifurcación ( de aprox 70-80%). También, se observa estenosis de aprox 50% de la luz vascular a nivel de ACI izquierda posbifurcación con placa mixta fibrocalcificada a ese nivel. Oclusión de ACMD a nivel de segmento M1, distal a la salida de temporal anterior,con circulación colateral presente.
Arteriografía: Se confirma la presencia de una oclusión (TIMI grado 0) de cerebral media DERECHA ,distal a la salida de temporal anteriro (M1 distal). Se realiza extracción mecánica con 6 PASES DE sistema TREVO 6 X 25 obteniendo revascularización total del vaso a las 15:17 horas. Se da por concluido el procedimiento sin complicaciones confirmándose en la arteriografía un grado de reperfusión grado 2B TICI
TC dual (08/01/2017): Se observa una zona de hiperdensidad a nivel capsulo-ganglionar e insular derecho, en el interior de la zona infartada, que tras el postprocesado de las imágenes corresponde mayoritariamente a contraste extravasado, a excepción de algunos pequeños focos que corresponden a sangrado agudo (algunos de ellos más confluentes) y que no ejercen efecto de masa aparentemente significativo. Presencia de contraste extravasado en cisterna interpeduncular y lado derecho de cisternas perimesencefálicas. Se observa un borramiento de surcos con discreta pérdida de la diferenciación cortico-subcortical afectando a la mayor parte del hemisferio derecho, en relación a infarto isquémico agudo aunque probablemente parte de esta afectación corresponda a cierto grado de tumefacción cerebral.
Angio RM craneal: El examen muestra un correcto contraste entre la sustancia blanca y la sustancia gris. Infarto silviano derecho con marcada restricción en la difusión en relación a infarto agudo con transformación hemorrágica en los núcleos de la base. Otro foco de isquemia aguda cortical frontal parasagital derecho y occipital también derecho así como en hemiprotuberancia izquierda y hemisferio cerebeloso bilateral. Hipertrofia de ramas de la externa de carácter compensador con cavernomatosis de la cerebral media derecha. El sistema ventricular está correctamente centrado en la línea media, sin distorsiones con el acueducto permeable y el IV ventrículo centrado. Se descarta patología malformativa de la charnela o bien proceso expansivo intracraneal. El examen ARM muestra una correcta permeabilidad de tronco braquiocefálico y arterias subclavias. Arteria vertebral derecha es permeable. Obstrucción de la arteria vertebral izquierda. Tronco basilar permeable y centrado. Permeabilidad con elongación de las carótidas primitivas. En la bifurcación carotídea derecha, se observa estenosis del 50%. Estenosis en el origen de la carótida externa derecha. Permeabilidad del trayecto cervical de la carótida interna derecha.En la bifurcación izquierda , se observa pérdida la morfología bulbar valorable de 50%. Elongación del trayecto cervical de la carótida interna izquierda. Correcta permeabilidad del trayecto cervical de la carótida interna izquierda así como de los segmentos intracraneales de carótidas internas. Obstrucción de la ACM derecha. Hipoplasia P1 bilateral irrigandose las cerebrales posteriores a expensas de comunicantes posteriores desarrolladas. La cerebral media izquierda y las cerebrales anteriores son normales.
	]]></text>
</Section>
<Section span_begin="9889" span_end="9898" id="SECCION_EVOLUCION" type="INFORMACIÓN SOBRE EVOLUCIÓN">
	<name><![CDATA[EVOLUCIÓN]]></name>
	<text><![CDATA[
:
ICTUS isquémico ACM derecha de origen cardioembólico con posterior transformación hemorrágica en núcleos de la base. Durante su estancia en planta el paciente se mantiene hemodinámicamente y clínicamente estable. Se completa estudio con Angio RM presentando infarto silviano derecho con marcada restricción en la difusión en relación a infarto agudo con transformación hemorrágica en los núcleos de la base e isquemia aguda cortical frontal parasagital derecho y occipital derecho así como en hemiprotuberancia izquierda y hemisferio cerebeloso bilateral. La ECOTSA  muestra estenosis ACD no mesurable y ACI del 50%. Se realiza ecocardiograma que muestra acinesia segmentos inferior basal y medio, con función ventricular 50%. A la exploración física al alta presenta hemianopsia izquierda, mínima parálisis facial izquierda, hemiparesia izquierda (EESS izquierda 4/5; EEII izquierda 4/5), hipoestesia izquierda,  babinski  izquierdo, disfagia, disartria y anosognosia. Se deriva al _SS_ para completar rehabilitación.
Acudir a la CCEE Dr _NAME_ en un mes el día y hora indicado.
	]]></text>
</Section>
<Section span_begin="10982" span_end="10994" id="SECCION_DIAGNOSTICO_PRINCIPAL" type="DIAGNÓSTICO">
	<name><![CDATA[DIAGNOSTICOS]]></name>
	<text><![CDATA[
ICTUS ISQUÉMICO ACM DERECHA CARDIOEMBÓLICO CON TRANSFORMACIÓN HEMORRÁGICA EN NÚCLEOS DE LA BASE.
HIPERTENSIÓN ARTERIAL DISLIPEMIA
	]]></text>
</Section>
<Section span_begin="11126" span_end="11137" id="SECCION_TRATAMIENTO_HABITUAL" type="INFORMACIÓN SOBRE TRATAMIENTO">
	<name><![CDATA[TRATAMIENTO]]></name>
	<text><![CDATA[
:
DIETA PASTOSA Y LÍQUIDOS CON ESPESANTES
Atorvastatina 80 mg 1c/24h Valsartan 160mg 1-0- ½ Levetiracetam 500mg 1-0-1 Adiro 100 mg 1C/24h
Avidart 0.5mg 1c/24h, Omeprazol 20 mg 1c/24h, cafinitrina si precisa, , tamsulosina 0.4mg/24h, Calcium-Sandoz 500 mg 1c/24h, Zyloric (alopurinol) 100 mg 1c/24h.
Acudir a la CCEE Dr _NAME_ en un mes el día y hora indicado. Atentament,
Signat:
Dr/a.: _NAME_	Dr/a.:_NAME_
Metge adjunt - Neurología	Metge resident- Medicina Interna
Número col·legiat: _ID_	Número col·legiat: _ID_
Hospitalització
Imprès: 20/01/2017 14:32
Pàg.: 1 de  3	]]></text>
</Section>
</ehr>