<?xml version='1.0' encoding='UTF-8'?>
<ehr id="325775371.utf8.txt">
<Section id="DEFAULT_HEADER" type="DEFAULT_HEADER" >
	<name>DEFAULT_HEADER</name>
	<text><![CDATA[
_LOCATION_
email: _CONTACT_ Telèfon _CONTACT_
Nº Història Clínica: _ID_
Cognoms, Nom: _NAME_
NºEpisodi: _ID_
CIP: _ID_
Sexe: Dona
Data de Naixement: _DATE_   Edat: 79 Anys
NIF/DNI: _ID__NAME_; _NAME_;
_NAME_
Informe d'alta d'hospitalització
12:00:00
20.01.2017
_LOCATION_
_SS_ NEUROLOGIA
CP
ABS
Servei Data d'alta
_LOCATION_
_CONTACT_; _CONTACT_
DOMICIL/RES.SOC 15.01.2017
Adreça
Telèfon Procedència Data d'ingrés Atès per
	]]></text>
</Section>
<Section span_begin="426" span_end="440" id="SECCION_MOTIVO_DE_INGRESO" type="MOTIVO DEL INGRESO">
	<name><![CDATA[MOTIU D'INGRÉS]]></name>
	<text><![CDATA[
Paciente de 78 años que ingresa por crisis epiléptica.
	]]></text>
</Section>
<Section span_begin="497" span_end="508" id="SECCION_ANTECEDENTES" type="ANTECEDENTES">
	<name><![CDATA[ANTECEDENTS]]></name>
	<text><![CDATA[
	]]></text>
</Section>
<Section span_begin="509" span_end="532" id="SECCION_ANTECEDENTES_PERSONALES" type="ANTECEDENTES">
	<name><![CDATA[Antecedentes personales]]></name>
	<text><![CDATA[
-Sin alergias medicamentosas conocidas
-No hábitos tóxicos
	]]></text>
</Section>
<Section span_begin="593" span_end="624" id="SECCION_ANTECEDENTES_QUIRURGICOS" type="ANTECEDENTES">
	<name><![CDATA[Antecedentes médico-quirúrgicos]]></name>
	<text><![CDATA[
-Hipertensión arterial en tratamiento médico.
-Diebetes mellitus en tratamiento con hipoglicemiantes orales.
-Enfermedad de Alzheimer en grado de demencia moderada. Sigue controles por NRL de zona (_SS_), Dr. _NAME_.
-Meningoencefalitis aguda vírica por lo que ingresó en nuestro centro en 2013, se realizó RM craneal y EEG sin hallazgos relevantes, siendo dada de alta posteriormente.
	]]></text>
</Section>
<Section span_begin="1012" span_end="1036" id="SECCION_SITUACION_FUNCIONAL" type="ANTECEDENTES">
	<name><![CDATA[Situación sociofuncional]]></name>
	<text><![CDATA[
: Deterioro cognitivo moderado, requiere supervisión para actividades de la vida diaria. mRS 3. No caídas frecuentes.
	]]></text>
</Section>
<Section span_begin="1155" span_end="1173" id="SECCION_TRATAMIENTO_HABITUAL" type="INFORMACIÓN SOBRE TRATAMIENTO">
	<name><![CDATA[MEDICACIÓ HABITUAL]]></name>
	<text><![CDATA[
Citalopram 10mg/24h, Yasnal 10mg, Metfomina 850mg/24h, Enalapril 10mg/24h, Orfidal 1mg/24h.
	]]></text>
</Section>
<Section span_begin="1267" span_end="1280" id="SECCION_PROCESO_ACTUAL" type="INFORMACIÓN SOBRE LA HISTORIA ACTUAL">
	<name><![CDATA[PROCÉS ACTUAL]]></name>
	<text><![CDATA[
Estando previamente bien, presenta convulsión tonicoclónica sobre las 18h del día 14.01.2017, de pocos minutos de duración y con recuperación progresiva. Posteriormente, a la llegada del SEM, realiza nueva crisis tonicoclónica convulsiva, constatándose posteriormente hemiparesia izquierda. Se activa código ictus. Hora de llegada 18.31h Hora de TC: 18.35h
	]]></text>
</Section>
<Section span_begin="1639" span_end="1656" id="SECCION_EXPLORACION_FISICA" type="INFORMACIÓN SOBRE LA EXPLORACIÓN FÍSICA">
	<name><![CDATA[EXPLORACIÓ FÍSICA]]></name>
	<text><![CDATA[
FC	105 bpm
Tªaxi 36.0 ºC
FR	rpm Tªrec  ºC
TA s	178 mmHg SAT O2 93 %
TA d   71 mmHg Pes Kg
URGENCIAS
Vigil. LOC Q 1/2 (1). LOC C 2/2. POC a la D (1). Lenguaje conservado, disartria leve (1). HHI (2). PFSN I (2). Paresia BC I 4/5 (1+1).  No déficit sensitivo ni extinción sensitiva. Anosognosia (1), no asomatognosia. NIHSS: 10. Tonos cardíacos  sin  soplos,  no  signos  de  ICC  descompensada. Murmullo  vesicular conservado,  sin  ruidos sobreañadidos
PLANTA DE HOSPITALIZACIÓN.
TA  170/110,  FC  109,  Tª  36.9ºC,  SO2  97%,  vigil,  desorientada  TE,  PF  izquierda,  disnomia,  no  déficit
Informe d'alta d'hospitalització
sensitivomotor, no extinciones ni dismetrías.
	]]></text>
</Section>
<Section span_begin="2339" span_end="2364" id="SECCION_EXPLORACIONES_COMPLEMENTARIAS" type="INFORMACIÓN SOBRE PRUEBAS COMPLEMENTARIAS">
	<name><![CDATA[EXPLORACIÓ COMPLEMENTÀRIA]]></name>
	<text><![CDATA[
-Analítica general: Hb 12.8g/dL, Hto 40.7%, leucocitos 7800 (N 5900, L 1400, M 500), plaquetas 277000, INR 1.06, TTPA 24.6s, fibrinógeno 4.24g/L, glucosa 137mg/dL, urea 44mg/dL, creatinina 0.83mg/dL, FG 67, Na 128.7 mmol/L (muestra hemolizada), Ca 8.5mg/dL, GOT 14 UI/L, proteína 8g/dL, CCK2 3.5ng/mL, TnT1 0.031ng/mL.
-ECG: Ritmo sinusal a 100 lpm,  PR 0.20, QRS estrecho, presenta descenso ST de 2mm de V2 a V4, elevación ST 1mm en DIII, adecuada progresión en precordiales.
-TC craneal: TC craneal sin alteraciones agudas valorables. En el angioTC nose observan defectos de repleción sugestivos de oclusión vascular. En el estudio perfusión se observa un aumento del flujo y volumen a nivel frontal derecho en probable relación a crisis epileptica previa.
-Rx   tórax: índice  cardiotorácico no valorable por cardiomegalia, senos costofrénicos libres, no imágenes de condensación.
-RM craneal (provisional): Atrofia temporal bilateral de predominio izquierdo sin lesiones vasculares agudas ni corticales crónicas. Sin otras alteraciones a destacar.
	]]></text>
</Section>
<Section span_begin="3418" span_end="3434" id="SECCION_EVOLUCION" type="INFORMACIÓN SOBRE EVOLUCIÓN">
	<name><![CDATA[EVOLUCIÓ CLÍNICA]]></name>
	<text><![CDATA[
A su llegada con clínica de TACI ACM D, NIHSS: 10. Se realiza TC craneal urgente que muestra ASPECTS  10/10, por lo que se decide administración dr rt-PA ev en bolus. Tras realización de secuencias angio que no muestran estenosis/oclusiones y estudio de perfusión que evidencia hiperperfusión en territorio frontal D se decide no administración de perfusión de rt-PA ev, ante la posibilidad que se trate de una crisis epiléptica con paresia de Todd posterior. En el ECG realizado destaca descenso de ST de V2 a V4, aunque la paciente niega haber presentado en cualquier momento dolor torácico o disnea. Puesto que se trata de una paciente diabética, se decide igualmente solicitar marcadores cardíacos, que son negativos, por lo que se decide conducta expectante. Analíticamente se constata Na 128, con hemolización para el resto del ionograma. Se solicita nueva analítica que no muestra alteraciones. Neurológicamente la paciente permanece con tendencia a la mejoría, persistiendo con HHI (2), desorientación (1), y hemiparesia izqueirda leve 4/5 (2+2), NIHSS: 7. Puesto que ha presentado 2 crisis,
se decide iniciar tratamiento con LEV 1g/12h ev. La paciente presenta mejoría progresiva de los déficits durante su estancia en urgencias, ingresa en planta par acontrol evolutivo y completar estudio.
A su llegada a planta de neurología destaca únicamente desorientación temporoespacial y disnomia probablemente en el contexto de la enfermedad de base (Alzheimer) sin otros hallazgos a la exploración. Se mantiene Levetiracetam 500mg cada 12 horas y se solicita RM craneal. Durante su estancia en planta presenta importante alteración conductual con desorientación e inquietud psicomotriz, por lo que se decide cambio de tratamiento a Lacosamida con dosis ascendentes de la misma. Se realiza RM craneal que muestra atrofia temporal bilateral severa de predominio izquierdo sin lesiones vascular agudas ni crónicas corticales.
La paciente permanece estable durante su ingreso, sin presentar clínica de nueva aparición y con buen control conductual tras el cambio de FAEs. En situación de estabilidad clínica se decide alta a domicilio con controles en CEX Neurología, se mantiene Lacosamida 100mg cada 12 horas.
	]]></text>
</Section>
<Section span_begin="5649" span_end="5660" id="SECCION_DIAGNOSTICO_PRINCIPAL" type="DIAGNÓSTICO">
	<name><![CDATA[DIAGNÒSTICS]]></name>
	<text><![CDATA[
-Crisis parciales secundariamente generalizada hemisféricas derechas
-Enfermedad de Alzheimer
-Hipertensión arterial esencial
-Dislipemia
Informe d'alta d'hospitalització
-Diabetes mellitus tipo 2
	]]></text>
</Section>
<Section span_begin="5865" span_end="5900" id="SECCION_TRATAMIENTO_AL_ALTA" type="INFORMACIÓN SOBRE TRATAMIENTO">
	<name><![CDATA[TRACTAMENT I RECOMANACIONS A L'ALTA]]></name>
	<text><![CDATA[
-Vimpat100mg 1 comprimido cada 12h.
Resto de su medicación habitual sin cambios: Citalopram 10mg/24h, Yasnal 10mg, Protalon 20mg/24h, Metfomina 850mg/24h, Enalapril 10mg/24h, Orfidal 1mg/24h.
	]]></text>
</Section>
<Section span_begin="6095" span_end="6102" id="SECCION_CONTROL" type="INFORMACIÓN SOBRE TRATAMIENTO">
	<name><![CDATA[CONTROL]]></name>
	<text><![CDATA[
Control por su médico de atención primaria y especialistas habituales.
Acudirá a control en CEX Neurología (Unidad de Epilepsia) el día 31 de Marzo de 2017 a las 10:00h.
DESTINACIÓ A L'ALTA:	A DOMICILI
Validat per: _NAME_	Col·legiat: _ID_
20.01.2017
Pàgina 1 de 3	]]></text>
</Section>
</ehr>