<?xml version='1.0' encoding='UTF-8'?>
<ehr id="326256983.utf8.txt">
<Section id="DEFAULT_HEADER" type="DEFAULT_HEADER" >
	<name>DEFAULT_HEADER</name>
	<text><![CDATA[
_LOCATION_
email: _CONTACT_ Telèfon _CONTACT_
Nº Història Clínica: _ID_
Cognoms, Nom: _NAME_
NºEpisodi: _ID_
CIP: _ID_
Sexe: Dona
Data de Naixement: _DATE_   Edat: 89 Anys
NIF/DNI: _ID__NAME_; _NAME_; 
_NAME_; _NAME_
Informe d'alta d'hospitalització
15:28:54
21.01.2017
_LOCATION_
_SS_ UNITAT D'ICTUS
CP
ABS
Servei Data d'alta
_LOCATION_
_CONTACT_ FILLA; _CONTACT_ TITULAR; DOMICIL/RES.SOC
19.01.2017
Adreça
Telèfon Procedència Data d'ingrés Atès per
	]]></text>
</Section>
<Section span_begin="454" span_end="468" id="SECCION_MOTIVO_DE_INGRESO" type="MOTIVO DEL INGRESO">
	<name><![CDATA[MOTIU D'INGRÉS]]></name>
	<text><![CDATA[
Mujer de 89 que es traída como Código Ictus.
	]]></text>
</Section>
<Section span_begin="515" span_end="526" id="SECCION_ANTECEDENTES" type="ANTECEDENTES">
	<name><![CDATA[ANTECEDENTS]]></name>
	<text><![CDATA[
ANTECEDENTES PATOLÓGICOS
-Hipertensión arterial en tratamiento farmacológico.
-Sobrepeso.
-Fibrilación auricular permanente en tratamiento betabloqueante y anticoagulante con acenocumarol.
-Portadora de MCP DDDR por bloqueo sinoauricular (SSS) y BRIHH.
-Insuficiencia mitral severa mixta degenerativa y reumática diagnosticada en enero del 2012 a raiz de estudio de disnea en clase funcional II-III.
-Insuficiencia cardíaca desde 2014, varios episodios de descompensación en contexto de infección respiratoria.
*Ecocardio diciembre 2015: ventriculo izquierdo no dilatado ni hipertrófico, con función sistólica conservada (FE 55%). Insuficiencia  mitral severa con dilatación de auricula izquierda moderada, insuficiencia  tricuspidea moderada con PAPs de 31mmHg. Sin datos indirectos de hipertensión pulmonar.
-Dolor torácico compatible con angina de esfuerzo en 2012. El SPECT y cateterismo normal. Persistió con sintomas a pesar de tratamiento. En seguimiento por cardiologia (Dr. _NAME_).
-Hiperreactividad bronquial en tratamiento broncodilatador.
-Isquemia mesentérica en 2000, intervenida con resección intestinal parcial.
-Anemia perniciosa en tratamiento con suplemento de vitamina B12.
-Infecciones urinarias de repetición. La última diagnosticada el 18/07/2016, para la cual recibió tratamiento con Norfloxacino. Urocultivo del 28/07/16 positivo para E. Coli sensible a ampicilina, cefalosporinas, carbapenems, fosfomicina, nitrofurantoida, cotrimoxazole, únicamente resistente a ciprofloxacino. Ha realizado tratamiento con cerfuroxima durante 7 días.
-Colecistectomizada.
-Discopatía de columna lumbar y gonartrosis principalmente en tratamiento analgésico. Se evitan AINEs para no
descompensar cardiopatía de base.
SSF: Independiente para las actividades de la vida diaria. Vida limitada por la disnea. Vive sola y sale a la calle por la mañana y por la noche. Sin deterioro cognitivo. Rankin 2.
	]]></text>
</Section>
<Section span_begin="2438" span_end="2456" id="SECCION_TRATAMIENTO_HABITUAL" type="INFORMACIÓN SOBRE TRATAMIENTO">
	<name><![CDATA[MEDICACIÓ HABITUAL]]></name>
	<text><![CDATA[
Amlodipino 5mg/d, Atrovent c/8h, Bisoprolol 5mg/d, Enalapril 20mg/d, Furosemida 40mg 3compr/d, Lorazepam 1mg*d, Nitrofix 5mg/d, Omeprazol 20mg/d, Optovite B12 100mcg, Paracetamol 1g, Sintrom sp,.
	]]></text>
</Section>
<Section span_begin="2655" span_end="2668" id="SECCION_PROCESO_ACTUAL" type="INFORMACIÓN SOBRE LA HISTORIA ACTUAL">
	<name><![CDATA[PROCÉS ACTUAL]]></name>
	<text><![CDATA[
Paciente mujer de 89 años derivada como código ictus por cuadro de inicio brusco a las 10:10h en forma de alteración del lenguaje y pérdida de fuerza en MSD. Hora de llegada 10:50h, como código TC. Hora TC 10:55h.
Actualmente estaba en seguimiento por Hospitalación a domicilio por Insuficiencia cardiaca descompensada.
Informe d'alta d'hospitalització
	]]></text>
</Section>
<Section span_begin="3027" span_end="3044" id="SECCION_EXPLORACION_FISICA" type="INFORMACIÓN SOBRE LA EXPLORACIÓN FÍSICA">
	<name><![CDATA[EXPLORACIÓ FÍSICA]]></name>
	<text><![CDATA[
URGENCIAS
TA 166/74, Sat O2 al 100 %. BMT 172 ( 4 UI de insulina)
Alerta, afasia global  (7), DOC (2), HHD (2), facial (1), MSD 3/5 (2), MID 4/5 (1), impresiona  de hipoestesia
hemicuerpo derecho (1). NIHSS 16.
UNIDAD DE ICTUS
TA 145/54, afebril.
Paciente vigil, alerta, orientada en las 3 esferas. No alteración del lenguaje ni del habla (nomina, repite, compre órdenes simples y complejas, habla fluente). Campimetría por confrontación sin déficits. No paresia/hipoestesia facial. Balance motor y sensibilidad táctil superficial conservados de forma global. No dismetrías. NIHSS 0.
	]]></text>
</Section>
<Section span_begin="3632" span_end="3657" id="SECCION_EXPLORACIONES_COMPLEMENTARIAS" type="INFORMACIÓN SOBRE PRUEBAS COMPLEMENTARIAS">
	<name><![CDATA[EXPLORACIÓ COMPLEMENTÀRIA]]></name>
	<text><![CDATA[
-TC multimodal: TC cranial sense contrast (19.01.2017 /10:56:57) TC perfusió cranial (19.01.2017 /11:08:34) Angio TC cranial (19.01.2017 /11:06:23) No se observan lesiones hemorragicas Lesiones vasculares cronicas en region occipital izqueirda frontal anterior derecha , temporo parietal izquierda y pequeña frontal izquierda No se observan areas de tenue hipodensidad que sugiera afectacion isquemica aguda el estudio TC perfusion muestra afectacion en mapas CBF,TTP y MTT en region temporo parietal, de localizacion anterior al area de malacia por infarto antiguo. Las lesiones vasculares antiguas aparecen con alteracion en CBF y CBV. El angiotac muestra oclusion en M1 distal postbifurcacion de rama inferior que corresponderia a division posterior, congruente con la lesion valorada en tc perfusion. No se observan estenosis en carotida izquierda cervical ,aunque el cayado aortico aparece con placas calcificadas de distribucion global y ambas carotidas presentan placas calcificadas perifericas. Tambien se observan bucles con marcada elongacion en ambas carotidas internas extracraneales, muy marcados en el lado izquierdo
-	Rx torax: infiltrados algodonosos perihiliares, mejoría respecto a rx previas. Senos costofrénicos libres.
-	ECG: fibrilación auricular
-	AG:  INR 1.26 (infradescoagulación). Resto de parámetros sin alteraciones destacables.
-Trombectomía mecánica: Por punción de a. femoral común derecha se cateteriza ACI izquierda y se realizan series angiográficas que muestra oclusión en M1 postbifurcación (TICI 0). Se realiza trombectomía mecánica con Solitaire 4x20mm y tras 1 pase se consigue recanalización completa (TICI 3). Se practica un cierre percutáneo + vendaje compresivo. Sin complicaciones durante ni inmediatamente postprocedimiento.
-TC craneal de control: no muestra alteraciones agudas valorable y sin cambios significativos respecto  del estudio previo.
Informe d'alta d'hospitalització
	]]></text>
</Section>
<Section span_begin="5590" span_end="5606" id="SECCION_EVOLUCION" type="INFORMACIÓN SOBRE EVOLUCIÓN">
	<name><![CDATA[EVOLUCIÓ CLÍNICA]]></name>
	<text><![CDATA[
Paciente mujer de 89 años, mRS 2 y lcon os antecedentes anteriormente descritos, que es traída a nuestro centro como Código ictus por clínica de síndrome completo de ACM izquierda (NIHSS 16). Se realiza TC craneal multimodal que descarta la presencia de lesiones agudas (ASPECTS 10) y en angioTC se revela la presencia de oclusión a nivel de M1 distal postbifurcación, con mismatch en territorio de la rama posterior de la media izquierda. Dado que la paciente está anticoagulada con sintrom (INR 1.26, infradescoagulación), se decide realización de tratamiento IA primario, tras firma de consentimiento informado por parte de familiares. Hora de llegada a la sala 11:15h, hora punción 11:26h. Tras primera serie que confirma oclusión de M1 postbifurcación (TIBI 0), se realiza primer pase consiguiéndose recanalización completa TICI 3. Estable hemodinámicamente, con mejoría clínica importante a la salida de la sala, con NIHSS 3 a expensas de disartria inteligible, leve claudicación de MSD y asimetria facial derecha. Se instauran medidas de ictus agudo.
Durante su estancia en urgencias tras el procedimiento la paciente se ha mantenido hemodinámicamente estable, consiguiendo recuperación clínica ad-integrum con NIHSS 0. Tras retirar compresivo de área femoral se evidencia hematoma subcutáneo en el muslo, sin signos sugestivos de complicación local mayor, siendo valorada por equipo de neurointervencionismo tras retirada de compresivo.
Tras su ingreso en Unidad de Ictus la paciente se mantiene clínicamente estable. Se realiza TC craneal de control que muestra ausencia de lesiones isquémicas agudas y se descarta transformación hemorrágica, por lo que se inicia HBPM a dosis anticoagulantes. Se solicita pauta TAO para reintroducción de sintrom (FA valvular). Paciente en seguimiento por HaD a nivel domiciliario los días previos por descompensación de su insuficiencia cardiaca, ha sido valorada por el equipo médico del mismo durante el ingreso, indicándose a la paciente el tratamiento deplectivo a continuar en domicilio de cara al alta.
Así pues, dada la estabilidad clínica de la paciente, se decide alta a domicilio. Se solicita visita de control con Neurología de zona (_SS_). Asimismo, se ruega realización de AG completa por parte de MAP para despistaje de factores de riesgo vascular (perfil lipídico, perfil tiroideo, serologías). Se explican signos de alarma y pautas de reconsulta.
Al alta NIHSS 0 y rankin 2.
	]]></text>
</Section>
<Section span_begin="8046" span_end="8057" id="SECCION_DIAGNOSTICO_PRINCIPAL" type="DIAGNÓSTICO">
	<name><![CDATA[DIAGNÒSTICS]]></name>
	<text><![CDATA[
-	Ictus hemisférico izquierdo de etiología cardioembólica.
-	Fibrilación auricular valvular. Infradescoagulada.
-Trombectomía mecánica.
	]]></text>
</Section>
<Section span_begin="8195" span_end="8207" id="SECCION_PROCEDIMIENTOS" type="PROCEDIMIENTO">
	<name><![CDATA[PROCEDIMENTS]]></name>
	<text><![CDATA[
-Analítica general.
-TC craneal simple.
-AngioTC
-TC perfusión
-Trombectomía mecánica.
-TC craneal de control
-Rx torax
-ECG
Informe d'alta d'hospitalització
	]]></text>
</Section>
<Section span_begin="8370" span_end="8405" id="SECCION_TRATAMIENTO_AL_ALTA" type="INFORMACIÓN SOBRE TRATAMIENTO">
	<name><![CDATA[TRACTAMENT I RECOMANACIONS A L'ALTA]]></name>
	<text><![CDATA[
-Mantener medicación habitual sin cambios
-CLEXANE y SINTROM según la pauta TAO que se entrega.
	]]></text>
</Section>
<Section span_begin="8503" span_end="8510" id="SECCION_CONTROL" type="INFORMACIÓN SOBRE TRATAMIENTO">
	<name><![CDATA[CONTROL]]></name>
	<text><![CDATA[
-Por su médico de atención primaria y especialistas de referencia.
-Acudir a visita con Neurología de zona (_SS_) según le informen telefónicamente  o vía correo ordinario.
-	Control estricto de FRCV por MAP
-	Se recomienda realización de Analítica completa con perfil lipídico para control de FRCV via MAP.
DESTINACIÓ A L'ALTA:	A DOMICILI
Validat per: _NAME_	Col·legiat: _ID_
21.01.2017
Pàgina 1 de 4	]]></text>
</Section>
</ehr>