<?xml version='1.0' encoding='UTF-8'?>
<ehr id="327421769.utf8.txt">
<Section id="DEFAULT_HEADER" type="DEFAULT_HEADER" >
	<name>DEFAULT_HEADER</name>
	<text><![CDATA[
_LOCATION_
_LOCATION_) Anul·lació/Reprogramació visites:_CONTACT_
Telèfon Centraleta: _CONTACT_
Nº Història Clínica: _ID_
Cognoms, Nom: _NAME_
NºEpisodi: _ID_
CIP: _ID_
Sexe: Dona
Data de Naixement: _DATE_   Edat: 73 Anys
NIF/DNI: _ID__NAME_; _NAME_; 
_NAME_; _NAME_
Informe d'alta d'hospitalització
15:34:21
24.01.2017
_LOCATION_
_SS_ NEUROLOGIA
CP
ABS
Servei Data d'alta
_LOCATION_
_CONTACT_; _CONTACT_
DOMICIL/RES.SOC 14.01.2017
Adreça
Telèfon Procedència Data d'ingrés Atès per
	]]></text>
</Section>
<Section span_begin="485" span_end="499" id="SECCION_MOTIVO_DE_INGRESO" type="MOTIVO DEL INGRESO">
	<name><![CDATA[MOTIU D'INGRÉS]]></name>
	<text><![CDATA[
Mujer de 72 años ingresada por ictus ACM Izquierda tratado con trombolisis y trombectomía en fase aguda.
	]]></text>
</Section>
<Section span_begin="606" span_end="617" id="SECCION_ANTECEDENTES" type="ANTECEDENTES">
	<name><![CDATA[ANTECEDENTS]]></name>
	<text><![CDATA[
No alergias medicamentosas conocidas. No hábitos tóxicos.
FRCV: HTA  en tratamiento, sobrepeso. No DLP ni DM conocida. No cardioneumopatías.
ERGE
Consta en SAP antecedente de TEP: no disponemos de informes.
ECO-TSA  2016  con  estenosis  <50%  carotidea  bilateral  en  tto	antiagregante  (desconocemos  motivo  de realización).
	]]></text>
</Section>
<Section span_begin="948" span_end="963" id="SECCION_SITUACION_FUNCIONAL" type="ANTECEDENTES">
	<name><![CDATA[Situación basal]]></name>
	<text><![CDATA[
: Independiente para todas sus ABVD. Rankin:0. No deterioro cogntivo.
	]]></text>
</Section>
<Section span_begin="1034" span_end="1052" id="SECCION_TRATAMIENTO_HABITUAL" type="INFORMACIÓN SOBRE TRATAMIENTO">
	<name><![CDATA[MEDICACIÓ HABITUAL]]></name>
	<text><![CDATA[
AAS 100mg/24h Amlodipino 10mg/24h Omeprazol 20mg/24h Paracetamol 1g/12h
Lisinopirl+hidroclortiazida 20/12,5mg/24h
	]]></text>
</Section>
<Section span_begin="1168" span_end="1181" id="SECCION_PROCESO_ACTUAL" type="INFORMACIÓN SOBRE LA HISTORIA ACTUAL">
	<name><![CDATA[PROCÉS ACTUAL]]></name>
	<text><![CDATA[
Paciente que ingresa en NRL por cuadro iniciado el pasado 14/01 a las 15:05, estando asintomática previamente, de caida al suelo mutismo y debilidad del hemicuerpo derecho. Avisa a SEM quien activa Código Ictus a las 16:30. Llega a HUB a las 17:05.
A su llegada TA:140/100, FC:94. SA02:100% y exploración neurológica con paciente consciente, TOC I que pasa linea media (1). Mutista, no obedece órdenes, orientación no valorable (3+2+2). HHD (2). Hemiplejia FBC D (2+4+4). Anestesia D (2). RCP Extensor D). NIHSS: 22. En la analítica realizada en Urgencias únicamente destaca glucosa 7.9. ECG en AC xFA de debut con RVM 90lpm. Rx de Tórax pendiente en el momento del ingreso. Se realiza TC Craneal + AngioTC que muestra oclusión ACM Izquierda con signos incipientes de infarto (ASPECTS 9: lenticular, caudado e ínsula) y en ausencia de contraindicación se inicia rTPA (17:35; bolus:8mg, perfusión:72). No incidencias durante la administración de Actylise, no cambios en el NIHSS. Se activa guardia de neurovascular, se decide trombectomía mecánica con recanalización TICI 2b. Se orienta como ictus ACM Izquierda, probable etiología cardioembólica (ACxFA de debut). Ingresa en Unidad de Ictus.
	]]></text>
</Section>
<Section span_begin="2376" span_end="2393" id="SECCION_EXPLORACION_FISICA" type="INFORMACIÓN SOBRE LA EXPLORACIÓN FÍSICA">
	<name><![CDATA[EXPLORACIÓ FÍSICA]]></name>
	<text><![CDATA[
Informe d'alta d'hospitalització
TA 139/76 mmHg, FC 92 pxm. Afebril. SatO2 96%. DXT ok
ExplNRL: vigil, mirada centrada, no impresiona HH, PICNR, PFSN derecha (2), obedece ordenes simples y complejas, orientada en persona no en tiempo ni espacio (1), evoca 4/5, nomina 1/5, (1), paresia 3/5 ESD (2), pierna 3/5 (2), RCP indiferente, pulsos ok, sensibilidad preservada. NIHSS 7.
AC: TCR sin soplos.
AR: roncus dispersos. MVC.
	]]></text>
</Section>
<Section span_begin="2824" span_end="2849" id="SECCION_EXPLORACIONES_COMPLEMENTARIAS" type="INFORMACIÓN SOBRE PRUEBAS COMPLEMENTARIAS">
	<name><![CDATA[EXPLORACIÓ COMPLEMENTÀRIA]]></name>
	<text><![CDATA[
EN URGENCIAS
Analítica:
EAB venós: pH 7,34; CO2 51mmHg; O2 30,6mmHg; HCO3- 27,3mmol/L; EB 1,3 mmol/L; Sat.O2 50%. Bioquímica: Glucosa 7,3 mmol/L; Urea 8,3mmol/L; Cr 80 umol/L; Na+ 141 mmol/L; K+ 3,72mmol/L; Coagulació: TTPA ;0.68 TP 0.96 .
Hemograma:  Hb  147  g/L;  Hto  45%;  VCM  97fL;  Plaquetes  188x10E9/L;  Leucòcits  9,7x10E9/L  (Neutròfils 6.52x10E9/L, Limfòcits 2,10x10E9/L; N 66,9%, L 21,6%).
Rx de tórax: marco óseo conservado. ICT>0.5. Aumento d etrama broncovascular. Condensación  en lóbulo inferior izquierdo.
ECG: AC xFA de debut con RVM 90lpm. QRS estrecho, sin alteraciones de la repolarización.
TAC-Angio TC: Oclusión ACM Izquierda con signos incipientes de infarto (ASPECTS 9: lenticular, caudado e ínsula).
EN PLANTA DE NRL
-Analítica de ingreso: función renal normal, iones no alterados. Perfil hepático no alterado, perfil lipídico con hipercolesterolemia a expensas de LDL colesterol 3.74 mmol/L. Perfil tiroideo, folatos y cobalaminas normales. HbA1c 5.3 %. Proteinograma sin bandas, hemograma correcto, VSG 22. Serologías negativas.
-Tac  de  control 24h  post-trombectomía:  infarto  establecido a  nivel  territorio profundo  acm  izq  (caudado, lenticular , capsula interna) con signos de transformacion hemorragica y moderado efecto de masa sobre VL izq.
-ETT: Ventrículo izquierdo no dilatado con hipertrofia septal, función sistólica global conservada sin segmentarismos. Función diastólica normal. Ventrículo derecho no dilatado, normocontráctil. Aurícula izquierda ligeramente dilatada. Válvula aórtica trivalva. Flujo aórtico normal. Insuficiencia ligera. Raiz aórtica y aorta ascendente no dilatadas. Válvula mitral con calcificación del anillo ,ligera insuficiencia. Insuficiencia tricuspídea ligera que no permite estimar una PAPs. Flujo pulmonar normal. Vena cava inferior no dilatada. No se observa derrame pericárdico.
-RMN cerebral: Infarto agudo en territorio profundo lateral y medial lenticuloestriatal de la ACM I, con sufusión hemorrágica asociada. Cambios involutivos y signos de hipoperfusión de la sustancia blanca.
	]]></text>
</Section>
<Section span_begin="4920" span_end="4936" id="SECCION_EVOLUCION" type="INFORMACIÓN SOBRE EVOLUCIÓN">
	<name><![CDATA[EVOLUCIÓ CLÍNICA]]></name>
	<text><![CDATA[
Ingresa para estudio y control evolutivo de ictus ACM izquierda en probable etiología cardioembólica por FA de debut, tratado con trombolisis y trombectomía en fase aguda.
Se mantiene a la paciente los primeros días en Unidad de ictus con buenos controles tensionales y con episodiso cortos de FA por telemetría. En el TAC de control 24h post-procedimiento se objetiva infarto establecido a nivel territorio profundo ACM Izq (caudado, lenticular , capsula interna) con signos de transformación hemorrágica por lo que se difiere inicio de anticoagulación.
Informe d'alta d'hospitalització
Como parte del estudio vascular se solicita analítica de ingreso en la que destaca hipercolesterolemia a expensas de LDL colesterol por lo que se inicia Atorvastatina, sin otros hallazgos de interés. Para completar estudio se realiza RMN cerebral en la que se objetiva infarto agudo en territorio profundo lateral y medial lenticuloestriatal de la ACM I, con sufusión hemorrágica asociada, así como ETT en ACxFA, con aurícula izquierda ligeramente dilatada, con buena función sistólica sin segmentarismos y ausencia de trombos cavitarios.
Desde el punto de vista clínico la paciente presenta mejoría progresiva. En el momento del alta paciente vigil, orientada, obedece ordenes simples y complejas, lenguaje con alguna parafasia (1), mirada centrada, no impresiona HH, PICNR, PFSN derecha (1),  paresia 5-/5 ESD, pierna 4/5 (1), sensibilidad preservada. RCP indiferente. NIHSS 3. Buena tolerancia oral, sedestación bien tolerada, deambulación precisa apoyo.
Parcialmente dependiente para sus ABVD. Rehabilitación desde el inicio. No intercurrencias relevantes.
Se orienta el caso como TACI izquierdo de posible etiología cardioembólica por FA de debut. Anticoagulación diferida (se inicia AAS). Se decide traslado a hospital de referencia (_SS_) para control evolutivo.
	]]></text>
</Section>
<Section span_begin="6805" span_end="6816" id="SECCION_DIAGNOSTICO_PRINCIPAL" type="DIAGNÓSTICO">
	<name><![CDATA[DIAGNÒSTICS]]></name>
	<text><![CDATA[
433.11/5 Trombosi arteria carotide amb infart cerebral
TACI E per ACxFA de debut el 14/1/16. rtPA i TEV amb TICI 2b. TAC control amb subfussió hemorràgica HI1.
	]]></text>
</Section>
<Section span_begin="6979" span_end="7014" id="SECCION_TRATAMIENTO_AL_ALTA" type="INFORMACIÓN SOBRE TRATAMIENTO">
	<name><![CDATA[TRACTAMENT I RECOMANACIONS A L'ALTA]]></name>
	<text><![CDATA[
Se adjunta.
DESTINACIÓ A L'ALTA:	HOSP. AGUTS/PSQ
Validat per: _NAME_	Col·legiat: _ID_
24.01.2017
Pàgina 1 de 3	]]></text>
</Section>
</ehr>