<?xml version='1.0' encoding='UTF-8'?>
<ehr id="327447537.utf8.txt">
<Section id="DEFAULT_HEADER" type="DEFAULT_HEADER" >
	<name>DEFAULT_HEADER</name>
	<text><![CDATA[
_LOCATION_
_LOCATION_) Anul·lació/Reprogramació visites:_CONTACT_
Telèfon Centraleta: _CONTACT_
Nº Història Clínica: _ID_
Cognoms, Nom: _NAME_
NºEpisodi: _ID_
CIP: _ID_
Sexe: Dona
Data de Naixement: _DATE_   Edat: 74 Anys
NIF/DNI: _ID__NAME_;; _NAME_; 
_NAME_
Informe d'alta d'hospitalització
16:01:08
24.01.2017
_LOCATION_
_SS_ NEUROLOGIA
CP
ABS
Servei Data d'alta
_LOCATION_
_CONTACT_; _CONTACT_
DOMICIL/RES.SOC 14.01.2017
Adreça
Telèfon Procedència Data d'ingrés Atès per
	]]></text>
</Section>
<Section span_begin="478" span_end="492" id="SECCION_MOTIVO_DE_INGRESO" type="MOTIVO DEL INGRESO">
	<name><![CDATA[MOTIU D'INGRÉS]]></name>
	<text><![CDATA[
ICTUS ACM DERECHA + RTPA
	]]></text>
</Section>
<Section span_begin="519" span_end="530" id="SECCION_ANTECEDENTES" type="ANTECEDENTES">
	<name><![CDATA[ANTECEDENTS]]></name>
	<text><![CDATA[
No alergias conocidas No hábitos tóxicos HTA y DLP en tto.
ACxFA de reciente diagnóstico recién iniciada ACO que debutó con ICC descompensada en contexto de infección respiratoria. Requirió ingreso en _SS_ para tratamiento mixto. Altada a domicilio el día 14-Ene e inicio de anticoagulación (hasta el día 14-Enero antiagregada).
EAo severa portadora de prótesis biológica. Hipotiroidismo
Adenocarcinoma de mama I 2003 (exeresis + QT + RT), libre de enfermedad. Situación basal: Rankin:0. Independiente para sus ABVD. No Deterioro cognitivo.
	]]></text>
</Section>
<Section span_begin="1073" span_end="1091" id="SECCION_TRATAMIENTO_HABITUAL" type="INFORMACIÓN SOBRE TRATAMIENTO">
	<name><![CDATA[MEDICACIÓ HABITUAL]]></name>
	<text><![CDATA[
Adiro 300mg 1c/24h, aldactone 25mg 1c/24h, amlodipino 5mg 1c/24h, amoxicilina/ácido clavulánico 875/125mg 1c/8h, atrovent 20mcg/dos 2 aplicacions/8h, bisoprolol 5mg 1c/24h, budesonida 200mcg/puls 1aplicació/12h, dacortin 30mg 1c/24h, dilutol 10mg 1c/24h, furosemida 40mg 1c/24h, levotiroxina 75mcg 1c/24h, losartan 100mg 1c/24h, omeprazol 20mg 1c/24h, paracetamol 1g 1c/8h, sintrom 4mg segons pauta (pautado el dia 14/1, no se lo ha llegado a tomar).
	]]></text>
</Section>
<Section span_begin="1544" span_end="1557" id="SECCION_PROCESO_ACTUAL" type="INFORMACIÓN SOBRE LA HISTORIA ACTUAL">
	<name><![CDATA[PROCÉS ACTUAL]]></name>
	<text><![CDATA[
Paciente de 74 años. Ha sido alta de _SS_ el día 14-Ene, asintomática. A las 15:15 inicia clínica de debilidad de hemicuerpo izquierdo por lo que avisan a SEM, quien activa Código Ictus a las 15:53. Llega a HUB.
TA: 146/90, FC92, SA02:100.Tº:36.3ºC. Coagucheck:1.1. A nivel NRL se encuentra consciente, orientada en lugar y persona, no en tiempo. TOC D (1). Lenguaje conservado con disartria moderada-severa (2). HHI (2). PFSN I (2). Paresia ESI 4/5 (1). Anestesia I (2). Negligencia con anosognosia I (1). RCP flexor bilateral. NIHSS: 11. Analítica con glucosa 8.3 sin otras alteraciones relevantes.
Se realiza ECG en AC xFA con RVM 75lpm. TC Craneal + AngioTC con signos incipientes de isquemia (ASPECTS:9, caudado) en territorio de ACM Derecha + estenosis focal M1 (paso filiforme de contraste), estenosis significativa ambas ACI.
Se orienta como Ictus ACM Derecha, etiología indeterminada (ACxFA no anticoagulada, estenosis ACI significativa bilateral).
Se decide en ausencia de contraindicación iniciar rTPA. Sin incidencias durante la administración de Actylise. No presenta cambios en el NIHSS. No tributaria de trombectomía ante ausencia de oclusión.
Informe d'alta d'hospitalització
Se decide ingreso en NRL - Unidad de Ictus.
	]]></text>
</Section>
<Section span_begin="2804" span_end="2821" id="SECCION_EXPLORACION_FISICA" type="INFORMACIÓN SOBRE LA EXPLORACIÓN FÍSICA">
	<name><![CDATA[EXPLORACIÓ FÍSICA]]></name>
	<text><![CDATA[
TA 130/70 mHg, Fc 70 lpm, Afebril, SatO2 98%
NRL: consciente, orientado en espacio, tiempo y persona. Lenguaje y habla sin alteraciones. MOEs conservados Campimetría normal. Pares craneales normales. Fuerza sin alteraciones. Extinción visual (1) RCP flexor bilateral. NIHSS 1
-	AC: Tonos rítmicos, sin soplos. Pulsos periféricos presentes y simétricos. Ingurgitación yugular negativa, RHJ (-).
-	AR: MVC, sin ruidos añadidos
-ABD: Abdomen blando y depresible. No doloroso a la palpación superficial ni profunda. No presencia de masas ni visceromegalias. Peristaltismo presente. PPL (-) bilateral.
-	NRL: Consciente y orientado en espacio, tiempo y persona. GCS 15. No signos de focalitad neurológica.
-	EEII: No edemas periféricos, no signos de TVP
	]]></text>
</Section>
<Section span_begin="3573" span_end="3598" id="SECCION_EXPLORACIONES_COMPLEMENTARIAS" type="INFORMACIÓN SOBRE PRUEBAS COMPLEMENTARIAS">
	<name><![CDATA[EXPLORACIÓ COMPLEMENTÀRIA]]></name>
	<text><![CDATA[
Analítica sanguínea: pH 7.386, pCO2 52mmHg, pO2 32.8mmHg, bicarbonat 30.8mmol/L, excés de base 4.2mmol/L, satO2 55%, glucosa 8.3mmol/L, urea 8.6mmol/L, creatinina 69umol/L, Na 140mmol/L, K 4.01mmol/L, INR 1.36, TTPA 0.96, TP 1.37, Hb 12.7g/dL, hematòcrit 41%, VCM 85fL, plaquetes 260000, leucòcits 12600,
neutròfils 10450 (83.1%), limfòcits 1510 (12.0%).
TC y angioTC craneal; angioTC troncos supraórticos: Accidente isquémico agudo que afecta territorio profundo de ACM derecha (ASPECT 9) secundario a probable trombosis aguda a nivel de su segmento M1 que ocasiona una estenosis crítica (paso filiforme de contraste y permeabilidad distal.) Ateromatosis calcificada y trombosis mural a nivel de ambas bifurcaciones carotídeas que condicionan una marcada estenosis en el origen de ambas arterias carótidas internas. Signos involutivos del parénquima encefálico y leucoaraiosis.
ECG: FA a 120lpm, QRS 100ms, no alteraciones del segmento ST, no alteraciones de la repolarización.
Pruebas en Neurología:
Analítica: Urea 5.3 mmol/L, Cr 66 umol7L, FG 79 ml/min, Na 142 mmol/L, K 4.25 mmol/L, AST 0.77 ukat/L, ALT
1.68 ukat/L, Proteínas 70 g/L, GGT 2.19 ukat/L, FA 1.69 ukat/L, Ca /II) N, Colesterol HDL 0.95 , LDL 3.70, TG 1.44, Tiroides N, HbA1c 5.7%, Cobalaminas y folatos N, Proteinograma N. Hemograma sin alt. TP 1.72. VSG normal.
Rx tórax: portátil, rotada, poco inspirada, poco penetrada. ICT>0'5, no signos de condensación parenquimatoa. Signos de redistribución.
Serología:
EcocardiogramaTT: Ventrículo izquierdo no dilatado, ligeramente hipertrófico, con función sistólica conservada y sin alteraciones segmentarias de la contractilidad. Ventrículo derecho no dilatado, ligeramente hipocontráctil. Aurícula izquierda severamente dilatada. Raíz aórtica no dilatada. Prótesis aórtica biológica con apertura aparentemente normal y gradientes moderadamente elevados, similares a estudios previos. Válvula calcificada, con doble lesión. Estenosis moderada y regurgitación ligera. Regurgitación tricuspídea ligera, que permite estimar una presión pulmonar normal. Vena cava inferior no dilatada y móvil. Sin derrame pericárdico.
RMN cerebral: Areas isquémicas agudas dependientes de ACM derecha, discontinuas y periféricas. Patrón de pérdida de volumen de parénquima encefálico, superior al esperado para la edad del/de la paciente, compatible con atrofia cerebral global.
EcoTSA: Estenosi moderada a ambdues caròtides internes. Acceleració de flux a c.  interna esquerra distal probablement causada per elongació.
Informe d'alta d'hospitalització
	]]></text>
</Section>
<Section span_begin="6152" span_end="6168" id="SECCION_EVOLUCION" type="INFORMACIÓN SOBRE EVOLUCIÓN">
	<name><![CDATA[EVOLUCIÓ CLÍNICA]]></name>
	<text><![CDATA[
Paciente de 75 que ingresa por ACM Derecha + estenosis focal M1 (paso filiforme de contraste), estenosis significativa ambas ACI, tratada como fibrinolisis en fase aguda. TC craneal de control sin signos de sufusión hemorrágica. Durante el ingreso, la paciente ha estado monitorizada en urgencias en ritmo fibrilación auricular. Se ha iniciado anticoagulación con ACO sin incidencias.
La paciente ha mejorado a nivel NRL permaneciendo asintomática. Como incidencias ICC descompensada, ha recibido tratamiento mixto con buena respuesta. Sin incidencias. Se realiza analítica con alteración hepática (ASTx3)  e hipercolesterolemia. Sin otros hallazgos a destacar. Se realiza RMN cerebral en la que se objetivan infartos superficiales parcheados en ACM D. Ecocardiograma transtorácico con alteraciones muy similares a estudios previos. Se solicita cuantificación por angioTC de estenosis carotídeas resultando alrededor del 62 y del 65%. No se considera tributaria de tratamiento quirúrgico.
A nivel NRL la paciente permanece asintomática. No incidencias clínicas. Se orienta como ictus ACM D de origen cardioembólico (ACxFA no anticoagulada). Se reinicia ACO. Se decide alta a domicilio. Controles por NRL de zona.
	]]></text>
</Section>
<Section span_begin="7385" span_end="7396" id="SECCION_DIAGNOSTICO_PRINCIPAL" type="DIAGNÓSTICO">
	<name><![CDATA[DIAGNÒSTICS]]></name>
	<text><![CDATA[
436/5 Ictus
	]]></text>
</Section>
<Section span_begin="7410" span_end="7445" id="SECCION_TRATAMIENTO_AL_ALTA" type="INFORMACIÓN SOBRE TRATAMIENTO">
	<name><![CDATA[TRACTAMENT I RECOMANACIONS A L'ALTA]]></name>
	<text><![CDATA[
Warfarina 10mg. Según pauta de hemostasia.
	]]></text>
</Section>
<Section span_begin="7490" span_end="7497" id="SECCION_CONTROL" type="INFORMACIÓN SOBRE TRATAMIENTO">
	<name><![CDATA[CONTROL]]></name>
	<text><![CDATA[
Por NRL de zona.
DESTINACIÓ A L'ALTA:	A DOMICILI
Validat per: _NAME_	Col·legiat: _ID_
24.01.2017
Pàgina 1 de 3	]]></text>
</Section>
</ehr>