<?xml version='1.0' encoding='UTF-8'?>
<ehr id="327662173.utf8.txt">
<Section id="DEFAULT_HEADER" type="DEFAULT_HEADER" >
	<name>DEFAULT_HEADER</name>
	<text><![CDATA[
_LOCATION_
_LOCATION_) Anul·lació/Reprogramació visites:_CONTACT_
Telèfon Centraleta: _CONTACT_
Nº Història Clínica: _ID_
Cognoms, Nom: _NAME_
NºEpisodi: _ID_
CIP: _ID_
Sexe: Home
Data de Naixement: _DATE_   Edat: 56 Anys
NIF/DNI: _ID__NAME_; _NAME_; _NAME_; 
_NAME_ 
Informe d'epicrisi
21:20:56
24.01.2017
_LOCATION_
_SS_ ANESTESIOLOGIA I
CP
ABS
Servei Data d'alta
_LOCATION_
_CONTACT_; _CONTACT_
AGUTS 22.01.2017
Adreça
Telèfon Procedència Data d'ingrés Atès per
	]]></text>
</Section>
<Section span_begin="468" span_end="482" id="SECCION_MOTIVO_DE_INGRESO" type="MOTIVO DEL INGRESO">
	<name><![CDATA[MOTIU D'INGRÉS]]></name>
	<text><![CDATA[
Ingreso REAU
	]]></text>
</Section>
<Section span_begin="497" span_end="508" id="SECCION_ANTECEDENTES" type="ANTECEDENTES">
	<name><![CDATA[ANTECEDENTS]]></name>
	<text><![CDATA[
No AMC.
Fumador activo 1 paq/día, enol 2UBEs al día. FRCV: no HTA, no DLP ni DM conocidas.
No cardioneumopatías conocidas.
Síndrome ansioso-depresivo en tratamiento médico. Claudicación intermitente derivado a ACV en 2015, no llegó a ir.
	]]></text>
</Section>
<Section span_begin="748" span_end="763" id="SECCION_SITUACION_FUNCIONAL" type="ANTECEDENTES">
	<name><![CDATA[Situación basal]]></name>
	<text><![CDATA[
: sdre ansioso depresivo tributario de incapacidad permanente y que condiciona un mRS 2.
	]]></text>
</Section>
<Section span_begin="855" span_end="873" id="SECCION_TRATAMIENTO_HABITUAL" type="INFORMACIÓN SOBRE TRATAMIENTO">
	<name><![CDATA[MEDICACIÓ HABITUAL]]></name>
	<text><![CDATA[
BZD
	]]></text>
</Section>
<Section span_begin="879" span_end="892" id="SECCION_PROCESO_ACTUAL" type="INFORMACIÓN SOBRE LA HISTORIA ACTUAL">
	<name><![CDATA[PROCÉS ACTUAL]]></name>
	<text><![CDATA[
Paciente que ingresa en NRL por cuadro iniciado el pasado 22/01/17 a las 08:45h cuando la mujer lo encuentra caminando por casa con alteración del lenguaje compatible con afasia y debilidad de extremidades derechas. Visto asintomático por última vez anoche antes de acostarse. Acuden a _SS_ donde llega a las 10:42h con TA 196/91 mmHg. Activan código ictus vía SEM a las 11:23h. Llega a urgencias de _SS_ a las 12:33h. TC craneal a las 12:49h (retrasado por encontrarse ocupado).
A la primera valoración se encuentra hipertenso con TA 215/105 mmHg, satO2 98%, Coaguchek1.1.Neurológicamente consciente, orientación no valorable (2), no obedece órdenes simples ni complejas (2), no emite lenguaje (3), no DOC, impresiona HHD por amenaza (2), PFSN D (2), paresia BC derecha 4/5 (1+1), sensibilidad no valorable por afasia, no realiza mueca al dolor (1), RCP extensor derecho, izquierdo flexor. NIHSS 14
Se realiza TC craneal con ASPECTS 9 y TC de perfusión con missmatch. AngioTC craneal y TSA con oclusión a nivel de M1 de ACM izquierda.
Se realiza analítica en Urgencias con bioquímica y coagulación normal, leucocitosis de 13700 con neutrofilia de 11480, sin otras alteraciones destacables. Rx de tórax con ICT > 0.5, senos costofrénicos libres, no condensaciones ni infiltrados y ECG en ritmo sinusal a 75 lpm, PR 0.20s, QRS estrecho, onda Q en II, III y avF y onda T negativa en V6.
Se orienta como ictus de ACM izquierda y oclusión de M1 de etiología indeterminada. No candidato a trombolisis por ictus del despertar. Se comenta con guardia de Neurovascular  y se decide realización de trombectomía mecánica. Llega a la sala a las 13:45, punción 14:05. En la primera serie 14:19 que confirma oclusión de M1 I distal. Se aplica solitaire 4x40 a las 14:28, 14:40 sin recanalización, trevo a las 14:55 sin obtención de material
Informe d'epicrisi
trombótico pero recanalización que vuelve a reocluirse. Nuevo paso a las 15:22, sin recanalización. Nuevo paso solitaire a las 15:45 con recanalización, pero con imagen en arteria de placa/trombo suboclusivo, igual al anterior, con recanalización a continuación. Último paso a las 16:04 (Solitaire+Trevo), durante el cual se confirma estenosis focal en M1 distal con recanalización TICI 2a, que vuelve a taparse, TICI 0 final. Presenta hematoma en el lugar de punción. Sin incidencias durante el procedimente, ingresa en RPQ.
	]]></text>
</Section>
<Section span_begin="3278" span_end="3294" id="SECCION_EVOLUCION" type="INFORMACIÓN SOBRE EVOLUCIÓN">
	<name><![CDATA[EVOLUCIÓ CLÍNICA]]></name>
	<text><![CDATA[
Segon dia d'ingrés a RPQ per ictus d'ACM esquerra.
Empitjorament clínic durant la seva estada a la unitat. Obertura ocular a l'estímul dolorós, manteniment de la respiració espontània. Pupil·les isocòriques normoreactives. S'incia tractament empíric amb manitol i dexametasona de forma empírica. Donat l'empitjorament clínic, es comenta amb NCR i NRL per valoració descompressió quirúrgica. Es comenta de forma conjunta amb familiars i equip assistencial i es descaraa opció quirúrgica. Es manté tractament empíric antiedema. Per la resta es manté hemodinàmicament estable, respiratòriament eupneic amb spO2 98% amb VMK 40%. Diuresi conservada amb una funció renal conservada. Ionograma normal. En dieta absoluta. Des del punt de vista hemodinàmic amb perfusió contínua amb urapidil a 35 ml/hora i tractament amb blocs del calci per sng.
	]]></text>
</Section>
<Section span_begin="4133" span_end="4136" id="SECCION_CONTROL" type="INFORMACIÓN SOBRE TRATAMIENTO">
	<name><![CDATA[Pla]]></name>
	<text><![CDATA[
: Es decideix alta a Unitat d'Ictus.
Aviso busca de paros
Al llegar a unidad de intermedios de neurocirugia, encontramos paciente en glasgow 3, ventilado con ambu con SpO2 100%, secreciones mucopurulentas abundantes, que aspiramos, taqucardia supraventricular 145lpm, TAM
>65; fr 20-30rpm. Medico a cargo nos comenta historia clinica de paciente. Paciente con prognostico nefausto y limitacion de esfuerzos, con voluntad familiar para donacion, se administra fentanilo IOT (previa aspiracion de secreciones) + ventilacion con ambu,  relajacion muscular con rocuronio 70mg ev. Traslado a REAU monitorizado. Coordinación de transplantes propone donación que es rechazada por la familia.
El paciente presenta exploración clínica de ME con midriasis bilateral arreactiva.
Se decide limitación de esfuerzos terapéuticos. El paciente es éxitus 21:20 horas del 24/01/2017.
	]]></text>
</Section>
<Section span_begin="5004" span_end="5015" id="SECCION_DIAGNOSTICO_PRINCIPAL" type="DIAGNÓSTICO">
	<name><![CDATA[DIAGNÒSTICS]]></name>
	<text><![CDATA[
436/5 Ictus
Validat per: _NAME_	Col·legiat: _ID_
24.01.2017
Pàgina 1 de 2	]]></text>
</Section>
</ehr>