<?xml version='1.0' encoding='UTF-8'?>
<ehr id="327641622.utf8.txt">
<Section id="DEFAULT_HEADER" type="DEFAULT_HEADER" >
	<name>DEFAULT_HEADER</name>
	<text><![CDATA[
_LOCATION_
Telèfon: _CONTACT_
Nº Història Clínica: _ID_
Cognoms, Nom: _NAME_
NºEpisodi: _ID_
CIP: _ID_
Sexe: Dona
Data de Naixement: _DATE_   Edat: 92 anys
NIF/DNI: _ID__NAME_
Informe d'alta d'hospitalització
CP	_LOCATION_
ABS	_SS_
Servei	NEUROLOGIA
Data d'alta  24.01.2017	14:14:56
_LOCATION_ 
_CONTACT_; _CONTACT_
DOMICIL/RES.SOC 14.01.2017
Adreça
Telèfon Procedència Data d'ingrés Atès per
	]]></text>
</Section>
<Section span_begin="396" span_end="410" id="SECCION_MOTIVO_DE_INGRESO" type="MOTIVO DEL INGRESO">
	<name><![CDATA[MOTIU D'INGRÉS]]></name>
	<text><![CDATA[
Código Ictus.
	]]></text>
</Section>
<Section span_begin="426" span_end="437" id="SECCION_ANTECEDENTES" type="ANTECEDENTES">
	<name><![CDATA[ANTECEDENTS]]></name>
	<text><![CDATA[
ALÉRGICA A NOLOTIL (METAMIZOL).
Reside con familia.
mRS 3 (por dificultad para la marcha que es con bastón).
No aparente Deterioro Cognitivo tras anamnesis con hija y nieto. HTA. No DM. No DL.
IQ: STC Bilateral. Rodillas.
	]]></text>
</Section>
<Section span_begin="661" span_end="679" id="SECCION_TRATAMIENTO_HABITUAL" type="INFORMACIÓN SOBRE TRATAMIENTO">
	<name><![CDATA[MEDICACIÓ HABITUAL]]></name>
	<text><![CDATA[
Lisinopril/Hidroclorotiazida 20/12.5 mg, Lormetazepam 1 mg, Omeprazol 20 mg, Pazital 37.5/325.
	]]></text>
</Section>
<Section span_begin="776" span_end="789" id="SECCION_PROCESO_ACTUAL" type="INFORMACIÓN SOBRE LA HISTORIA ACTUAL">
	<name><![CDATA[PROCÉS ACTUAL]]></name>
	<text><![CDATA[
Estando previamente asintomática alrededor de las 11 h de la mañana del día 14 de enero la paciente desarrolla de modo brusco una alteración del lenguaje con dificultad para articular el lenguaje y desviación de comisura bucal. La paciente llega al _SS_ a las 12:35, momento en que es valorada por Neurología.
	]]></text>
</Section>
<Section span_begin="1101" span_end="1118" id="SECCION_EXPLORACION_FISICA" type="INFORMACIÓN SOBRE LA EXPLORACIÓN FÍSICA">
	<name><![CDATA[EXPLORACIÓ FÍSICA]]></name>
	<text><![CDATA[
FC	bpm
Tªaxi  ºC
FR	rpm Tªrec  ºC
TA s	133 mmHg SAT O2  %
TA d   61 mmHg Pes Kg
En urgencias: Consciente. Disartria severa. Comprensión de órdenes. Campimetría por confrontación normal. Parálisis facial central severa D. Potusión lingual con desviación lingual a la Izquierda con correcta movilización hacia ambos lados. Pronación de la ESD, con sensibilidad normal. Fuerza y sensibilidad normales en ESI y ambas EEII. NO Babinski. NO signos de irritación meníngea.
NIHSS: 0-0-0-0-0-2-0-0-0-0-0-2-0 = 4p.
	]]></text>
</Section>
<Section span_begin="1627" span_end="1652" id="SECCION_EXPLORACIONES_COMPLEMENTARIAS" type="INFORMACIÓN SOBRE PRUEBAS COMPLEMENTARIAS">
	<name><![CDATA[EXPLORACIÓ COMPLEMENTÀRIA]]></name>
	<text><![CDATA[
En urgencias
-AS: Bioquímica, hemograma y hemostasia sin alteraciones
-TC craneal: Leve atrofia cerebral global. Hipodensidad mal definida en sustancia blanca posterior del centro semioval izq. , posible foco cronico de hipoxia-isquémia. Resto de estructuras parenquimatosas supra e infratentoriales de morfología e intensidad de señal dentro de la normalidad. Sistema ventricular simétrico, de morfología y tamaño normales. Estructuras de la línea media centradas. Calcificacion focal extra-axial de aprox. 1,5 cm en la convexidad superior y medial frontal izq., posible meningioma calcificado. No evidencia de otros procesos expansivos intra ni extra-axiales. No se aprecian alteraciones vasculares significativas en el estudo de angio-TC sobre los TSA y polígono de Willis.
Informe d'alta d'hospitalització
CONCLUSION: Hipodensidad mal definida en sustancia blanca posterior del centro semioval izq. , posible foco cronico de hipoxia-isquémia. Calcificacion focal extra-axial de aprox. 1,5 cm en la convexidad superior y medial frontal izq., posible meningioma calcificado.
En planta:
- Analítica sanguínea: HDL colesterol sèrum * 40.0 mg/dL 45.0 - 85.0. LDL colesterol sèrum (Friedewald) 101.6 mg/dL 65.0 - 160.0. Triglicèrid sèrum 72 mg/dL 50 - 200
-Monitorización cardíaca durante las primeras 48 horas de ingreso en UI  y posteriormente en planta de NRL durante 5 dias más: sin arritmias potencialmente embolígenas.
-TC control postfibrinolisis. Estructuras de la línea media centradas. No se observan lesiones focales. El sistema ventricular presenta moderada dilatación ventricular global y simétrica. Dilatación de los espacios aracnoideos de la convexidad globalmente, de los valles silvianos y de la convexida cerebelosa y vermiana. No se observan signos de sangrado intra ni extra-axial.
CONCLUSION: Signos de atrofia cerebral global.
-RM angioRM craneal. de angio-RM sobre el polígono de Willis: Varios pequeños focos en cortex del lóbulo de la insula y en centro semioval izq., con difusión restringida compatible con infartos isquémicos agudos. Estructuras parenquimatosas supra e infratentoriales de morfología e intensidad de señal dentro de la normalidad. Mínimos restos hemáticos crónicos en cortex superior paramedial izq. frontal izq. Sistema ventricular simétrico, de morfología y tamaño normales. Estructuras de la línea media centradas. No evidencia de procesos expansivos intra ni extra-axiales. Charnela occípito-cervical normal. Discreta estenosis focal en segmento M2 de la art. cerebral media izq. No se aprecian otras alteraciones vasculares significativas en las secuencias
CONCLUSION: Varios pequeños focos en cortex del lóbulo de la insula y en centro semioval izq., con difusión restringida compatible con infartos isquémicos agudos. Discreta estenosis focal en segmento M2 de la art. cerebral media izq. Mínimos restos hemáticos crónicos en cortex superior paramedial izq. frontal izq.
-Ecocardiografia transtorácica 24.01.2017: Conclusión:
Valvulopatía mitro-aórtica degenerativa: IM moderada.
DLAo ambas moderadas.
VI no dilatado, ligeramente hipertrofiado, con buena función sistólica y disfunción diastólica por mala relajación. Severa dilatación auricular izquierda.
HTPs moderada.
Ligera dilatación de aorta ascendente.
	]]></text>
</Section>
<Section span_begin="4922" span_end="4938" id="SECCION_EVOLUCION" type="INFORMACIÓN SOBRE EVOLUCIÓN">
	<name><![CDATA[EVOLUCIÓ CLÍNICA]]></name>
	<text><![CDATA[
Mujer con cuadro compatible con ictus isquémico sin oclusión de gran vaso en valoración incial. Se activa codigo ictus, y se decide la infusión del tratamiento fibrinolítico (Actilyse) que se inicia a las 13:32 tras informar a los familiares y se ingresa en la unidad de Ictus. Evolución favorable sin complicaciones hemorragicas graves y con mejoria progresiva de la clinica hasta quedar con un NIHSS de 0 puntos.
Se confirma diagnostico de ictus isquemico agudo en cortex del lóbulo de la insula y en centro semioval izquierdo mediante RM cerebral de etiologia indeterminada, no se ha podido evidenciar patologia arterial significativa ni cardiopatia embolígena demostrada, a pesar de sospecha de ictus cardioembólico ( patrón cortical, trasnf hem, ausencia de patologia arterial significativa, hallazgos ECOCARDIO de valvulopatia degenerativa + severa dilatació auricular, por lo que se continuará el diagnóstico ambulatoriamente .
	]]></text>
</Section>
<Section span_begin="5875" span_end="5886" id="SECCION_DIAGNOSTICO_PRINCIPAL" type="DIAGNÓSTICO">
	<name><![CDATA[DIAGNÒSTICS]]></name>
	<text><![CDATA[
Informe d'alta d'hospitalització
436/5 Ictus isquémico en territorio superficial ACM izquierda, de etiologia indeterminada ( a estudio).
	]]></text>
</Section>
<Section span_begin="6030" span_end="6042" id="SECCION_PROCEDIMIENTOS" type="PROCEDIMIENTO">
	<name><![CDATA[PROCEDIMENTS]]></name>
	<text><![CDATA[
CODI ICTUS FIBRINÒL·LISI EV UNITAT ICTUS
	]]></text>
</Section>
<Section span_begin="6085" span_end="6120" id="SECCION_TRATAMIENTO_AL_ALTA" type="INFORMACIÓN SOBRE TRATAMIENTO">
	<name><![CDATA[TRACTAMENT I RECOMANACIONS A L'ALTA]]></name>
	<text><![CDATA[
Tratamiento habitual sin modificaciones.
Añadir al tratamiento AAS 100mg, 1 comprimido al dia (en la comida, ORAL).
	]]></text>
</Section>
<Section span_begin="6238" span_end="6245" id="SECCION_CONTROL" type="INFORMACIÓN SOBRE TRATAMIENTO">
	<name><![CDATA[CONTROL]]></name>
	<text><![CDATA[
Se citará para control en las CCEE de Neurología.
DESTINACIÓ A L'ALTA:	A DOMICILI
Validat per: _NAME_	Col·legiat: _ID_
24.01.2017
Pàgina 1 de 3	]]></text>
</Section>
</ehr>