<?xml version='1.0' encoding='UTF-8'?>
<ehr id="327884623.utf8.txt">
<Section id="DEFAULT_HEADER" type="DEFAULT_HEADER" >
	<name>DEFAULT_HEADER</name>
	<text><![CDATA[
_SS_
Informe d'alta Mèdica Servei de Medicina Intensiva
Full 1 de 3_NAME_
Llit: _ID_
Data de naixement: _DATE_	Edat: 93 anys	Sexe: Dona
Nº Episodi: _ID_	Nº Història Clínica: _ID_	
Adreça: _LOCATION_	
Telèfon: _CONTACT_	
Al·lèrgies/ Intoleràncies
No allergies	
Grup sanguini:	
Data d'ingrés SEMI: 17.01.2017 11:22	Data d'alta SEMI: 19.01.2017 16:07	Estada SEMI: 2 dies
Procedència:  URGENCIES	Destinació: NEUROLOGIA	Data Intervenció:
Tipo d'admissió: Urgent	
Resultat SEMI: TRASLADO A PLANTA	
Telèfons contacte famílies: _NAME_	_CONTACT_
17.01.2017 11:22
17.01.2017 11:22
75
155
Pes actual
Talla actual
FC	118 /min	PNIs	169 mmHg	Pes	75,000 kg
SpO2	96 %	PNId	71 mmHg		
M0 NOTA D'INGRES
17/01/2017 11:39 CCC2423 AVC ISQUÈMIC MOTIU D'INGRÉS
Pacient dona de 93 anys que ingressa per AVC ISQUÈMIC.
	]]></text>
</Section>
<Section span_begin="801" span_end="823" id="SECCION_ANTECEDENTES_PATOLOGICOS" type="ANTECEDENTES">
	<name><![CDATA[ANTECEDENTS PATOLÒGICS]]></name>
	<text><![CDATA[
:
No AMC
HTA
FA en tractament amb clopidogrel. No ACO per risc de caigudes.
ICC per cardiopatia hipertensiva. última descompensació 2014.
ITUs de repetició
AIT al desembre del 2015.
Osteopenia
Faquectomia al 2008
Hipoacusia
	]]></text>
</Section>
<Section span_begin="1047" span_end="1061" id="SECCION_SITUACION_FUNCIONAL" type="ANTECEDENTES">
	<name><![CDATA[Situació basal]]></name>
	<text><![CDATA[
: Barthel 75. cognitivament preservada. Viu a residencia. MALALTIA ACTUAL:
Pacient de 93 anys que a les 09:00h del 17/01/17 inicia quadre de dificultat per la parla amb desviació de la comissura bucal
	]]></text>
</Section>
<Section span_begin="1262" span_end="1278" id="SECCION_EVOLUCION" type="INFORMACIÓN SOBRE EVOLUCIÓN">
	<name><![CDATA[EVOLUCIÓ CLÍNICA]]></name>
	<text><![CDATA[
_NAME_
Llit: _ID_
EVOLUCIÓ CLÍNICA
afasia i obnubilació. Dificultat en la mobilització de braç esquerre. No altra clínica acompanyant. Rankin 2.
A l'arribada al nostre centre  (11:20AM) tendència a la HTA (185/104, FC 94 en RS) pel que s'administra Urapidil 12.5mg i 10mg de Labetalol. NRL destaca disartria, hemianopsia izquierda, hemiparesia izquierda facio-braquial de 3-4/5, sense alteració de la sensibilitat. NISSH 14.
Es realitza TAC Cranial que no mostra sangnat agut i donat no presenta contraindicacions es procedeix a bolus de fibrinolisi a les 10:45am i s'ingressa a UCI per a proseguir pc de rt-PA.
Es comenta amb la família l'alt risc de sagnat donada l'edat avançada de la pacient i estan d'acord en realitzar el tractament. Ingressa a UCI.
	]]></text>
</Section>
<Section span_begin="2038" span_end="2048" id="SECCION_EXPLORACION_FISICA" type="INFORMACIÓN SOBRE LA EXPLORACIÓN FÍSICA">
	<name><![CDATA[EXPLORACIÓ]]></name>
	<text><![CDATA[
TA 105/80, FC 84, FR 24, SO2 97%, afebril.
ACV: TCR, no bufs ni frecs. No signes d'ICC. AR: MVC
ABD: anodino
NRL: PPICNR. Disartria, hemianopsia izquierda, hemiparesia izquierda facio-braquial de 3-4/5, sense alteració de la sensibilitat. NISSH 14.
ANALÍTICA I EXPLORACIONS
ANALITICA GRAL: Hematocrit *47.7 %, Limfòcits % *15.0 %, Eosinòfils % *0.4 %, Basòfils % *0.4 %, Temps de Protrombina (%)  *86 , Temps de Protrombina (INR)  *1.1 , Sodi  *145.0 (mEq/L) mmol/L, Proteina C reactiva  *7.1 mg/dL, Hemoglobina *15.3 g/dL, Volum eritrocitari mitja (VCM)  *94.1 fL, Hemoglobina eritrocitari mitja (HCM)  *30.2 pg/cel, Leucocits *16.57 x1E9/L, Neutròfils %  *76.7 %, Monòcits %  *7.5 %, Plaquetes *236 x1E9/L, Urea  *46.0 mg/dL, Creatinina
*1.2 mg/dL, Potassi  *4.5 (mEq/L) mmol/L, Clorur  *101.4 (mEq/L) mmol/L.
TC CRANIAL: Estructures de la línia mitja no desplaçades. Cisternes perimesencefàliques i de la base no obliterades. Augment de mida del sistema ventricular i aixamplament dels espais aracnoïdals dels solcs corticals i valls silvians per atròfia córtico-subcortical. Atròfia cerebel·losa.
Hipodensitat de la substància blanca periventricular per leucoencefalopatia
hipòxico-isquèmica de petit vas. S'observen alguns petits focus hipodensos a substància blanca fronto-parietal bilateral d'aspecte hipoxic-isquèmic crònic.
No hi ha imatges de sagnat. ASPECT basal de 10.
TC-PERFUSIÓ: S'administra contrast endovenós per estudi de perfusió cerebral.
S'observa alteració de la perfusió en el territori de l'artèria cerebral mitja dreta, sobreot dels segments M4, M5 i M6, amb penombra que es valora superior al 50%.
ANGIO-TC: Estudi vascular des de la crossa de l'aorta fins a la convexitat cerebral. Correcta permeabilitat d'artèries vertebrals, d'artèries caròtides comuns, artèries caròtides internes, artèries cerebrals mitges, cerebrals anteriors, tronc basilar i arteries cerebrals posteriors. No observo defecte de replecció vascular. ASPECT amb contrast de 10.
ECG: RS 85, sense alteracions de la repolarització.
EVOLUCIÓ INICIAL
Ingressa a UCI on s'inicia pc de rt-PA. Monitorització i control NRL.
ORIENTACIÓ DIAGNÓSTICA AVC ISQUÈMIC
PLA TERAPÈUTIC FIBRINOLISI SISTÈMICA
	]]></text>
</Section>
<Section span_begin="4246" span_end="4265" id="SECCION_EVOLUCION" type="INFORMACIÓN SOBRE EVOLUCIÓN">
	<name><![CDATA[M1 EVOLUCIÓ CLINICA]]></name>
	<text><![CDATA[
 18/01/2017 14:53 CCC1064 UCI
Realizado TC control: Absència de desplaçaments d'estructures de línia mitja.
Lleu prominència d'espais aracnoïdals dels solcs de la convexitat i dels valls
silvians-insulars, per atròfia cerebral global de predomini cortical. Sistema ventricular de mida i configuració normal per l'edat del pacient. Hipodensitat periventricular en relació a leucoencefalopatia hipòxico-isquèmica per patologia de petit vas.
Cisternes perimesencefàliques i de la base lliures. No hi ha imatges de sagnat intra ni extraparenquimatoses. Hiperostosis frontal. Ateromatosis càlcica d'artèries vertebrals i caròtides.
Sin cambios en la focalidad neurológica en foema de hemiparesia faciobraquial izquierda. Seguimos trayectoria. Alta a UFI.
	]]></text>
</Section>
<Section span_begin="5017" span_end="5028" id="SECCION_DIAGNOSTICO_PRINCIPAL" type="DIAGNÓSTICO">
	<name><![CDATA[Diagnòstics]]></name>
	<text><![CDATA[
DIAGNOSTIC PRINCIPAL (N.U.) OCLUSIO D'ARTERIES CEREBRALS
DIAGNOSTICS (N.U.)
ALTR.TRAST.DE PARLA; DISARTRIA; DISFASIA; PARLA EMBARBUSSADA
	]]></text>
</Section>
<Section span_begin="5166" span_end="5189" id="SECCION_ANTECEDENTES" type="ANTECEDENTES">
	<name><![CDATA[Antecedents/Diagnòstics]]></name>
	<text><![CDATA[
/Procediments
Mitja	
Primera	
Máx	
Min	
La mès nova
APACHE II	17,00	17	17	17	17
Mort(APACHE)	0,26	0	0	0	0
SAPS II	32,00	40	40	24	24
Mort(SAPS)	0,25	0	0	0	0
Puntuació (SCORES)
Atès per:	_NAME_
Autorizat per:
_NAME_
Impreso: 19.01.2017 16:07	]]></text>
</Section>
</ehr>