<?xml version='1.0' encoding='UTF-8'?>
<ehr id="328258697.utf8.txt">
<Section id="DEFAULT_HEADER" type="DEFAULT_HEADER" >
	<name>DEFAULT_HEADER</name>
	<text><![CDATA[
INFORME DE ALTA
Medicina Interna. Unidad de neurología. Unidad de Ictus.
Paciente: _NAME_
Número de historia clínica: _ID_
Fecha de nacimiento y sexo: _DATE_  HOME	Edad: 51 Régimen económico:  CatSalut-Propi CIP: _ID_	ABS/CAP:		Médico de cabecera: Dirección: _LOCATION_   Teléfono: _CONTACT_
Fecha ingreso servicio: 23/01/2017	Fecha alta servicio: Data alta servei
Fecha ingreso hospitalización: 23/1/2017	Fecha alta hospitalización: 26/1/2017
Paciente varón de 51 años, sin alergias conocidas a medicamentos, fumador ocasional. El  dia 22/1/2017 a las 18:30 h inicia disminuición de fuerza en brazo derecho.
El paciente se acuesta y acude a UCIAS a las 04:57 cuando al levantarse para ir al baño nota disminución de fuerza en hemicuerpo derechpo con disartria.
	]]></text>
</Section>
<Section span_begin="776" span_end="799" id="SECCION_ANTECEDENTES_PERSONALES" type="ANTECEDENTES">
	<name><![CDATA[Antecedentes personales]]></name>
	<text><![CDATA[
:
No alergias Tabaquismo
Diabetes mellitus tipo II, en tratamiento con metformina 850 mg 1-0-1
Rankin previo 0
	]]></text>
</Section>
<Section span_begin="916" span_end="934" id="SECCION_EXPLORACION_FISICA" type="INFORMACIÓN SOBRE LA EXPLORACIÓN FÍSICA">
	<name><![CDATA[EXPLORACIÓN FÍSICA]]></name>
	<text><![CDATA[
:
Constantes: T art 152/52mmHg, FC 86lpm, sato2 100%, Glicemia capilar 241 mg/dL
Consciente orientado, disartria moderada, lenguaje normal, paresia facial central derecho, resto de PPCC y campimetria normal
Fuerza 4/5 B-C derecha Dismetria T-R derecha Hipoestesia F-B-C
RCP Extensor derecho, flexor izqueirdo. RMP 0/5
NIHSS 7
Test deglución: superado EXPLORACIONES COMPLEMENTARIAS:
Analítica: Glucosa 264 mg/dL, Urea 38 mg/dL, Creatinina 0.88 mg/dL, FG >90 ml/min, Sodio 138 mmol7l, Potasio 3.9
mmol/L, Hb 16.3 g/dL, Hct 47.8%, VCM 86 fL, Leucocitos 10.340, plaquetas 252.000, PT R 0.98, PTT R 0.85
COLESTEROL: 230 mg/dL.
TRIGLICÈRID: 323 mg/dL.
ASPARTAT AMINOTRANSFERASA(AST): 15 UI/L 37C.
ALANINA AMINOTRANSFERASA (ALT): 17 UI/L 37C. FOSFATASA ALCALINA: 107 UI/l 37C.
G-GLUTAMILTRANSFERASA (GGT): 29 UI/L 37C. BILIRRUBINA TOTAL: 0,86 mg/dl.
HDL-COLESTEROL: 26 mg/dL. VITAMINA B12: 395 pg/mL. AC. FÒLIC SÈRIC: 7,3 ng/mL.
HEMOGLOBINA GLICADA: HEMOGLOBINA GLICADA: 89,1 mmol/mol; HB GLICOSILADA (A1c): 10,3 %.
PROTEÏNA: 6,60 g/dL.
ALBÚMINA: 4,2 g/dl.
TIROTROPINA (TSH): 1,82 mcUI/mL. PROTEÏNA C REACTIVA: 0,40 mg/dl.
HOMOCISTEINA (sèrum): 8,98 mcmol/L.
TC craneal: infartos lacunares capsulo-putaminales izquierdos, de aspecto crónico.
Rx torax: Sin consolidaciones alveolares
E.C.G.: Ritmo sinusal rítmico, sin alteraciones de la repolarización
Dopler TSA: normal
Doppler TC ingreso en UCIAS: patron TIBI 4 de M1 de ACM izquierda sugestivo de estenosis intracraneal vs trombo en fase de recanalizacion.
Duplex TC (26/1/2017): normal
Ecocardiografia TT: AI 38 mm, TIV 8 mm, sin alteraciones segmentarias. No alteraciones valvulares
RM craneal (26/1/2017): Lesión isquémica lacunar aguda de 6 x 9 x 4 mm, localizada en brazo posterior cápsula interna izquierda. No efecto masa, no transformación hemorrágica.
Escasas lesiones puntiformes, en sustancia blanca subcortical frontal bilateral, inespecíficas, probable etiología isquémica crónica. Normal señal RM del parénquima cerebral en las distintas secuencias realizadas.Sistema ventricular centrado sin dilatación ni deformación.No se identifica patología malformativa vascular ni patología neoformativa intracraneal.
Unión cráneo-cervical sin anomalías.Señal de flujo en senos venosos, tronco basilar y segmentos intracraneales de arterias carótidas internas
Evolución y tratamiento realizado
Paciente varón de 51 a que ingresa para estudio de infarto lacunar.
En la fase aguda se detecta un trombo en fase de recanalización en M! de ACM izquierda, por lo que se inicia doble antiagregación. Tras completar el estudio se descarta fuente cardioembólica o lesión extracraneal significativa
Se repite nuevo duplex transcraneal el dia 26/1/2017 muestrando la recanalización completa. Tras informar al paciente firma el consentimiento para participar en el estudio SELEIS.
Al alta el paciente presenta unicamente mínima paresia distal de los dedos de la mano derecha.
Destino al alta:	domicilio	
Rankin (alta): 1	NIHSS (alta):	0
	]]></text>
</Section>
<Section span_begin="3937" span_end="3949" id="SECCION_DIAGNOSTICO_PRINCIPAL" type="DIAGNÓSTICO">
	<name><![CDATA[Diagnósticos]]></name>
	<text><![CDATA[
Diagnóstico principal
o	Infarto lacunar capsular izquierdo
	]]></text>
</Section>
<Section span_begin="4013" span_end="4037" id="SECCION_DIAGNOSTICOS_SECUNDARIOS" type="OTROS DIAGNÓSTICOS">
	<name><![CDATA[Diagnósticos secundarios]]></name>
	<text><![CDATA[
:
o	DM tipo 2
o	Hipercolesterolemia o	Hipertrigliceridemia
	]]></text>
</Section>
<Section span_begin="4097" span_end="4111" id="SECCION_PROCEDIMIENTOS" type="PROCEDIMIENTO">
	<name><![CDATA[Procedimientos]]></name>
	<text><![CDATA[
:
o	TC craneal
o	RM craneal
o	Analitica
o	Duplex transcraneal o	Doppler TSA
o	Doppler transcraneal o	Ecocardiografia TT
	]]></text>
</Section>
<Section span_begin="4233" span_end="4252" id="SECCION_TRATAMIENTO_AL_ALTA" type="INFORMACIÓN SOBRE TRATAMIENTO">
	<name><![CDATA[Tratamiento al alta]]></name>
	<text><![CDATA[
Dieta diabética baja en sal y en grasas:
AAS 300 mg, 1-0-0
Atorvastatina 80 mg, 0-0-1 Metformina 850 mg, ½-0-0
SELEIS 1-0-0
Recomendaciones de prevención secundaria
o	Caminar cada día, mínimo 1/2 hora
o	Perder peso, hasta conseguir perímetro abdominal en hombres por debajo de 108 cm. y 88 cm. en mujeres.
o	Dieta rica en verduras, frutas y legumbres.
o	Mantener tensión arterial por debajo de 130 /80 mm. Hg. En diabéticos por debajo de 120/75
o	Mantener cifras de colesterol total por debajo de 150, y LDL por debajo de 100. En diabéticos LDL por debajo de 70.
o	Evitar el tabaco y el alcohol.
Control por el médico de cabecera
Se avisará para acudir a Endocrinologia
Se avisará para acuidir a CCEE de Neurologia
Atentamente,
Médico/s responsable/s: Dra _NAME_	Nº de colegiado: _ID_
Firma	]]></text>
</Section>
</ehr>