<?xml version='1.0' encoding='UTF-8'?>
<ehr id="330238269.utf8.txt">
<Section id="DEFAULT_HEADER" type="DEFAULT_HEADER" >
	<name>DEFAULT_HEADER</name>
	<text><![CDATA[
_LOCATION_) Telèfon _SS_  972 _CONTACT_
Telèfon IDI (Ressonància i TAC) _CONTACT_
Telèfon ICO _CONTACT_
Nº Història Clínica: _ID_
NºEpisodi: _ID_
CIP: _ID_
Cognoms, Nom: _NAME_
Sexe: Home
Data de Naixement: _DATE_   Edat: 52 Anys
NIF/DNI: _ID__NAME_; _NAME_; _NAME_
Informe d'alta d'hospitalització
14:00:21
30.01.2017
_LOCATION_
_SS_ NEUROLOGIA
CP
ABS
Servei Data d'alta
_LOCATION_
_CONTACT_; _CONTACT_
AGUTS 29.01.2017
Adreça
Telèfon Procedència Data d'ingrés Atès per
	]]></text>
</Section>
<Section span_begin="474" span_end="488" id="SECCION_MOTIVO_DE_INGRESO" type="MOTIVO DEL INGRESO">
	<name><![CDATA[MOTIU D'INGRÉS]]></name>
	<text><![CDATA[
Infart lacunar.
	]]></text>
</Section>
<Section span_begin="506" span_end="517" id="SECCION_ANTECEDENTES" type="ANTECEDENTES">
	<name><![CDATA[ANTECEDENTS]]></name>
	<text><![CDATA[
	]]></text>
</Section>
<Section span_begin="518" span_end="539" id="SECCION_ANTECEDENTES_PERSONALES" type="ANTECEDENTES">
	<name><![CDATA[ANTECEDENTS PERSONALS]]></name>
	<text><![CDATA[
No presenta al·lèrgies medicamentoses conegudes. Fumador 15-20cigarretes/dia.
No enol actualment (prèviament consta enolisme)
Independent per les activitats bàsiques de la vida diària. Viu sol, treballa a _SS_
	]]></text>
</Section>
<Section span_begin="751" span_end="773" id="SECCION_ANTECEDENTES_PATOLOGICOS" type="ANTECEDENTES">
	<name><![CDATA[ANTECEDENTS PATOLÒGICS]]></name>
	<text><![CDATA[
Hipertensió arterial, sense tractament mèdic. TA habituals 130/90mmHg. No altres factors de risc cardiovascular coneguts
Consta IQ hidrocele 2010
	]]></text>
</Section>
<Section span_begin="922" span_end="940" id="SECCION_TRATAMIENTO_HABITUAL" type="INFORMACIÓN SOBRE TRATAMIENTO">
	<name><![CDATA[MEDICACIÓ HABITUAL]]></name>
	<text><![CDATA[
No pren medicaicó habitualment
	]]></text>
</Section>
<Section span_begin="973" span_end="986" id="SECCION_PROCESO_ACTUAL" type="INFORMACIÓN SOBRE LA HISTORIA ACTUAL">
	<name><![CDATA[PROCÉS ACTUAL]]></name>
	<text><![CDATA[
Pacient amb els antecedents descrits que al 28.1.2017 se'n va a dormir asimptomàtic a les 23h aproximadament. Es desperta a les 3h de la matinada i nota dèficit sensitiu a tot l'hemicos dret. Es torna a adormir i a les 7h aproximadament es desperta amb pesistència del dèficit pel que consulta per mitjans propis a _SS_. Des d'allà comenten el pacient i refereixen durant l'estada a urgències presenta alguna alteraicó del llenguatge, pel que es decideix derivar al nostre centre com codi ictus, que s'activa a les 9.10h.
Arriba al nostre centre a les 10.59h i és valorat a les 11h per neurologia de guàrdia.
A la seva arribada refereix notar-se millor i explica l'alteració del llenguatge com lentitud/disàrtria, no bloqueig del llenguatge ni ment parafràsies
	]]></text>
</Section>
<Section span_begin="1749" span_end="1766" id="SECCION_EXPLORACION_FISICA" type="INFORMACIÓN SOBRE LA EXPLORACIÓN FÍSICA">
	<name><![CDATA[EXPLORACIÓ FÍSICA]]></name>
	<text><![CDATA[
Exploració neurològica: pacient vigil i orientat en les tres esferes, compren ordres, el discurs és fluent, correcte, no parafràsies ni bloqueigs. Nomina correctament.
No alteració oculomotora ni campimètrica, no paràlisi facial, no dèficit motor braquial proximal ni  distal per maniobra de Barré ni contraresistència, maniobra de MillerFisher correcta i simètrica, no alteració motora en extremitats inferiors. Hipoestèsia faciobraquiocrural dreta ( refereix millor que en el debut dels símptomes), sense dismetria, no disàrtria ni extinsions. RCP flexor bilateral
NIHSS 00000/00000/01000 = 1
Informe d'alta d'hospitalització
	]]></text>
</Section>
<Section span_begin="2400" span_end="2425" id="SECCION_EXPLORACIONES_COMPLEMENTARIAS" type="INFORMACIÓN SOBRE PRUEBAS COMPLEMENTARIAS">
	<name><![CDATA[EXPLORACIÓ COMPLEMENTÀRIA]]></name>
	<text><![CDATA[
Analítica sanguinea:
-	Hemoglobina 17 g/dL; Hematòcrit 48 %; Plaquetes 282 K/mcL; Leucòcits 7.11 K/mcL;
-	Tasa protrombina 97 %; INR 1; TTPA 35.4 segons;
-	Glucosa 97 mg/dL; Urea 44 mg/dL; Creatinina 0.90 mg/dL; Urat 6.6 mg/dL; Proteïna 6.9 g/dL; Albúmina (sèrum)
4.3 g/dL; Colesterol 218 mg/dL; Colesterol HDL 60 mg/dL; Colesterol LDL (calcul) 140 mg/dL; Triglicèrid 88 mg/dL; Bilirubina total 0.50 mg/dL; GOT 18 U/L; GPT 22 U/L; GGT 23 U/L; Fosfatasa alcalina 90 U/L; Lactat deshidrogenasa * 134 U/L; Creatincinasa (CK) 88 U/L; Amilasa 62 U/L; Calci (II) 9.3 mg/dL; Ió sodi 137 mEqu/L; Ió potasi 3.9 mEqu/L;
Troponina T hs (alta sensibili 10.3 ng/L.
ECG: ritme sinusal, PR normal. QRS estret No alteracions de la repolarització
Rx tòrax: ICT normal. Patró intersticial bilateral. No condensacions. Sins costofrènics lliures.
TC cranial: Estudi TC cranial que mostra petit infart llacunar crònic a braç anterior de la càpsula interna dreta. Sense altres troballes d'interés.
Ecodoppler TSA: engruiximent intimal a tot l'eix carotidi i plaques ateromatoses hiperecoiques sense obra posteruir a ambdós blubs. Els fluxes a tot el territori carotidi son laminars, mab velocitats normals, simètrics. Circulació a ambdues A vertebrals permeables i simètrics
Ecodoppler TC: s'observa permeabilitat sense estenosis ni altres alteracions a tot el territori d'ACM d i ACM esuqerres, simètriques amb Velocittats proximals al voltant de 80cm/seg i distalment ( fins segment M2) 50-60cm/seg, sense estnosis, IP al voltant de 0.8. Ambdues ACA són ortodròmiques, simètriques, així com les ACP.
Segments V4 i a basilar permeables
	]]></text>
</Section>
<Section span_begin="4046" span_end="4062" id="SECCION_EVOLUCION" type="INFORMACIÓN SOBRE EVOLUCIÓN">
	<name><![CDATA[EVOLUCIÓ CLÍNICA]]></name>
	<text><![CDATA[
S'orienta com un sindrome lacunar sensitiu pur dret. S'ingressa a la Unitat d'Ictus sota monitorització semiintensiva.
S'inicia antiagregants, estatines i hipotensors.
El pacient presenta milloria progressiva. S'inicia tolerància oral i sedestació sense complicacions.
Donada l'estabilitat clínica i hemodinàmica del pacient i la millora a nivell funcional, consensuat amb el pacient i la família es decideix alta a domicili.
En l'exploració física a l'alta presenta vigil, orientat. MOE i campimetria per confrontació normal. No dèficits motors. Hemihipoestèsia lleu dreta faciobraquiocrural. No extinció sensitiva ni visual.
NIHSS: 00000/00000/01000: 1
Escales a l'alta:
-	NIHSS: 1
-	Barthel: 100
-	Rankin: 0
	]]></text>
</Section>
<Section span_begin="4777" span_end="4788" id="SECCION_DIAGNOSTICO_PRINCIPAL" type="DIAGNÓSTICO">
	<name><![CDATA[DIAGNÒSTICS]]></name>
	<text><![CDATA[
436/5      Infart lacunar (sindrome lacunar sensitiu pur dret).
Informe d'alta d'hospitalització
401.9/2  HTA
	]]></text>
</Section>
<Section span_begin="4905" span_end="4940" id="SECCION_TRATAMIENTO_AL_ALTA" type="INFORMACIÓN SOBRE TRATAMIENTO">
	<name><![CDATA[TRACTAMENT I RECOMANACIONS A L'ALTA]]></name>
	<text><![CDATA[
-	Dieta baixa en sal i greixos.
-	No fumar
-	Control dels factors de risc cardiovascular
-	Colesterol (LDL) < 70mg/dl
-	Tensió arterial sistòlica < 135mmHg / Diastòlica < 85mmHg
-	Tractament farmacològic
-	Enalapril 5 mg al día
-	Adiro 100mg cada 24h després d'esmorzar
-	Atorvastatina 40mg cada 24h a la nit.
	]]></text>
</Section>
<Section span_begin="5252" span_end="5259" id="SECCION_CONTROL" type="INFORMACIÓN SOBRE TRATAMIENTO">
	<name><![CDATA[CONTROL]]></name>
	<text><![CDATA[
Control per Neuròleg de l'hospital de zona.
Control dels factors de risc cardiovascular pel seu equip d'atenció primària.
DESTINACIÓ A L'ALTA:	A DOMICILI
Validat per: _NAME_	Col·legiat: _ID_
30.01.2017
Pàgina 1 de 3	]]></text>
</Section>
</ehr>