<?xml version='1.0' encoding='UTF-8'?>
<ehr id="330929439.utf8.txt">
<Section id="DEFAULT_HEADER" type="DEFAULT_HEADER" >
	<name>DEFAULT_HEADER</name>
	<text><![CDATA[
Cognoms:   _NAME_	Adreça:  _LOCATION_
Nom:	_NAME_		_LOCATION_ Edat: 61	Sexe:H	CIP:	_ID_	NIF:	_ID_ Data naixement:   _DATE_	NHC:	_ID_	NASS:    _ID_
Telèfon / Mòbil:	_CONTACT_ / _CONTACT_
INFORME  D'ASSISTÈNCIA
Metge/essa:	_NAME_	Servei:	Neurologia
Data ingrés:	27/01/ 2017	Data Alta: 01/02/ 2017
S'informa a:	Metge de família	Núm.  llit: _ID_
	]]></text>
</Section>
<Section span_begin="347" span_end="358" id="SECCION_DIAGNOSTICO_PRINCIPAL" type="DIAGNÓSTICO">
	<name><![CDATA[DIAGNÒSTICS]]></name>
	<text><![CDATA[
:
1.	Ictus isquèmic d'etiologia aterotrombòtica a territoris basilar (protuberància) i talamoperforant
2.	HTA
3.	DM 2
Pacient de 61 anys sense al·lèrgies medicamentoses ni hàbits tòxics.
	]]></text>
</Section>
<Section span_begin="548" span_end="571" id="SECCION_ANTECEDENTES_PATOLOGICOS" type="ANTECEDENTES">
	<name><![CDATA[ANTECEDENTS  PATOLÒGICS]]></name>
	<text><![CDATA[
:
·	DM II en tractament amb ADO's. No disposem d'A/S prèvies
·	HTA en tractament amb Enalapril
	]]></text>
</Section>
<Section span_begin="667" span_end="677" id="SECCION_TRATAMIENTO_HABITUAL" type="INFORMACIÓN SOBRE TRATAMIENTO">
	<name><![CDATA[Tractament]]></name>
	<text><![CDATA[
: Metformina 1-0-1; Enalapril 1-0-0 (Inici 25/1/2017)
Situació social i funcional:  Natural de  _LOCATION_,  viu  a  _LOCATION_. Casat, viu  amb la seva  esposa (_NAME_). Té tres fills d'un matrimoni previ. Propietari d'un restaurant. Autònom.
	]]></text>
</Section>
<Section span_begin="923" span_end="938" id="SECCION_PROCESO_ACTUAL" type="INFORMACIÓN SOBRE LA HISTORIA ACTUAL">
	<name><![CDATA[MALALTIA ACTUAL]]></name>
	<text><![CDATA[
:
El dia 26/1/17 a les 6.45 quan va al lavabo veu al mirall que té asimetria facial, avisa a l'esposa, i acudeixen a Urg. Arriba 8.12h, activen Codi Ictus 8.30. La darrera vegada que havia estat vist asimptomàtic va ser la nit anterior a les 22h. El pacient refereix que no va dormir en tota la nit.
	]]></text>
</Section>
<Section span_begin="1239" span_end="1256" id="SECCION_EXPLORACION_FISICA" type="INFORMACIÓN SOBRE LA EXPLORACIÓN FÍSICA">
	<name><![CDATA[EXPLORACIÓ FÍSICA]]></name>
	<text><![CDATA[
:
Urgències: PA 201/105, Tª.ax 35, FC 69x´, SO2 100%, BM test 259
Planta: TA 145/82; FC 51; FR 18; SatO2 99; T 35.3º; BMT 195. PELL I MUCOSES: Normohidratat i
Normocolorit. Sense lesions cutànies. Sense edemes  a EEII. Sense signes  de TVP. No presenta UPP.  RESP: MVC, sense sorolls sobreafegits. No bufs carotidis. COR: Tons cardíacs rítmics. Sense bufs.  No  IJ.  Polsos  perifèrics  presents  i  simètrics.  ABDOMEN:  Tou  i  depressible.  S'ausculta peristaltisme. No dolorós a la palpació. No es palpen masses ni megàlies. No signes de peritonisme. NRL:  Conscient  i  orientat  a  les  tres  esferes. No  disàrtria.  Paràlisi  facial  central  dreta,  amb  clar predomini  del  component  inferior  però  també  lleu  component  superior,  resta  de  ppcc  normals. Pupil·les  normoreactives  i  isocòriques.  Mobilització  ocular  normal.  No  dèficits  campimètrics.  No signes  meningis.  Mobilització  d'extremitats  sobre  pla  i  contra  gravetat,  no  claudicació.  Sense bradicinèsia. Hipoestèsia a tot l'hemicòs esquerre. ROT simètrics. RCP flexor. Coordinació normal. Marxa estable. Escala NIHSS (0-0-0-0-0) / 2-(0-0)-(0-0)/ (0-1-0-0-0)= 3
	]]></text>
</Section>
<Section span_begin="2414" span_end="2443" id="SECCION_EXPLORACIONES_COMPLEMENTARIAS" type="INFORMACIÓN SOBRE PRUEBAS COMPLEMENTARIAS">
	<name><![CDATA[EXPLORACIONS  COMPLEMENTÀRIES]]></name>
	<text><![CDATA[
:
Analítica a Urgències: G 278.1 mg/dl; resta d'hemograma, bioquímica i coagulació normals.
Analítica general d 'ingrés : glucosa 125'4 mg/dl, àc. úric 7'2 mg/dl, triglicèrids 181.1 mg/dl, Hb glic. 9'1%. Resta de bioquímica i hemograma dins la normalitat.
ECG (Urgències): Ritme sinusal FC 70x'.  Eix  30º. PR 0.12;  QRS  0.08; Sense alteracions  de  la
repolarització.
TAC cranial urg (26/1, 8.45h): Infart llacunar antics ganglio-basals dret.
AngioTAC (urg): Hipoplàsia A1 dreta. Ateromatosi lleu a caròtides internes extracranials. No oclusions de gran vas.
RMN cranial: Petits focus de restricció de senyal en seqüència de DW situats a tàlem dret i marge dret de la protuberància/bulb, compatibles amb lesions isquèmiques agudes. Absència de desplaçaments d'estructures de la línia mitja supra i infratentorials. Sistema ventricular  no dilatat. Discret eixamplament de valls silvians i solcs corticals de la convexitat per discreta atròfia cortical global. S'observen focus d'alteració de senyal a substància blanca frontal bilateral, inespecífics, d'aspecte hipòxic-isquèmic. Atròfia cerebel·losa. Cisternes basals i perimesencefàliques lliures. Unió crani-cervical sense anomalies valorables.
Ecodoppler TSA: mínima ateromatosi en bulb carotidi dret, sense alteracions del flux en ACIs i ACEs, que són simètrics. Arteries vertebrals extracranials amb flux ortodròmic normal.
DTC: Signes de ateromatosi intracranial amb acceleracions focals de varies arteries del polígon de Willis: ACM esquerre proximal estenosi moderada (VPS 250 cm/s), ACM dreta estenosi lleu (VPS
180 cm/s), ACA dreta (flux rugós i VPS 120cm/s), sifó dret (flux rugós VPS 110 cm/s).  Resta d'artèries normals. A nivell suboccipital s'insonen ambdues V4, unió vertebrobasilar i arteria basilar en tot el seu recorregut sense alteracions del flux.
Holter: Ritme Sinusal. FC entre 44 i 86 bpm amb una FC mitja de 58 bpm. 2 ESVs. No EVs. No taqui ni bradiarítmies. No pauses significatives. No canvis en el segment ST. El pacient no refereix símptomes durant el registre.
Ecocardiograma: HVE septal important no obstructiva. Bona funció sistòlica. Estudi valvular normal.
	]]></text>
</Section>
<Section span_begin="4589" span_end="4597" id="SECCION_EVOLUCION" type="INFORMACIÓN SOBRE EVOLUCIÓN">
	<name><![CDATA[EVOLUCIÓ]]></name>
	<text><![CDATA[
:
Pacient amb antecedents de diabetis mellitus en tractament amb ADO i HTA en tractament d'inici recent, sense altres antecedents que acudeix a urgències a les 08:12 hores el 26/1 pels seus propis mitjans, per clínica de dificultat a la parla i desviació de la comissura bucal. Es valorat per Neurologia a les 8:30h, es practica TAC a les 08:40 hores. Atesa cronologia incerta es decideix no fibrinòlisi i donat que s'objectiva oclusió de gran vas, es desestima tractament endovascular, decidint-se ingrés a planta de Neurologia.
Durant l'ingrés el pacient s'ha mantingut estable, mantenint a l'alta una parèsia facial de  clar predomini del component inferior, mínima afectació superior, i una hipoestèsia esq. que no l'impedeixen desenvolupar cap de les seves activitats (NIHSS 3, Rankin 1). Des del punt de vista etiològic s'observen a l'estudi neurosonològic signes d'ateromatosi extracranial i intracranial, pel que es decideix tractament antiegrant amb estatines, recomanant-se control dels factors de risc.
A l'ingrés ha mantingut xifres de glicèmia correcta amb mínimes dosis d'insulina, pel que es manté a l'alta el seu ADO habitual, i ha mantingut xifres normals de TA sense precisar dosi extra d'antihipertensiu. Es manté el seu tractament habitual, però recomanant control estricte dels esmentats factors de risc.
Es dóna d'alta a domicili i es cita a CCEE de Neurologia.
	]]></text>
</Section>
<Section span_begin="5982" span_end="5992" id="SECCION_TRATAMIENTO_HABITUAL" type="INFORMACIÓN SOBRE TRATAMIENTO">
	<name><![CDATA[TRACTAMENT]]></name>
	<text><![CDATA[
:
·	Tromalyt 300 mg, 1 comp. al dia.
·	Atorvastatina 40 mg, 1 comp. al vespre.
·	Omeprazol 20mg/d
·	Metformina 1-0-1.
·	Enalapril 5mg 1-0-0.
·	
Signat per _NAME_ núm.col: _ID_ Data/ Hora:01-02-2017 15:11	]]></text>
</Section>
</ehr>