<?xml version='1.0' encoding='UTF-8'?>
<ehr id="331222469.utf8.txt">
<Section id="DEFAULT_HEADER" type="DEFAULT_HEADER" >
	<name>DEFAULT_HEADER</name>
	<text><![CDATA[
_LOCATION_
_LOCATION_) Anul·lació/Reprogramació visites:_CONTACT_
Telèfon Centraleta: _CONTACT_
Nº Història Clínica: _ID_
Cognoms, Nom: _NAME_
NºEpisodi: _ID_
CIP: _ID_
Sexe: Home
Data de Naixement: _DATE_   Edat: 59 Anys
NIF/DNI: _ID__NAME_; _NAME_; _NAME_
Informe d'alta d'hospitalització
10:47:04
02.02.2017
_LOCATION_
_SS_ NEUROLOGIA
CP
ABS
Servei Data d'alta
_LOCATION_
_CONTACT_; _CONTACT_; _CONTACT_
DOMICIL/RES.SOC 26.01.2017
Adreça
Telèfon Procedència Data d'ingrés Atès per
	]]></text>
</Section>
<Section span_begin="487" span_end="501" id="SECCION_MOTIVO_DE_INGRESO" type="MOTIVO DEL INGRESO">
	<name><![CDATA[MOTIU D'INGRÉS]]></name>
	<text><![CDATA[
Varón de 59 años que ingresa por hematoma ganglios basales izquierdos.
	]]></text>
</Section>
<Section span_begin="574" span_end="585" id="SECCION_ANTECEDENTES" type="ANTECEDENTES">
	<name><![CDATA[ANTECEDENTS]]></name>
	<text><![CDATA[
Sin alergias medicamentosas conocidas
Ex-fumador desde hace más 15 años, no otros hábitos tóxicos.
FRCV: no HTA conocida (en controles de CAP consta TA sistólica alrededor 140 mmHg). No DM, no DLP conocidas.
No cardioneumopatías conocidas.
No antecedentes neurológicos de interés. No IQ.
	]]></text>
</Section>
<Section span_begin="875" span_end="890" id="SECCION_SITUACION_FUNCIONAL" type="ANTECEDENTES">
	<name><![CDATA[Situación basal]]></name>
	<text><![CDATA[
: Independiente para todas AVBD. Es músico.mRankin 0.
	]]></text>
</Section>
<Section span_begin="946" span_end="964" id="SECCION_TRATAMIENTO_HABITUAL" type="INFORMACIÓN SOBRE TRATAMIENTO">
	<name><![CDATA[MEDICACIÓ HABITUAL]]></name>
	<text><![CDATA[
Niega
	]]></text>
</Section>
<Section span_begin="972" span_end="985" id="SECCION_PROCESO_ACTUAL" type="INFORMACIÓN SOBRE LA HISTORIA ACTUAL">
	<name><![CDATA[PROCÉS ACTUAL]]></name>
	<text><![CDATA[
Paciente que ingresa por presentar el 25/01/17 a las 22:30h, estando previamente asintomático, cuadro brusco de alteración del lenguaje compatible con afasia y debilidad hemicuerpo derecho. No cefalea ni cuadro intercurrente los días previos. Se activa Código ictus vía SEM a las 22.45h. A la llegada del SEM en domicilio, TA 142/81mmHg. Se traslada a UCIEs _SS_.
Llega al _SS_ a las 23:00h, el paciente presenta tendencia a la HTA (143/93 mmHg), FC 74lpm, afebril, SatO2 98%, DXT 94. Coagulcheck 1. Por monitor se objetiva ritmo sinusal. En la exploración neurológica el paciente presenta estado vigil, PICNR, orientación no valorable por afasia (no dice mes, ni edad) (2), afasia mixta moderada (nomina 1/5, evoca 1/5 no repite) (2), obedece 2 ordenes simples, no complejas, MOEs sin restricciones, no HH por amenaza, PFSN D (2), hemiparesia B 4/5 y C 2/5 D (1+3) , sensibilidad impresiona de conservada, RCP flexor bilateral. NIHSS 10. Se realiza TAC craneal (23:27h) en el que se objetiva hematoma de los ganglios de la base izquierdos sin efecto de masa significativo. Su semiología sugiere mecanismo hipertensivo. En la analítica realizada en Urgencias destaca discreta hipopotasemia (3.70 mmol/L), resto sin alteraciones. ECG en ritmo sinusal a 60 lpm, eje 60º, PR normal, QRS estrecho sin alteraciones agudas en la repolarización. Rx tórax (decubito, poco inspirada) con cardiomegalia (ICT > 0,5), no condensaciones parenquimatosas.
Se orienta como hematoma intraparenquimatoso (ggbb izquierdo) de etiología a estudio. Se comenta con Radiólogo de guardia posiblidad de realización de angioTC que se desestima por no ser localización sugestiva de malformación aneurismática. Ingresa en NRL (Unidad de Ictus).
	]]></text>
</Section>
<Section span_begin="2705" span_end="2722" id="SECCION_EXPLORACION_FISICA" type="INFORMACIÓN SOBRE LA EXPLORACIÓN FÍSICA">
	<name><![CDATA[EXPLORACIÓ FÍSICA]]></name>
	<text><![CDATA[
Informe d'alta d'hospitalització
TA 131/99mmHg,  FC 49 lpm,   Tª 35.9ºC,  Sat O2 92%
NRL: consciente y orientado en TEP. Disartria leve (1), lenguaje conservado. MOEs conservados, campimetría por confrontación conservada, PFSN derecha leve (1), resto de PPCC conservdos. Hemiparesia B 4/5 y C 5-/5 D (1+0), sensibilidad conservada, RCP flexor bilateral. NIHSS 3.
AC: Tonos cardíacos rítmicos sin soplos.
AR: Murmullo vesicular conservado con roncus dispersos.
	]]></text>
</Section>
<Section span_begin="3191" span_end="3216" id="SECCION_EXPLORACIONES_COMPLEMENTARIAS" type="INFORMACIÓN SOBRE PRUEBAS COMPLEMENTARIAS">
	<name><![CDATA[EXPLORACIÓ COMPLEMENTÀRIA]]></name>
	<text><![CDATA[
EN URGENCIAS
Analítica: K 3.70 mmol/L, resto sin alteraciones.
ECG: Ritmo sinusal a 60 lpm, eje 60º, PR normal, QRS estrecho sin alteraciones agudas en la repolarización. Rx tórax (decubito, poco inspirada): ICT > 0,5, no condensaciones.
Tc craneal: Hematoma de los ganglios  de la base izquierdos sin efecto de masa significativo. Su semiología sugiere mecanismo hipertensivo.
EN PLANTA DE Neurología
Analítica de ingreso: Discreta alteración función renal con cretinina 105umol/l, FG 67 mL/min, urea 6.9 mmol/l. Ionograma (Na, K, Ca II) correctos. Perfil hepático (AST, ALT, GGT, FA, bilirrubina, proteinas) normal. Perfil lipídico con hipercolesterolemia (5.59mmol/l) a expensas de LDL (3.66 mmol/L), HDL disminuido (0.93 mmol/l), HDL/colesterol (0.17), hipertrigliceridemia (2.17 mmol/l), colesterol (excluido HDL) elevado (4.66mmol/l). Perfil tiroideo (TSH, T4) normal. Folatos y cobalaminas normales. HbA1c 5.5 %. Hemograma y coagulación no alterados (Hb 161g/l, plaquetas 176.000, leucocitos normales con discreta neutrofilia 5.920/L), TP  1.11, TTPA 0.99, fibrinógeno 3.98g/l). Dímero D 195ìg/L. VSG normal (6mm) y PCR normal. Proteinograma pendiente.
Albuminuria orina de 24h: negativa.
Serología: Lues, VIH, VHB, VHC
RMN cerebral/angioRM cerebral: Hematoma izquierdo de 23 x 28 mm. No se identifican lesiones focales que resulten sospechosas de un proceso subyacente. La secuencia angio-RM no muestra vasos anómalos.
	]]></text>
</Section>
<Section span_begin="4646" span_end="4662" id="SECCION_EVOLUCION" type="INFORMACIÓN SOBRE EVOLUCIÓN">
	<name><![CDATA[EVOLUCIÓ CLÍNICA]]></name>
	<text><![CDATA[
Ingresa para estudio y control evolutivo de hematoma en ganglios basales izquierdos de probable etiología hipertensiva.
Durante su estancia en Unidad Ictus (48h) el paciente se mantiene con buenos controles tensionales con tratamiento antihipertensivo. Destaca bradicardia sinusal como única incidencia en telemetría, asintomática y sin repercusión hemodinámica.
Como parte del estudio vascular se solicita analítica de ingreso en la que destaca leve alteración función renal con cretinina de cretinina 105umol/ estando conservado el FG (FG 67 mL/min), hiperclesterolemia a expensas de LDL colesterol e hipertrigliceridemia por lo que se inicia tratamiento hipolipemiante. Se completa estudio con RMN cerebral y angioRM que objetiva hematoma izquierdo sin lesiones focales subyacentes asociadas ni estructuras vasculares anómalas, ni otras alteraciones a destacar. Para completar estudio hipertensivo se determina albuminuria que resulta normal.
Informe d'alta d'hospitalització
Desde el punto de vista clínico el paciente presenta mejoría neurológica. Al alta, se encuentra asintomático con mínimos bloqueos del lenguaje y alguna parafasia (1), hemiparesia derecha B 5-/5 y C 5-/5. NIHSS 1. mRankin 1.
Buena tolerancia oral, sedestación y deambulación autónoma. Se ha realizado Rehabilitación desde el inicio del ingreso. No ha presentado complicaciones durante el ingreso.
Se orienta como hematoma de ganglios basales izquierdos de etiología probablemente hipertensiva (picos de TAS de hasta 146 mmHg, consiguiendo normotensión con 1 antihipertensivo). Se realizará nueva RM craneal de control en 3 meses. Seguirá controles en NRL ambulatorio (CAP _SS_)
Alta a domicilio
	]]></text>
</Section>
<Section span_begin="6345" span_end="6356" id="SECCION_DIAGNOSTICO_PRINCIPAL" type="DIAGNÓSTICO">
	<name><![CDATA[DIAGNÒSTICS]]></name>
	<text><![CDATA[
431/3 Hematoma cerebral de probable etiología hipertensiva 401.9/4 Hipertensió arterial inespecificada
	]]></text>
</Section>
<Section span_begin="6461" span_end="6473" id="SECCION_PROCEDIMIENTOS" type="PROCEDIMIENTO">
	<name><![CDATA[PROCEDIMENTS]]></name>
	<text><![CDATA[
89.52 Electrocardiograma. ECG NOS, ECG (amb 12 o més derivacions)
	]]></text>
</Section>
<Section span_begin="6541" span_end="6576" id="SECCION_TRATAMIENTO_AL_ALTA" type="INFORMACIÓN SOBRE TRATAMIENTO">
	<name><![CDATA[TRACTAMENT I RECOMANACIONS A L'ALTA]]></name>
	<text><![CDATA[
Enalapril 5 mg 1-0-0
Atorvastatina 40 mg 1-0-0
Omeprazol 20 mg 1-0-0 Dieta hiposòdica
Evitar sedentarismo
	]]></text>
</Section>
<Section span_begin="6684" span_end="6691" id="SECCION_CONTROL" type="INFORMACIÓN SOBRE TRATAMIENTO">
	<name><![CDATA[CONTROL]]></name>
	<text><![CDATA[
-RMN cerebral  para clautrofobicos en 3 meses
-Control con NRL zona _LOCATION_ tras RMN cerebral.
- Control FRCV con médico de cabecera (TA, glucémico, lípidos)
DESTINACIÓ A L'ALTA:	A DOMICILI
Validat per: _NAME_	Col·legiat: _ID_
02.02.2017
Pàgina 1 de 3	]]></text>
</Section>
</ehr>