<?xml version='1.0' encoding='UTF-8'?>
<ehr id="331505026.utf8.txt">
<Section id="DEFAULT_HEADER" type="DEFAULT_HEADER" >
	<name>DEFAULT_HEADER</name>
	<text><![CDATA[
_LOCATION_ Tel. _CONTACT_
e-mail: _CONTACT_
Nº Història Clínica: _ID_
Cognoms, Nom: _NAME_
NºEpisodi: _ID_
CIP: _ID_
Sexe: Dona
Data de Naixement: _DATE_   Edat: 82 Anys
NIF/DNI: _ID__NAME_; _NAME_; _NAME_
Informe d'alta d'hospitalització
CP	_LOCATION_
ABS	_SS_
Servei	NEUROLOGIA
Data d'alta  02.02.2017	11:46:31
_LOCATION_
_ID_
DOMICIL/RES.SOC 25.01.2017
Adreça
Telèfon Procedència Data d'ingrés Atès per
	]]></text>
</Section>
<Section span_begin="409" span_end="423" id="SECCION_MOTIVO_DE_INGRESO" type="MOTIVO DEL INGRESO">
	<name><![CDATA[MOTIU D'INGRÉS]]></name>
	<text><![CDATA[
Ictus ACM izquierda M2.
	]]></text>
</Section>
<Section span_begin="449" span_end="460" id="SECCION_ANTECEDENTES" type="ANTECEDENTES">
	<name><![CDATA[ANTECEDENTS]]></name>
	<text><![CDATA[
Mujer de 82 años, sin alergias medicamentosas conocidas ni hábitos tóxicos. Autónoma para las actividades básicas de la vida diaria, sin embargo es un Rankin 1 por disena . Vive sola.
ANTECDENTES PATOLÓGICOS:
- Hipertensión arterial en tratamiento farmacológico, con regulares controles habituales.
-	Niega dislipemia o diabetes.
-	Sin clínica compatible con bronquitis crónica ni hiperreactividad bronquial. Sin clínica sugestiva de SAHS.
-	Niega gastropatía. Sin clínica de claudicación intermitente.
-	Estenosis Aórtica severa diagnosticada en Octubre del 2016 a raíz de disnea de esfuerzo. Se realiza ecocardiograma que pone de manifiesto un VI hipertrófico con FE conservada, válvula aórtica degenerativa con apertura reducida y estenosis severa (gradiente medio de 90 mmHg, máximo de 140 mmHg), severa calcificación del anillo mitral y insuficiencia mitral moderada ++/+++, cavidades derechas normales y insuficiencia tricuspídea severa, hipertensión pulmonar severa (PAPs estimada 75 mmHg). En los ECG de control se objetiva bloqueo auriculoventricular 2:1 con FVM a 45 lpm. Se realizó recambio valvular el 2/1/2017 sin incidencias siendo dada de alta el día 10.01/2017.
-	Osteoartrosis.
	]]></text>
</Section>
<Section span_begin="1660" span_end="1678" id="SECCION_TRATAMIENTO_HABITUAL" type="INFORMACIÓN SOBRE TRATAMIENTO">
	<name><![CDATA[MEDICACIÓ HABITUAL]]></name>
	<text><![CDATA[
AAS 100mg, Simvastatina 20mg, Omprazol 20mg, Calcium Sandoz D, Enalapril/hidroclorotiazida 20/12.5mg.
	]]></text>
</Section>
<Section span_begin="1782" span_end="1795" id="SECCION_PROCESO_ACTUAL" type="INFORMACIÓN SOBRE LA HISTORIA ACTUAL">
	<name><![CDATA[PROCÉS ACTUAL]]></name>
	<text><![CDATA[
Paciente que estando previamente asintomática presenta de forma súbita el 25.01.2016 una alteración para la emisión del lenguaje por lo que avisan al SEM quienes activan código ictus llegando sobre las 19h00, recuperando la clínica durante su traslado. A las 20:05 presenta de nuevo clínica neurológica con afasia, hemianopsia y hemiparesia derechas por lo que se ativa código ictus intrahospitalario.
	]]></text>
</Section>
<Section span_begin="2201" span_end="2218" id="SECCION_EXPLORACION_FISICA" type="INFORMACIÓN SOBRE LA EXPLORACIÓN FÍSICA">
	<name><![CDATA[EXPLORACIÓ FÍSICA]]></name>
	<text><![CDATA[
FC	96 bpm
Tªaxi 36.0 ºC
FR	rpm Tªrec  ºC
TA s	96 mmHg SAT O2 99 %
TA d   72 mmHg Pes Kg
Informe d'alta d'hospitalització
En Urgencias:
Inicial:  Consciente,  orientada.  Lenguaje  normal.  Campimetría  normal.  Pares  craneales  normales.  Fuerza  y sensibilidad táctil conservadas. No dismetría. NIHSS: 0.
A los 20 minutos: Consciente. Afasia mixta con disartria. Preferencia oculocefálica a la izquierda. Hemianopsia izquierda. Paresia facial supranuclear derecha. Hemiparesia derecha. Probable hemihipoestesia derecha.
NIHSS: 0,1,2,0,2//2,2,0,0,0//0,0,2,1,0=12.
Al salir del TC: Consciene, orientada, colaboradora. Leve disartria, parafasias aisladas. Falla el mes. Campimetría normal. Mínima paresia facial supranuclear derecha. Fuerza conservada en las 4 extremidades. Hemihipoestesia derecha severa. No dismetría.
NIHSS: 0,1,0,0,0//1,0,0,0,0//0,2,1,1,1=7.
En Unidad de Ictus Agudo:
Glicemia 113 mg/dL.
Alerta. Disfasia de predominio sensitivo, disartria. Hemianopsia homónima derecha. Pares craneales sin alteraciones. Claudicación de ESD que impresiona de distaxia sensitiva, resto conservada.  Hemihipoestesia derecha.
NIHSS: 0,1,2,0,2//0,1,0,0,0//0,0,2,1,0=9.
Al alta:
Paciente alerta, afasia mixta de predominio de comprensión, nomina 2/5 objetos, no repite, parafasias semánticas. Dudosa hemianopsia homónima derecha explorada por reflejo de amenaza, leve asimetría facial, no disartria, resto de pares craneales bajos sin alteraciones, no debliadad muscular en las cuatro extremidades, sensibilidad no valorable, deambula por la habitación levemente inestable.
NIHSS: ( 0-1-1) 0-2//1(0-0)-(0-0)//0-1-1-0-0= 7
Exploración sistémica:
AC: Ruídos cardíacos irrregulares, soplo aórtico , no roces AP: MV presente, no ruídos sobreañadidos
Abdomen: Blando, deprewsible, no doloroso a la palpación Extremidades Inferiores: no edemas, pulsos pedios presentes,
	]]></text>
</Section>
<Section span_begin="4100" span_end="4125" id="SECCION_EXPLORACIONES_COMPLEMENTARIAS" type="INFORMACIÓN SOBRE PRUEBAS COMPLEMENTARIAS">
	<name><![CDATA[EXPLORACIÓ COMPLEMENTÀRIA]]></name>
	<text><![CDATA[
En Urgencias: Analítica 25/01/2017:
Hemograma: Leucocitos 7300 (70.3% neutrófilos, 17.3% linfocitos), Hemoglobina 11.3 g/L, Hcto 33.8%, VCM 87.6
fL, HCM 29.2 pg, Plaquetas 292000.
Coagulación: T Protrombina 11.9s, 89%, ratio 1.1, INR 1.1; TTPA 29.2s, ratio 0.94; Fibrinógeno 535 mg/dL.
Bioquímica: Glucosa 157 mg/dL, Urea 39.1 mg/dL, Creratinina  0.83 mg/dL, Sodio 137.2 mmol/L, Potasio 4.1 mmol/L, PCR 15.8 mg/L.
Informe d'alta d'hospitalització
AngioTC craneal 25/01/2017:
Hallazgos: Hipodensidad en la regíon cortico-subcortical sugestivo de ictus agudo de M2 izquierda, ASPECTS 9. Destaca un aumento del coeficiente de la ACM Izquierda en su porción M2 compatible con obstrucción arterial.
Angio TC TSA e intracraneal: Se observa defecto de replección del segmento M2 distal de la ACM izquierda, con buena buena vascularización periférica, hallazgos TC sugestivo de trombo en esta localización. No signos TC sugestivos de aneurismas o MAVS.
ECG: FA a 105 lpm.
En Unidad de Ictus Agudo:
Rx tórax: Cardioemgalia, redistribución vascular.
Analítica (26.01.2017):
Hemograma: Leucocitos 7300, Hemoglobina 10.2 g/L, Hcto 30.3%, VCM 87.9 fL, HCM 29.5 pg, Plaquetas 252000.
Bioquímica: Glucosa 94 mg/dL, Hemoglobina glicosilada  5.5%, Proteína 60.2 g/L, Albúmina 34.8 g/L, Urea 34
mg/dL, Creatinina 0.83 mg/dL (FG 66), Urato 4.4 mg/dL, Calcio 8.4 mg/dL, Fosfato 3.1 mg/dL, Magnesio 2.04 mg/dL, Sodio 140.3 mmol/L, Potasio 4.04 mmol/L, Bilirrubina 0.4 mg/dL, Fosfatasa alcalina 122 U/L, ALT 26 U/L, GGT 56 U/L, LDH 399 U/L, CK40 U/L, PCR 13.4 mg/L, Osmolalidad pendiente.
Perfil lipídico: Triglicéridos92 mg/dL, Colesterol 120 mg/dL, HDL 44.9 mg/dL, LDL 57 mg/dL, Colesterol no HDL 75 mg/dL.
Proteinograma: Pendiente.
Perfil tiroideo: TSH 0.328, T4L 0.92.
Estudio de anemia (27.01.2017):
Hemoglobina  10.6 g/L, Hcto 31.8%, VCM 88.1 fL, HCM 29.3 pg, Leucocitos 8000 (72.7% neutrófilos, 16.8%
linfocitos), Plaquetas 262000.
Eritropatología: Reticulocitos 2.67, 96; Concentración HGB reticulocitaria 27.6 g/dL, Hematíes hipocrómicos 4.6% morfología pendiente, Ferritina 93 ng/mL, Haptoglobina 188 mg/dL, Ácido fólico 5.7 ng/mL, Cobalamina 404 pg/mL, Comentario pendiente.
LDH: 422 U/L.
TC craneal de control (26.01.2017 23:30h): Respecto a exploración previa disponible del 25.01.2017 se aprecia: Aparición de un área de baja atenuación de localización parietal izquierda corticosubcortical que ejerce muy leve efecto masa sobre el asta occipital del ventrículo lateral izquierdo, con una mínima área de componente cortical hiperdenso compatibles con lesión isquémica subaguda de ramas posteriores de ACM izquierda, con mínimos signos de sufusión hemorrágica. Infartos isquémicos lacunares crónicos de ganglios basales bilaterales.
TC Craneal de control ( 01/01/2017) : Resolución completa de los mínimos cambios hemorrágicos agudos que se observaban en localización parenquimatosa corticosubcortical parietal posterior izquierda, persistiendo ahora únicamente una sutil área de bajo coeficiente de atenuación, que puede corresponder a área de edema vasogénico/citotóxico por pequeña lesión isquémica aguda de territorio de ramas ddistales de ACM izquierda. Se observa además la aparición de una pequeña hipoatenuación temporal izquierda menor de un centímetro de diámetro, medial a la cisura silviana, que puede corresponder a una segunda pequeña lesión isquémica subaguda en territorio de ramas profundas - distales de ACM izquierda.
Informe d'alta d'hospitalització
Ecocardiograma transtorácico (26.01.2017): Ventrículo izquierdo no dilatado ligeramente hipertrófico normocontráctil. Aurícula izquierda severamente dilatada. Severa calcificación del anillo mitral. Insuficiencia mitral moderada (III) y discreta elevación de gradientes transmitral. Excrecencia cálcica a nivel del anillo mitral posterior. Prótesis biológica suturless Perceval 23 en posición aórtica normofuncionante.
	]]></text>
</Section>
<Section span_begin="8028" span_end="8044" id="SECCION_EVOLUCION" type="INFORMACIÓN SOBRE EVOLUCIÓN">
	<name><![CDATA[EVOLUCIÓ CLÍNICA]]></name>
	<text><![CDATA[
Mujer de 83 años con antecedente de HTA, DLP, sustitución valvular aórtica (biológica) por doble lesión hace 20 días, mRS 1 (por disnea) que consulta el 25.01.2017 por clínica de alteración del lenguaje. Presenta recuperación del déficit mientras acude al hospital, donde la exploración inicial es normal. A los 20 minutos de la evaluación presenta nuevo episodio de alteración del lenguaje, objetivándose afasia mixta, hemianopsia y paresia de extremidad superior derecha (NIHSS 12). Se realiza angioTC donde se observa oclusión de M2 presentando mejoría espontánea hasta NIHSS de 7 a expensas de leve afasia motora, facial y hemihipoestesia. Constantes dentro de la normalidad. Analítica sin alteraciones. ECG en FA no conocida. Ante la colusión de gran vaso se comenta con guardia de neurología vascular.
A las 20:15h se avisa para valorar trataiento endovascular primario en paciente con clínica de unos 25 minutos de evolución caracterizado por afasia mixta, hemianopsia homónima deercha, paresia facial derecha y mínima claudicación mano derecha puntuando NIHSS 12. Se realiza TC con angio TC que muestra aspects de 10 y oclusión M2 izquierda, por lo que se decide tras solicitar el consentimiento informado a la familia realizar TEV primario con trombectomia mecánica. Entramos en la sala de arteriografia a las 21:30h, el groin puncture es alas 21:45h y el primer estudio angiográfico basal es a las 22:00 obteniendo oclusión M2 con TICI 0, el primer pase con dispositivo CATCH es a las 22:05h sin conseguir recanalizar, se realiza segundo pase a las 22:30h sin conseguir recanalizar. Por la dificultad en pasar la oclusión parece un trombo cálcico. Se realiza tercer pase a las 22:45h, y en ese momento realiza vasoespasmo de la carótida que requiere de la administración de solinitrina ev. No se consigue reacanalizar , por lo que finalmente por la dificultad de extracción de un trombo que parece cálcico para no agergar daño se decide finalizar el procedimiento a las 22:55. Se decide ingreso en la Unidad de Ictus Agudo para control hemodinámico, clínico y metabólico.
Durante su estancia en la Unidad el monitor se ha mantenido en ritmo de FA, con frecuencia ventricular controlada. Leve tendencia a la hipertensión arterial que se corrige tras la reintroducción de su medicación domiciliaria (enalapril). El resto de constantes se han mantenido dentro de la normalidad. Analítica de ingreso con anemia y elevación de LDH por lo que se solicita estudio de anemia que resulta normal. Se realizó ecocardiograma transtorácico con aurícula izquierda severamente dilatada e importante calcificación con moderada insuficiencia mitral. El TC de control muestra una isquemia subaguda en territorio de ramas posteriores de ACM izquierda con mínimas sufusión hemorrágica; dado el tamaño relativamente extenso se decide demorar el inicio de la anticoagulación 5-7 días. Clínicamente se ha mantenido estable, sin cambios exploratorios, persistiendo hemianopsia derecha, disfasia de predominio sensitivo e hemihipoestesia derecha (NIHSS 7) .Inicia deambulación por la planta sin alteraciones y nutrición enteral tras test de disfagia normal. Se repite TAC a los 7 días tras el ictus y se obejtiva  persistencia del área hipodensa que corresponde con el territorio anterior y cortical de la ACM izquierda, sin signos de sangrado por lo que se inicia tratamiento con anticoagulante y se decide alta a domicilio con tratamiento rehabilitador ambulatorio.
Al Alta: NIHSS: 7
Rankin: 4
Informe d'alta d'hospitalització
Barthel: 60
	]]></text>
</Section>
<Section span_begin="11581" span_end="11592" id="SECCION_DIAGNOSTICO_PRINCIPAL" type="DIAGNÓSTICO">
	<name><![CDATA[DIAGNÒSTICS]]></name>
	<text><![CDATA[
436/5 Ictus isquémico de territorio de ACM izquierda ( Segmento M2 de etiología y mecanismo cardioembólico)
401.9 Hipertensió essencial inespecificada Estenosis Aortica
FA de debut
	]]></text>
</Section>
<Section span_begin="11775" span_end="11787" id="SECCION_PROCEDIMIENTOS" type="PROCEDIMIENTO">
	<name><![CDATA[PROCEDIMENTS]]></name>
	<text><![CDATA[
Trombectomía mecánica (25.01.2017):
	]]></text>
</Section>
<Section span_begin="11824" span_end="11835" id="SECCION_DIAGNOSTICO_PRINCIPAL" type="DIAGNÓSTICO">
	<name><![CDATA[DIAGNÓSTICO]]></name>
	<text><![CDATA[
:
Ictus isquémico por oclusión del segmento M2 de la ACM izquierda. ARTERIOGRAFÍA:
Bajo sedación y con anestesia local, previa asepsia y antisepsia, por punción femoral derecha, con la técnica de Seldinger, se hacen cateterismo selectivo de la ACI izquierda, y se hacen estudios angiográficos en todas las proyecciones necesarias. La exploración pone de manifiesto:
1. Oclusión de la división inferior de la ACM izquierda (segmento M2) (TICI:0). TROMBECTOMÍA MECÁNICA:
Con la ayuda de una guía de alto soporte, se hace un intercambio del catéter diagnóstico por un catéter guía Neuron Max, que se coloca en la ACI izquierda. Con un microcatéter Rebar 18 y una microguía Synchro 14, se hace un microcateterismo de la ACM izquierda, hasta el segmento M2. Llama la atención lo dificultoso que resulta atravesar el trombo, probablemente calcificado. Se sube y despliega un stent Catch+ 4x20 mm, con el que se repermeabiliza parcialmente la división inferior de la ACM izquierda. Bajo aspiración continua, se retira el stent de forma lenta y cuidadosa, con el que se extrae un pequeño trombo, no lográndose repermeabilización de la división inferior de la ACM izquierda. Se repite el mismo procedimiento en dos  ocasiones más, extrayéndose muy pequeños trombos, pero sin conseguir recanalizara la división inferior de la ACM izquierda. Dada la dificultad en atravesar y extraer el trombo y la clínica fluctuante de la paciente, se consensua con el Neurólogo Vascular, dar por terminado el procedimiento. Se cierra el punto de punción con una sutura mecánica (Perclose-ProGlide). No se presentan complicaciones y la paciente ha tolerado muy bien el procedimiento.
CONCLUSIÓN:
1. Oclusión de la división inferior de la ACM izquierda (TICI:0), por un trombo probablemente calcificado que no ha sido posible recanalizar mediante trombectomía mecánica.
NOTA: No se ha administrado heparina durante el procedimiento.
	]]></text>
</Section>
<Section span_begin="13742" span_end="13777" id="SECCION_TRATAMIENTO_AL_ALTA" type="INFORMACIÓN SOBRE TRATAMIENTO">
	<name><![CDATA[TRACTAMENT I RECOMANACIONS A L'ALTA]]></name>
	<text><![CDATA[
-	Acenocumarol según pauta de Hematología
-	Simvastatina 20mg c/ 24 horas
-	Omprazol 20mg c/ 24 horas
-	Calcium Sandoz D c/ 24 horas
-	Enalapril/hidroclorotiazida 20/12.5mg.
	]]></text>
</Section>
<Section span_begin="13953" span_end="13960" id="SECCION_CONTROL" type="INFORMACIÓN SOBRE TRATAMIENTO">
	<name><![CDATA[CONTROL]]></name>
	<text><![CDATA[
-	Se solicita visita en consultas externas de Neurología el día03/05/2017 12:35
-	Se solicita visita en consultas externas de Rehabiltación
-	
Informe d'alta d'hospitalització
-	Control de Sintrom ( se adjunta hoja)
DESTINACIÓ A L'ALTA:	A DOMICILI
Validat per: _NAME_	Col·legiat: _ID_
02.02.2017
Pàgina 1 de 6	]]></text>
</Section>
</ehr>