<?xml version='1.0' encoding='UTF-8'?>
<ehr id="331974543.utf8.txt">
<Section id="DEFAULT_HEADER" type="DEFAULT_HEADER" >
	<name>DEFAULT_HEADER</name>
	<text><![CDATA[
_LOCATION_) Telèfon _SS_  972 _CONTACT_
Telèfon IDI (Ressonància i TAC) _CONTACT_
Telèfon ICO _CONTACT_
Nº Història Clínica: _ID_
Cognoms, Nom: _NAME_
NºEpisodi: _ID_
CIP: _ID_
Sexe: Dona
Data de Naixement: _DATE_   Edat: 79 Anys
NIF/DNI: _ID__NAME_; _NAME_; _NAME_
Informe d'alta d'hospitalització
CP	_LOCATION_
ABS	_SS_
Servei	NEUROLOGIA
Data d'alta  03.02.2017	14:47:32
CR/GARBÍ 36 SALT
_CONTACT_; _CONTACT_; _CONTACT_; AGUTS
02.02.2017
Adreça
Telèfon Procedència Data d'ingrés Atès per
	]]></text>
</Section>
<Section span_begin="493" span_end="507" id="SECCION_MOTIVO_DE_INGRESO" type="MOTIVO DEL INGRESO">
	<name><![CDATA[MOTIU D'INGRÉS]]></name>
	<text><![CDATA[
Ictus ACM derecha.
	]]></text>
</Section>
<Section span_begin="528" span_end="539" id="SECCION_ANTECEDENTES" type="ANTECEDENTES">
	<name><![CDATA[ANTECEDENTS]]></name>
	<text><![CDATA[
	]]></text>
</Section>
<Section span_begin="540" span_end="563" id="SECCION_ANTECEDENTES_PERSONALES" type="ANTECEDENTES">
	<name><![CDATA[ANTECEDENTES PERSONALES]]></name>
	<text><![CDATA[
-Refiere alergia al paracetamol.
-No hábitos tóxicos.
-Independiente para las ABVD. Rankin 0. Vive sola.
	]]></text>
</Section>
<Section span_begin="670" span_end="694" id="SECCION_ANTECEDENTES" type="ANTECEDENTES">
	<name><![CDATA[ANTECEDENTES PATOLÓGICOS]]></name>
	<text><![CDATA[
-Hipertensión arterial diagnosticada en 1996, en tratamiento farmacológico. Cifras tensionales sistólicas habituales
>150.
-Dislipemia diagnosticada el 1996, en tratamiento con estatinas. Último control (03/12/15): Colesterol 212mg/dL, HDL 81mg/dL, Triglicéridos74mg/dL.
-Hiperuricemia, sin tratamiento farmacológico. Último control (03/12/15): urato 5,2mg/dL.
-Bloqueo de rama derecha.
-Cardiopatía isquémica diagnosticada en 2006 (según notas de primaria), en tratamiento con adiro. Gammagrafía con moderada isquemia inferolateral y apical.
-AIT carotídeo izquierdo el 29/01/17 de mecanismo embólico y etiología cardioembólica por FA de nueva aparición. Clínica de desviación de comisura labial derecha y disartria de 10 minutos de duración. TAC craneal normal. Eco-doppler: TSA: engruiximent intimal sense ateromatosis, no estenosis a ACIs. AV correctes. Flux pulsàtils. TC (mala finestra que requereix contrast): ACM esquerre sense alteracions, a nivell osteotemporal dret només es visualitza ACP sense alteracions. Es visualitza ACM dreta proximal via osteotemporal esquerre. V4 i basilar sense alteracions desviació comissura labial dreta i disartria de 10 minuts de durada. Se inicia tratamiento anticoagulante con HBPM + sintrom.
-Histerectomía vaginal + colpoplastia anterior en 2008 por histeroptosis grado III + cistocele.
	]]></text>
</Section>
<Section span_begin="2030" span_end="2048" id="SECCION_TRATAMIENTO_HABITUAL" type="INFORMACIÓN SOBRE TRATAMIENTO">
	<name><![CDATA[MEDICACIÓ HABITUAL]]></name>
	<text><![CDATA[
Amlodipino 10mg c/24hrs, Emconcor 2,5mg c/24hrs, Enalapril 20mg c/24hrs, Hidroclorotiazida  50mg c/24hrs, Lovastatina 40mg 1.5com c/24hrs, Omeprazol 20mg c/24hrs, Sintrom según pauta.
	]]></text>
</Section>
<Section span_begin="2234" span_end="2247" id="SECCION_PROCESO_ACTUAL" type="INFORMACIÓN SOBRE LA HISTORIA ACTUAL">
	<name><![CDATA[PROCÉS ACTUAL]]></name>
	<text><![CDATA[
Paciente, mujer de 79 años, explica que desde el día que se va de alta de urgncias (29/01/17) ha presentado recurrencia de sintomatología de pocos minutos de duración. A las 21:00h del día 01/02/17 inicia de manera súbita paresia facial izquierda+ disartria moderada. A las 22:10hrs se activa codi ictus intrahospitalario.
	]]></text>
</Section>
<Section span_begin="2572" span_end="2589" id="SECCION_EXPLORACION_FISICA" type="INFORMACIÓN SOBRE LA EXPLORACIÓN FÍSICA">
	<name><![CDATA[EXPLORACIÓ FÍSICA]]></name>
	<text><![CDATA[
Informe d'alta d'hospitalització
TA 160/74	FC: 76	T: 36,5ºC
CV: tonos cardíacos arrítmicos. No soplos ni roces, No edemas en zonas declives. Pulsos periféricos presentes y simétricos.
RESP: murmullo vesicular conservado. No estertores ni sibilancias.
NRL: vigil, orientada. MOE conservados. Cuadrantanopsia  homónima inferior izquierda. Parálisis braquiocrural izquierda leve. Disartria leve. Hipoestesis izquierda leve. Extinción táctil izquierda. NIHSS= 00001/10000/01011= 5.
	]]></text>
</Section>
<Section span_begin="3076" span_end="3101" id="SECCION_EXPLORACIONES_COMPLEMENTARIAS" type="INFORMACIÓN SOBRE PRUEBAS COMPLEMENTARIAS">
	<name><![CDATA[EXPLORACIÓ COMPLEMENTÀRIA]]></name>
	<text><![CDATA[
URGENCIAS HJT
Analítica de sangre: Hb 12.7 g/dL, Hcto 39%, VCM 87.7 fL, HCM 28 pg, C.H.C.M. 32 g/dL, A.D.E. 13.4 %,
Plaquetes 267   K/mcL, Leucòcits 6.89 K/mcL, Neutròfils 48.8%, Limfòcits 37%, TP 23%, INR 3.25, TTPA 52.2
segons, Fibrinogen 304 mg/dL, Glucosa 149 mg/dL, Urea 42 mg/dL, Creatinina 0.57 mg/dL, Urat 6.7 mg/dL,
Proteïna 6.7 g/dL, Albúmina 4.3 g/dL, Colesterol 165 mg/dL, HDL 66 mg/dL, LDL 85 mg/dL, Triglicèrid 68 mg/dL,
Bilirubina total 0.26 mg/dL, GOT 104 U/L, GPT 74 U/L, GGT 24 U/L, FA 90 U/L, LDH 209 U/L, CK 301 U/L,
Amilasa 45 U/L, Calci 9.6 mg/dL, Na 138 mEqu/L,K 4 mEqu/L, Troponina T 16.6 ng/L.
TAC craneal:
Absència de signes hemorràgics aguts intra o extra-axials. No s'observen alteracions isquèmiques agudes/subagudes al parènquima cerebral (ASPECTS 10).
L'estudi de perfusió mostra un allargament de l'MTT/TTP amb un CBV/CBF dins els límits de la normalitat al territori superficial de l'ACM dreta en relació a àrea isquèmica hiperaguda (penombra del 100%).
L'estudi angiogràfic mostra un defecte de repleció compatible amb trombe arterial al segment M1 distal de l'ACM dreta amb bona repermeabilització distal. Resta de vasos arterials del polígon de Willis, sistema vértebro-basilar i territori carotídi sense alteracions. Infarts llacunars crònics càpsulo-ganglionars bilaterals.
Hipodensitat de la substància blanca periventricular i subcortical, bilateral, en relació a signes de gliosi/desmielinització per hipoperfusió crónica. Resta de parènquima cerebral, cerebel·lós i del tronc encefàlic sense alteracions densitomètriques valorables. Dilatació del sistema ventricular proporcional a la dilatació dels solcs corticals en relació a signes d#atròfia cerebral còrtico-subcortical. Lesió hipodensa a la regió frontobasal esquerra, que té la mateixa atenuació que el líquid cefaloraquidi, compatible amb quist aracnoïdal. Estructures de la línia mitja centrades. Cisternes basals lliures.
CONCLUSIÓ: Estudi TC cranial que mostra signes d'infart hiperagut (penombra del 100%) del territori superficial de l'ACM dreta. ASPECTS 10. Trombe arterial al segment M1 distal de l'ACM dreta.
HGTiP
TAC craneal simple y angioTAC TSA/craneal (02/02/2017):
Restos de contraste por angio-TC previa.
Hipoatenuación de núcleo lenticulado derecho, compatible con signos TC iniciales de infarto isquémico agudo del territorio de ACM derecha, (ASPECTS 9).
Quiste aracnoideo frontal izquierdo con remodelado óseo de la tablainterna del hueso frontal izquierdo.
Múltiples infartos isquémicos lacunares crónicos en ganglios basales bilaterales marcada hipoatenuación de la sustancia blanca periventricular, bilateral simétrica y difusa en relación con isquemia crónica.
Informe d'alta d'hospitalització
Moderada atrofia cerebral difusa. Angio-TC TSA y craneal.
Correcta permeabilidad de los vasos arteriales cervicales, con placa calcificada en origen de arteria vertebral derecha, que es de menor tamaño que la izquierda.
Oclusión del segmento M1 de ACM derecha.
Resto de estructuras arteriales y venosas craneales permeables. Colateralidad intermedia.
Sin otros hallazgos TC valorables.
Trombectomía: La paciente llega a la sala a la 1:15, hora de punción 1:30. En la primera serie realizada a las 1:39 se objetiva oc lusión M2 ACM D rama posterior, TICI 0. Se realiza un primer pase a la 1 :48 sin conseguirse recanalización. Tras un segundo pase a la 1:55 se co nsigue recanalización completa TICI 3. Se decide finalizar el procedimie nto a las 2:05. Al finalizar el procedimiento NIHSS 4 cuadrantanopsia i nferior I (1), PFSN I leve (1), Disartria leve (1) e hipoestesia leve (1 ). Se recomienda control tensional estrecho, vigilancia neurológica y s i no hay complicaciones TC craneal control en 24 horas.
TC craneal de control en _SS_: atrofia cerebral y leucoaraisosis. Infartos lacunares cronicos. No lesiones isquémicas nuevas ni transformación hemorrágica
	]]></text>
</Section>
<Section span_begin="6996" span_end="7012" id="SECCION_EVOLUCION" type="INFORMACIÓN SOBRE EVOLUCIÓN">
	<name><![CDATA[EVOLUCIÓ CLÍNICA]]></name>
	<text><![CDATA[
Paciente de 79 años en tratamiento anticoagulante desde el 29/01/17 (HBPM + sintrom) por AIT carotídeo izquierdo de etiología cardioembólica por FA de nueva aparición, con TAC craneal sin lesiones agudas. Presenta cuadro de inicio  súbito de disartria y paresia facial izquierda. TAC craneal muestra infarto hiperagudo en territorio de ACM derecha y trombo aterial en segmento M1 distal de la ACM derecha. Contraindicación para rTPA por INR de 3,25 y adminsitración de 80mg de clexane 15min antes de incio se síntomas, razón por la cual se deriva a _SS_ para trombectomía mecánica, consiguiendo recanalización completa.
Se deriva de nuevo a nuestro centro e ingresa en la Unidad de Ictus bajo vigilncia semiintensiva. Duyrante el ingreso ha presentado mejoría clínica progresiva, persistiendo al alta paresia facail central izquierda leve y leve disartria, camina con caminador porque se siente insegura.
Dado que la paciente ha presentado recurrencia del ictus estando con niveles correctos de iNR se decide cambio a apixaban a dosis de 5 mg/12 h.
Dada la mejoría clínica se decide alta a domicilio, seguirá RHB ambulatoria y se habla con la familia para supervisión en domicilio y con UCA pàra seguimiento por equipo de Atención primaria.
Escalas al alta: NIHSS=0
R 3
	]]></text>
</Section>
<Section span_begin="8284" span_end="8295" id="SECCION_DIAGNOSTICO_PRINCIPAL" type="DIAGNÓSTICO">
	<name><![CDATA[DIAGNÒSTICS]]></name>
	<text><![CDATA[
436/5 Infarto cerebral en territorio de arteria cererbal media derecha de mecanismo cardioembolico por fibrilacion auricualr
	]]></text>
</Section>
<Section span_begin="8422" span_end="8434" id="SECCION_PROCEDIMIENTOS" type="PROCEDIMIENTO">
	<name><![CDATA[PROCEDIMENTS]]></name>
	<text><![CDATA[
89.09 Consulta, no especificada de cap altra manera
89.05 Entrevista i avaluació diagnòstiques, no especificades de cap altra manera
89.04 Altra entrevista i avaluació
Informe d'alta d'hospitalització
	]]></text>
</Section>
<Section span_begin="8640" span_end="8675" id="SECCION_TRATAMIENTO_AL_ALTA" type="INFORMACIÓN SOBRE TRATAMIENTO">
	<name><![CDATA[TRACTAMENT I RECOMANACIONS A L'ALTA]]></name>
	<text><![CDATA[
1. Eliquis 5 mg/12 h via oral
Resto de tratamiento sin cambios, excepto suspendrer sintrom Se le avisará para seguir RHB
	]]></text>
</Section>
<Section span_begin="8799" span_end="8806" id="SECCION_CONTROL" type="INFORMACIÓN SOBRE TRATAMIENTO">
	<name><![CDATA[CONTROL]]></name>
	<text><![CDATA[
Control de factores de riesgo vascular por equipo de atencion primaria
Acudirá el día 8/5/2017 a las 17:30 a CCEE de Neurología apra visita de control
DESTINACIÓ A L'ALTA:	A DOMICILI
Validat per: _NAME_	Col·legiat: _ID_
03.02.2017
Pàgina 1 de 4	]]></text>
</Section>
</ehr>