<?xml version='1.0' encoding='UTF-8'?>
<ehr id="333140937.utf8.txt">
<Section id="DEFAULT_HEADER" type="DEFAULT_HEADER" >
	<name>DEFAULT_HEADER</name>
	<text><![CDATA[
I.CLINIC DE NEUROCIÈNCIES G064 SALA G DE NEUROLOGIA
_NAME_	NHC: _ID_
Sexo/Sexe: Masc.	Fecha nac./Data naix.: _DATE_	Edad/Edat: 84 años Dirección/Adreça: _LOCATION_		CP: _LOCATION_
Municip. (Prov.): _LOCATION_  ABS:_SS_		Tel.:_CONTACT_ DONA As.: SERVEI CATALA DE LA SALUT	CIP: _ID_	NASS: _ID_
Nº epis.: _ID_	Tipo/Tipus: HOSPIT.	Ingres.: 03.02.2017 Serv: NEUROLOGIA	UO Enf.: U071 SALA G D'URG. HOSP.	Hora: 17:33:26
	]]></text>
</Section>
<Section span_begin="420" span_end="445" id="SECCION_TIPO_DE_INGRESO" type="TIPO DE INGRESO">
	<name><![CDATA[Tipo ingreso/Tipus ingrés]]></name>
	<text><![CDATA[
: Urgent	Motivo/Motiu alta: Dom. Familiar
Diag.:
CRISIS EPILÉPTICAS () BRONCOASPIRACIÓN ()
Proc.:
ANALÍTICA SANGUÍNEA () RADIOGRAFIA DE TORAX () TAC CRANEAL ()
RMN CEREBRAL () EEG ()
INFORME CLÍNICO ALTA / INFORME CLÍNIC ALTA
	]]></text>
</Section>
<Section span_begin="676" span_end="714" id="SECCION_MOTIVO_DE_INGRESO" type="MOTIVO DEL INGRESO">
	<name><![CDATA[Motivo de consulta / Motiu de consulta]]></name>
	<text><![CDATA[
ALTERACIÓN DEL LENGUAJE
	]]></text>
</Section>
<Section span_begin="740" span_end="802" id="SECCION_ANTECEDENTES" type="ANTECEDENTES">
	<name><![CDATA[Antecedentes e historia previa / Antecedents i història prèvia]]></name>
	<text><![CDATA[
Varón de 84 años sin alergias medicamentosas conocidas ni hábitos tóxicos. Independiente para las ABVD.
** ANTECEDENTES PATOLÓGICOS:
1.- HIPERTENSIÓN ARTERIAL en tratamiento farmacológico. 2.- DIABETES MELLITUS TIPO 2 en tratamiento farmacológico. 3.- DISLIPEMIA en tratamiento farmacológico.
4.- CARDIOPATÍA ISQUÉMICA en tratamiento farmacológico, siendo portador de bypass.
5.- EPISODIOS DE AFASIA DE REPETICIÓN: estudiados con EEG y neuroimagen, sin alteraciones. 6.- BLOQUEO DE RAMA DERECHA DEL HAZ DE HISS.
	]]></text>
</Section>
<Section span_begin="1315" span_end="1339" id="SECCION_TRATAMIENTO_HABITUAL" type="INFORMACIÓN SOBRE TRATAMIENTO">
	<name><![CDATA[*  TRATAMIENTO  HABITUAL]]></name>
	<text><![CDATA[
:  OMEPRAZOL  20mg/24h,  GLIMEPIRIDA  2mg/12h,  CLOPIDOGREL  75mg/24h, ATORVASTATINA 40mg/24h, METFORMINA 850mg/8h, EPINITRIL 5mg/24h, GABAPENTINA
	]]></text>
</Section>
<Section span_begin="1487" span_end="1517" id="SECCION_PROCESO_ACTUAL" type="INFORMACIÓN SOBRE LA HISTORIA ACTUAL">
	<name><![CDATA[Proceso actual / Procés actual]]></name>
	<text><![CDATA[
Varón de 84 años que es traído a urgencias por alteración del lenguaje. El paciente se acuesta a las 00h sin alteraciones, y se despierta sobre las 02:30h con dificultades para comprender y expresarse.
	]]></text>
</Section>
<Section span_begin="1721" span_end="1759" id="SECCION_EXPLORACION_FISICA" type="INFORMACIÓN SOBRE LA EXPLORACIÓN FÍSICA">
	<name><![CDATA[Exploración física / Exploració física]]></name>
	<text><![CDATA[
PAS (mm Hg) 132, PAD (mm Hg) 53, Pulsioximetría (%) 97, Tª axilar (ºC) 37. Glicemia capilar (mg/dl) 7 9. PAS 179mmHg
NRL: consciente y orientado. Lenguaje hipoofluente con rasgos afásicos (no nomina, no repite y realiza alguna  orden  simple).  Mirada  en  posición  primaria  centrada  sin  limitación  de  la  excursión  visual.
Campimetría por confrontación sin alteraciones. No paresia facial. No déficit motor ni sensitivo. No disartria. NIHSS 5.
Laboratorio / Laboratori
**ANALÍTICA SANGUINEA: BIOQUÍMICA GENERAL Proteïna C reactiva (PCR) 0.08 mg/dL Glucosa 273/A mg/dL Creatinina 1.01 mg/dL Filtrat glomerular calculat [CKD-EPI] 67.95 ml/min/ Sodi 140 mEq/L Potasi 3.8 mEq/L Magnesi 1.1/B mg/dL HEMATIMETRIA Recompte de leucòcits 7.28 10^9/L Recompte d´hematies 4.32 10^12/L Concentració d´hemoglobina 126 g/L Hematòcrit 0.390 L/L VCM (Vol. corpusc. mitjana eritròcits) 89.2 fl HCM (Hb corpusc. mitjana) 29.1 pg Recompte plaquetes 121/B 10^9/L HEMOSTÀSIA GENERAL Temps de protrombina (%) 96.4% INR 0.99
**HEMOCULTIVOS en curso.
**URINOCULTIVO negativo.
**CULTIVO DE LÍQUIDO CEFALORRAQUIDEO y PCR DE VÍRUS en curso.
Radiología / Radiologia
**RX DE TÓRAX: Placa compatible con broncoaspiración, ya que presenta aumento de opacidad de base derecha. Resto sin hallazgos patológicos.
**TAC CRANEAL: Conclusiones / Conclusions: - TC CRANEAL BASAL: No se observa hemorragia intra ni extraaxial. Parénquima cerebral sin alteraciones densitométricas. Diferenciación cortico-subcortical conservada. ASPECTS 10. Leve hipodensidad de la sustancia blanca periventricular en probable relación a microangiopatía crónica. No se observan otras lesiones isquémicas parenquimatosas subagudas ni otras lesiones isquemicas crónicas. Estructuras de la línea media centradas. Sistema ventricular de tamaño y morfología normal. Cisternas basales libres. - TC PERFUSIÓN: No se observan alteraciones valorables en el TTP, CBV y CBF. Sin discordancia significativa. - ANGIO-TC EXTRA E INTRACRANEAL: *Artefactos de movimiento que dificultan la exploración de la región cervical alta. Arco aórtico y segmentos proximales de troncos supraórticos con ateromatosis sin signos de estenosis. Origen, bifurcación y segmentos cervicales de ambas carótidas internas sin ateromatosis ni signos de estenosis. Segmentos supraclinoideos de ambas carótidas internas con ateromatosis ni signos de estenosis. Origen de las arterias vertebrales sin ateromatosis ni signos de estenosis. Principales arterias cerebrales intracraneales permeables (ACAs, ACMs y ACPs). Sistema vertebrobasilar permeable. Bocio multinodular con calcificaciones.
	]]></text>
</Section>
<Section span_begin="4370" span_end="4390" id="SECCION_EVOLUCION" type="INFORMACIÓN SOBRE EVOLUCIÓN">
	<name><![CDATA[Evolución / Evolució]]></name>
	<text><![CDATA[
**EVOLUCIÓN SALA DE NEUROLOGÍA:
1.- CRISIS EPILÉPTICA FRONTOTEMPORAL IZQUIERDA en forma de AFASIA DE REPETICIÓN.
Varón de 84 años sin alergias medicamentosas ni hábitos tóxicos conocidos con antecedentes personales a destacar de hipertensión arterial, dislipemia, diabetes mellitus tipo 2, cardiopatía isquémica siendo intervenido para colocación de bypass, bloqueo de rama derecha de haz de his y episodios de afasia de repetición (estudio con EEG y neuroimagen sin encontrar alteraciones). Traído a urgencias por presentar alteración del lenguaje a las 3:00H del día 03/01/2017 persistiendo a su llegada a nuestro centro. Última vez visto asintomático a las 00:00H.
A su llegada a nuestro centro hemodinámicamente estable pero hipertenso, afebril. En la exploración física destaca afasia global (NIHSS 5). Analíticamente muestra hiperglicemia sin otras alteraciones destacables. La neuroimagen (TC craneal multimodal)  no objetiva alteraciones en secuencias basales ni en mapas de perfusión. AngioTC sin evidencia de oclusión. Durante el TC presenta varios vómitos alimentarios.
Dado que la neuroimagen no muestra hallazgos patológicos agudos y los episodios de afasia son aislados, se orienta como posible origen epiléptico. Se decide ingreso en NRL para estudio y se pauta levetiracetam 500mg/12h.
Durante su estancia en sala de Neurología se mantiene estable hemodinámicamente y afebril. Recuperación progresiva de la afasia hasta quedar asintomático. Se realiza EEG evidenciando actividad epileptiforme frontotemporal izquierdo y RMN cerebral sin visualizar lesiones agudas. Dado que presentó pico febril sin
poder descartar inicialmente infección del SNC, se decide realizar punción lumbar con PCR de vírus (pendiente de resultados). No obstante, esta última opción sería poco probable tendiendo en cuenta la correcta evolución que ha presentado y las características bioquímicas del líquido extraído.
Dada la estabilidad clínica y hemodinámica, quedando asintomático, se decide alta a domicilio con tratamiento antiepiléptico. Se solicita cita con Dr. _NAME_ para resultado de PCR y control.
2.- BRONCOASPIRACIÓN.
El paciente presenta pico febricular de 37,4ºC y desaturación de hasta 86% basal, tras episodio de vómitos durante la realización de la neuroimagen. Radiografía de tórax con opacidad en base derecha, compatible con proceso broncoaspirativo. Se inicia oxigenoterapia con mejoría de los valores de la saturación. Al alta no requiere tratamiento específico.
Plan terapéutico / Pla terapèutic
-	Levetiracetam sandoz 500 mg comprimidos recubiertos con pelicula efg , 60 comprimidos. 500 MG. Vía oral. Dos veces al día: desayuno y cena.
- Resto de la medicación sin cambios.
	]]></text>
</Section>
<Section span_begin="7088" span_end="7109" id="SECCION_RECOMENDACIONES" type="INFORMACIÓN SOBRE TRATAMIENTO">
	<name><![CDATA[Otras recomendaciones]]></name>
	<text><![CDATA[
 / Altres recomanacions
-	Control por Médico de Atención Primaria (_SS_), para derivación a NRL de zona (Dr _NAME_).
Firma/Signatura1: _NAME_	Firma/Signatura2: _NAME_ Categoría: Resident 2	Categoría: Espec. Senior
Nº Matrícula HCP: _ID_	Nº Matrícula HCP: _ID_ Fecha/Data: 06.02.2017
Hora: 15:55:38
Docum.: _ID_
Hist. Clínica: _ID_
El _SS_ ha incorporado sus datos al Fichero de Pacientes, para tratarlos con fines sanitarios.
Puede ejercer sus derechos de acceso, rectificación, cancelación y oposición, así como obtener mas información en la Unidad de Atención al Cliente.
Vers. 00
Pag. 2 de
3
	]]></text>
</Section>
<Section span_begin="7708" span_end="7714" id="SECCION_PROCESO_ACTUAL" type="INFORMACIÓN SOBRE LA HISTORIA ACTUAL">
	<name><![CDATA[Episod]]></name>
	<text><![CDATA[
.: _ID_
_SS_ ha incorporat les seves dades al Fitxer de Pacients, per a tractar-los amb finalitats sanitàries. Pot exercir els seus drets d'accés, rectificació, cancel·lació i oposició, i obtenir més informació a la Unitat d'Atenció al Client.
_SS_
_LOCATION_) _LOCATION_) Tel. _CONTACT_ Fax _CONTACT_
http://_CONTACT_/	]]></text>
</Section>
</ehr>