<?xml version='1.0' encoding='UTF-8'?>
<ehr id="335018706.utf8.txt">
<Section id="DEFAULT_HEADER" type="DEFAULT_HEADER" >
	<name>DEFAULT_HEADER</name>
	<text><![CDATA[
_LOCATION_ Tel. _CONTACT_
_CONTACT_
Informe Alta Hospitalització
_NAME_
HC: _ID_
>
Adreça: _LOCATION_	Data naix.: _DATE_ Població: _LOCATION_	Sexe: MASCULI
Provincia: _LOCATION_	CIP: _ID_
País: _LOCATION_	NASS: _ID_
Telèfon: _CONTACT_	DNI o Tarja Residència: _ID_
Servei: Medicina Interna	Data ingrés a URG: 25/01/2017 05:39
Unitat clínica: Medicina Interna	Data hospitalització: 25/01/2017 19:31
	]]></text>
</Section>
<Section span_begin="402" span_end="416" id="SECCION_TIPO_DE_INGRESO" type="TIPO DE INGRESO">
	<name><![CDATA[Tipus d'ingrés]]></name>
	<text><![CDATA[
: Urgències	Data alta: 10/02/2017 13:03
Proveïdor de Serveis: Servei Català de la Salut	Destí: 01 - Alta Domicili
	]]></text>
</Section>
<Section span_begin="533" span_end="553" id="SECCION_DIAGNOSTICO_PRINCIPAL" type="DIAGNÓSTICO">
	<name><![CDATA[Diagnòstic principal]]></name>
	<text><![CDATA[
:
793.11 NODUL PULMO
	]]></text>
</Section>
<Section span_begin="576" span_end="598" id="SECCION_DIAGNOSTICOS_SECUNDARIOS" type="OTROS DIAGNÓSTICOS">
	<name><![CDATA[Diagnòstics Secundaris]]></name>
	<text><![CDATA[
:
434.91 AVC ISQUEMIC
585.9 INSUFICIENCIA RENAL CRONICA 496 MPOC
Pacient de 65 anys d'edat que ingressa per Nódulo pulmonar a estudio
	]]></text>
</Section>
<Section span_begin="739" span_end="750" id="SECCION_ANTECEDENTES" type="ANTECEDENTES">
	<name><![CDATA[Antecedents]]></name>
	<text><![CDATA[
:
Malalties familiars:
IAM (Padre) (Als 41 anys
)
MALALTIA ALZHEIMER (Madre) (
)
IAM (Hermano) (
)
NEOPLASIA MALIGNA BUFETA URINARIA (Hermano) (
)
NEOPLASIA MALIGNA COLON (Hermana) (
)
Malalties prèvies:
HTA RENOVASCULAR (10/01/05: Arteriografía renal por vía femoral derecha: doble ARI, la superior con una estenosis ostial significativa que provoca hipoperfusión renal en el polo superior, la inferior presenta una mínima estenosis no significativa; en el mismo procedimiento se realizó ATP y colocación de un stent en el ostium de la art. renal polar sup. derecha, con buen resultado radiológico. Mal control tensional habitual. Segueix tract amb 5 fàrmacs (doxazosina, B-blocador, ARA-II, diurètic i antag del calci).Un episodi de DPN el febrer 2015 coincidint amb crisi HTA (200/100) )
HIPERPARATIROIDISME SECUNDARI D`ORIGEN RENAL (Calcitriol vo desde 3/2016.) HIPERURICEMIA
AVC ISQUEMIC (Paciente que ingresa el 25/01/17 por paresia braquial derecha y disartria. Disgnosticado de ictus minor. Se aumenta antiagregación. Durante el ingreso presenta crósis tó nicas focales por lo que se inicia medicación anticomicial. Es dado de alta a medicina por hallazgo de nódulo pulmonar. )
HIPERTIROIDISME (Diagnosticado a raíz de estudio por sd tóxico en agosto/2016. Seguimiento por Endocrinología del CAP Dr. _NAME_. )
ANEMIA FERROPENICA (Leve, estudiada durante la valoración por Sd tóxico en PGNUM en agosto/16. FGS con gastritis y FCS normal. No se han indicado más estudios. ) INSUFICIENCIA RENAL CRONICA (MRC G4 A2 d'origen probablement isquèmic en malalt monorrè. Control a CE Nefrologia. Xifres habituals de creat al voltant de 2.5 mg/dl, FGe 25, proteinúria 100-150 mg/g.)
MONORRENO CONGENIT (Agenesia renal derecha)
DIABETIS MELLITUS (En tract amb HHOO des de fa uns 6 anys. Bon control glicèmies. Última Hb glicada octubre 2014 6'8%.)
DISLIPÈMIA (en tract mèdic.)
CARDIOPATIA ISQUEMICA (Debut a l'agost de 2008. Ingrés a Cardiologia per SCASEST.Canvis a cara infero-lateral. per cateterisme lesió del 50% a una 2ª diagonal, oclusió de CX proximal i lesi ó del 85% a CD m. Es tracta amb Stent farmacoactiu l'oclusió de CX i la lesió de CD. Bon resultat. Ecocardiograma NORMAL, no segmentarismes, FE normal.
No explica desde llavors angor, però fa una vida molt limitada per dispnea a petits-mitjans esforç os i en alguna consulta per descompensació MPOC ha referit dolor toràcic valorat com no coronari.
El 28.8.15 ingressa per IAM anterior con elevación del ST Killip I, por coronariografia se diagnostica oclusión trombótica de DA proximal, que se trata con Stent farmacoactivo (tiene tambien una lesión en CX distal a STENT preexistente no tributaria de trat. percutaneo) Tras ACTP el paciente presenta hipertensión que se controla con Nitroprusiato y Solinitrina. Posteriormente se mantiene hemodinámicamnte estable pudiéndose retirar la perfusión de Solinitrina.
Ingresa en semicriticos don ha estada asintomatico, pasando posteriormente a planta de Cardiologia.
No ha repetido dolor toracico, ha tolerado movilización.
En los ECG queda necrosis septal y T negativa anterolateral.
Por ecocardiograma destaca depresión severa de función ventricular (FE 32%) por hipocinesai predominio anterolateral.
)
MPOC AMB BRONQUITIS CRONICA (de severa intensitat (FEV1 32%). Segueix tract BD habitual. Mai ingressos hospitalaris. Continua fumant. Te dispnea crònica de llarga evolució. Es va dioagnosticar SAS però mai ha tolerat CPAP. )
SAS SINDROME APNEA DEL SON (PSG (19/07/06): SAOS leve (EPOC severo). Intoleró CPAPn.)
CLAUDICACIO INTERMITEN.
Al·lèrgies:
El pacient no presenta al·lèrgies conegudes.
Hàbits tòxics:
Hábito tabáquico ; índice tabáquico acumulado: 70 paq/año (Fumador de 2 paquets diaris que va disminuir a 1 paquet amb l'ajuda de Champix. Ara no ho pren.).
Medicació prèvia:
Canduran 4mg/24h Tirodril 5mg 2c/24h Artedil 20mg/24h Furosemida 40mg/24h Relvar ellipta inh 1ap/24h Spiriva 1ap/24h
Prandin 0,5mg/12h  Omeprazol 20mg/24h Nitroderm matrox 1parche/24h Hydrapres 25mg/8h
Bisoprolol 5mg/24h Rocaltrol 0.25mcg/48h Adiro 100mg/24h Crestor 20mg/24h Eztrol 10mg/24h Adenuric 80mg/24h Parapres 16mg/24h Sulbatamol si precisa Paracetamol 1gr/24h Vernies si precisa
Antiagregants: AAS 100mg
	]]></text>
</Section>
<Section span_begin="4977" span_end="4995" id="SECCION_SITUACION_FUNCIONAL" type="ANTECEDENTES">
	<name><![CDATA[Situació funcional]]></name>
	<text><![CDATA[
:
Situació mental: FFSS conservades.
Situació física: Autònom per ABVD.
Antecedents socials i professionals:
Situació social: Vive con su mujer. Autónomo para todas las actividades de la vida diaria
	]]></text>
</Section>
<Section span_begin="5197" span_end="5222" id="SECCION_ANTECEDENTES_PERSONALES" type="ANTECEDENTES">
	<name><![CDATA[Antecedents professionals]]></name>
	<text><![CDATA[
: Ebanista jubilat, contacte amb vernissos i pintures
	]]></text>
</Section>
<Section span_begin="5277" span_end="5292" id="SECCION_PROCESO_ACTUAL" type="INFORMACIÓN SOBRE LA HISTORIA ACTUAL">
	<name><![CDATA[Història Actual]]></name>
	<text><![CDATA[
:
Paciente ingresado en neurología por AVC isquémico. Durante el estudio del paciente se realiza Angio TC carotídeo en el que se evidencia nódulo pulmonar apical derecho, por lo que una vez finalizada la valoración y tratamiento por parte de Neurología se traslada el paciente a Medicina Interna para estudio de nódulo pulmonar.
	]]></text>
</Section>
<Section span_begin="5623" span_end="5640" id="SECCION_EXPLORACION_FISICA" type="INFORMACIÓN SOBRE LA EXPLORACIÓN FÍSICA">
	<name><![CDATA[Exploració física]]></name>
	<text><![CDATA[
:
A urgències:
TA 155/69mmHg, FC 65x', Tª 35.4ºC, SatO2 98% a l'aire, eupneic. AR: alguns sibilants.
CV: TCR, no bufs. No edemes a EEII ni signes de TVP. Polsos perifèrics presents i simètrics.
NRL: conscient i orientat. No afàsia, nominació i comprensió correctes. Lleu disàrtria (1). PICNR, no dè ficit campimètric ni oftalmoparèsies. PFSN dreta (1), parèsia braquial dreta (proximal 5/5, distal 1/5) amb Miller-Fisher i Strauss. No claudicació d'EEII. Hipoestèsia facio-manual dreta (1). NIHSS 4.
A planta de neurología
TA: 157/50, FC: 64X', Tº: 36.3ºC
AC: TCR sense bufs ni frecs. PP presents i simètrics. No edemes EEII ni signes de TVP. AR: MVC sense sorolls sobreafegits. Eupneic.
ABD: tou i depressible no dolorós a la palpació.
NRL: cosncient i orientat en tep. No afàsia. No alteracions de la nominació ni de la comprensió. Disàrtria lleu (1). PICNR. No nistagmus. PFSN dreta (1). Resta PPCC conservats. Parèsia braquial dreta distal 2/5, proximal 5/5. Miller-Fisher dret. No dèficit motor EEII. Hipoestèsia facio-manual dreta (1). No alteracions de la marxa.
A su llegada a Medicina Interna:
Temperatura axil·lar (ºC): 36, Frecuencia Cardíaca (lat/min): 76, Tensión sistólica (mm Hg): 156, Tensión diastólica (mm Hg): 74.
AC: rítmica y sin soplos
AP: MVC sin ruidos sobreañadidos No edemas en MMII
Abdome blando, depresible, no doloroso a l apalpación, no palpo masas ni megalias
NRL: consciente y orientado. PPCC sin alteraciones. Sensibilidad conservada, motilidad conservada salvo dificultad para movimiento con mano drecha (4/5), que ha mejorado progresivamente. No claudicaci ón, sí Miller-Fisher.
MMII sin alteraciones.
No alteraciones de simetría, coordinación ni de la marcha.
Resum proves complementàries:
Laboratori:
DURANTE INGRESO EN NEUROLOGÍA
-	Analítica: Leucòcits 4.66 x 10^9/L, Hematies *4.19 x 10^12/L, Hemoglobina *122 g/L, Hematòcrit *0.38 L/L, Volum corpuscular mig 90.2 fL, Hemoglobina corpuscular mitja 29.1 pg, Conc. Hb. corpuscular mitja 323 g/L, Índex dispersió hematies 12.7 %, Plaquetes 155 x 10^9/L, Volum plaquetar mig 10.8 fL, Índex dispersió de plaquetes 11.9 fL, Plaquetòcrit 0.017 L/L, Neutròfils (%) 65.1 %, Neutròfils 3.03 x 10^9/L, Limfòcits (%) 22.5 %, Limfòcits 1.05 x 10^9/L, Eosinòfils (%) 3.6 %, Eosinòfils 0.17 x 10^9/L, Basòfils (%)
0.4 %, Basòfils 0.02 x 10^9/L, Monòcits (%) 8.4 %, Monòcits 0.39 x 10^9/L, Temps protrombina 0.98 ratio, T.Tromboplastina parcial activ 1.07 ratio, Glucosa *127 mg/dL, Urea *99 mg/dL, Creatinina *3.22 mg/dL, Sodi 144 mEq/L, Potassi *5.2 mEq/L
-	Analítica: (27/01717): Leucòcits 7.3 x 10^9/L, Hematies 5.1 x 10^12/L, Hemoglobina 148 g/L, Hematòcrit
0.45 L/L, Volum corpuscular mig 88.4 fL, Hemoglobina corpuscular mitja 29 pg, Conc. Hb. corpuscular mitja 328 g/L, Índex dispersió hematies 12.7 %, Plaquetes 204 x 10^9/L, Volum plaquetar mig 11 fL, Índex dispersió de plaquetes 13.7 fL, Plaquetòcrit 0.022 L/L, Neutròfils (%) 62.9 %, Neutròfils 4.59 x 10^9/L, Limfòcits (%) 24.5 %, Limfòcits 1.79 x 10^9/L, Eosinòfils (%) 2.9 %, Eosinòfils 0.21 x 10^9/L, Basòfils (%)
0.4 %, Basòfils 0.03 x 10^9/L, Monòcits (%) 9.3 %, Monòcits 0.68 x 10^9/L, Veloc. sedimentació globular
*30 mm 1ª h., Temps protrombina 1 ratio, T.Tromboplastina parcial activ 1.07 ratio, Fibrinògen *7.1 g/L, À cid fòlic sèric 3.9 Nous valors de referència per canvi de mètode analític. Per concentracions < 10 ng/mL es poden observar valors entre un 30% i un 60% inferiors respecte al mètode anterior. ng/mL, Vitamina
B12 321 pg/mL, pH *7.32 pH, Pressió parcial CO2 44 mm Hg, Bicarbonat actual *22.2 mmol/L, CO2 total
*23.5 mmol/L, Exces de base -3.7 mmol/L, Glucosa 95 mg/dL, Urea *143.8 mg/dL, Creatinina *4.15 mg/dL, Sodi 142 mEq/L, Potassi *5.4 mEq/L, Calci 9.9 mg/dL, Fosfor 4.2 mg/dL, Àcid úric 6.9 mg/dL, Aspartat aminotransferasa(AST) 16 U/L, Alaninaminotransferasa (ALT) 13 U/L, Gammaglutamiltranspeptidasa 32 U/L, Bilirubina total 0.5 mg/dL, Bilirubina conjugada 0.2 mg/dL, Creatinquinasa (CK) 136 U/L, Proteïnes totals 70 g/L, Albúmina sérica *48.2 g/L, Colesterol total 186 mg/dL, Triglicèrids *204 mg/dL, Colesterol-HDL 36.9 mg/dL, Colesterol-LDL 108 mg/dL, Magnesi 2.2 mg/dL, Proteïna C reactiva 0.36 mg/dL, Hemoglobina glicada 5.7 %, Homocisteïna 41.7, Ac.
anti-cardiolipina IgM 9.1 U MPL/mL, Ac. anti-cardiolipina IgG <9 U GPL/mL
AL INGRESO EN MEDICINA INTERNA:
Analítica 06/02/2017: Leucòcits 6.04 x 10^9/L, Hematies *4.27 x 10^12/L, Hemoglobina *123 g/L, Hematò crit *0.37 L/L, Volum corpuscular mig 87.1 fL, Hemoglobina corpuscular mitja 28.8 pg, Conc. Hb. corpuscular mitja 331 g/L, Índex dispersió hematies 12.2 %, Plaquetes 166 x 10^9/L, Volum plaquetar mig
11.6 fL, Índex dispersió de plaquetes 14.6 fL, Plaquetòcrit 0.019 L/L, Neutròfils (%) 68.8 %, Neutròfils 4.16 x 10^9/L, Limfòcits (%) 20.4 %, Limfòcits 1.23 x 10^9/L, Eosinòfils (%) 2 %, Eosinòfils 0.12 x 10^9/L, Basò fils (%) 0.5 %, Basòfils 0.03 x 10^9/L, Monòcits (%) 8.3 %, Monòcits 0.5 x 10^9/L, Fibrinògen *6.69 g/L, Dimer-D *878 ng/mL, pH 7.35 pH, Pressió parcial CO2 47.8 mm Hg, Bicarbonat actual 25.9 mmol/L, CO2 total 27.4 mmol/L, Exces de base 0.3 mmol/L, Ferro *36 µg/dL, Ferritina 245.2 ng/mL, Transferrina 221 mg/dL, Índex saturació transferrina *11.6 %, Urea *110.2 mg/dL, Creatinina *2.81 mg/dL, Sodi 145 mEq/L, Potassi 4.3 mEq/L, Calci 9.1 mg/dL, Fosfor 2.8 mg/dL, Àcid úric *3.3 mg/dL, Albúmina sérica 42.4 g/L, Ag. prostàtic específic (PSA) 1.99 ng/mL. Pendiente de TSH, T4, vit D y PTH
Imatge:
-	TC crani/Angio-TC/TC perfusió: No signos de infarto isquémico hiperagudo. ASPECTS: 10. AngioTc sin evidencia de trombosis proximal. Área de infarto isquèmico establecido parietal superior izquierdo, correspondiente a territorio vascular de rama superficial ACM izquierda.
Nódulo pulmonar en apex del LSD sugestivo de proceso neoformativo, a valorar completar con Tc de tò rax.
-	Eco-cardiograma: VE lleument dilatat, FE lleument deprimida (41%) a expenses de segmentarisme anteroseptal i apical. No trombo intracavitari. Dilatació lleugera AE. IM lleugera d'origen degeneratiu Dià metre diastòlic VE: 56mm
-	Holter: sense alteracions
-	TC tòrax: Nòdul de 13 mm al àpex dret sospitós. Goll amb creixement dels 2 lòbuls que comprimeix la tr àquea i la estenosa en sentit transversal discretament, creixement del goll respecte TC del 2007
-RM cranial: Infart isquèmic agut cortical frontal posteriorrolàndic al territori vascular superficial de l'ACM esquerre.
-	PET-TAC: PET realitzat amb 9,75 mCi de 18FFDG: Goll amb creixement dels 2 lòbuls que comprimeix la tràquea i la estenosa en sentit transversal discretament,
creixement del goll respecte TC del 2007. Sense activitat metabòlica significativa.
Nòdul de 13 mm al àpex dret, hipermetabòlic, SUV màx. de 9,1 g/ml, altament compatible mab neoplàsia primària.
Petites adenopaties paratraqueals dretes altes menors de 1 cm, no s'aprecien altres adenopaties mediastí
niques de mida significativa, tampoc amb activitat de FDG.
Extenses calcificacions coronàries. Important ateromatòsi aòrtica, amb imatges de pseudoúlceres. Afectació per emfisema bilateral mes evident a camps superiors. Espais pleurals normals.
Sense alteracions significatives a fetge, melsa, pàncrees i glàndules suprarrenals.
Arteria polar supetior renal esquerra sortint del tronc celiac amb important ateromatòsi i trombosi. Ronyó esquerre amb atròfia de la porció superior. No s'observa ronyo dret. Doble VCI.
Activitat de FDG inespecífica a recte i sigma. A valorar clínicament indicació de estudi endoscòpic. Sense signes PETTC de lesions òssies infiltratives
- GAMMAGRAFIA PULMONAR PERFUSIO QUANTIFICADA (09/02/17):
Radiofàrmacs: 99mTcMAA. 9,5 mCi / 0,7 ml Nº PARTÍCULES 450000 Informe
QPD: 55,43% (terç S 15,39% / terç M 26,82% / terç I 13,22%)
QPE: 44,57% (terç S 11,13% / terç M 17,74% / terç I 15,70%)
Altres proves:
-ECG: RS a 70x', PR 0.2seg, QRS estret, no alteració de despolarització ni repolarització. Arranz/Vigil (Pneumología) 10/02/17:
Se realiza shuttle test en paciente diagnosticado de nodulo en LSD hipercaptante. realizamos calculo de
función pulmonar postoperatoria y le queda un FEV1 post de 41.7% y una DLCOpostoper del42.3%. Con estos números, según el protocolo, no tendría indicación de shuttle test (seria cuando el FEV1 o la DLCO
< 40%). Como está en el limite, realizamos el shuttle que el paciente no supera, por dolor ciático que le impide caminar (Distancia 220 m y para superarlo tiene que caminar más de 400 m).
Evolució i comentaris:
OD:
- Nódulo pulmonar a estudio
Paciente con hallazgo de nódulo pulmonar apical derecho mientras le realizaban otros estudios por Ictus. Se ha realizado PET-TC en el que se evidencia nódulo pulmonar de 13 mm hipercaptante, sugestivo de malignidad.
Paciente con EPOC moderado, con FEV1 53% en abril/2016.
En principio en el PET no se evidencian otras lesiones sugestivas de M1, por lo que comentamos el paciente con cirugía de tórax. Ante las pruebas respiratorias previas se realiza DLCO, prueba de esfuerzo pneumológica y gammagrafía de perfusión pulmonar cuatificada para valorar si es candidato a IQ.
En el PET también se observa una actividad inespecífica de FDG en sigma y recto. El paciente tiene realizada colonoscopia en agosto/16 por Sd tóxico y SOH positiva, que fué normal. Por lo que de momento no consideramos que precise nueva colonoscopia.
Con resultados lo comentaremos en el comité de tumores el martes que viene.
-	Anemia ferropénica
Leve, conocida desde enero/15. Por evidencia de ferropenia y SOH positiva se realizó FCS en agosto/16 que fué normal y FGS con AP: Gastritis crónica.
Se mantiene estable.
-	Ictus Cortical Minor
Clínica de paresia braquial derecha y posterior disartria. NIHSS: 4. TC de cráneo con angio-TC y perfusió n que descarta oclusión de gran vaso, y se desestima tratamiento fibrinolítico y endovascular.
Ecocardiograma: FE levemente deprimida (41%) a expensas de segmentarisme anteroseptal y apical. Holter sin alteraciones. RMN muestra Infarto isquémico agudo cortical frontal posteriorrolándico en el territorio vascular superficial de la ACM izquierda.
El paciente presenta progresiva mejoría, actualmente sin disartria, y con leve paresia en mano derecha. Pautado tratamiento con antiagregación.
-	Crisis comiciales
Durante el ingreso en neurología, el día 3/02 presenta varios episodios de movimientos clónicos en brazo derecho y hemifacial derecho de 1min de duración. Se pauta levetiracetam 1g y Rivotril. El paciente es consciente de los episodios. No ha presentado nuevas crisis comiciales. Posteriormente se cambia tratamiento a Depakine por IRA con buena tolerancia.
Al alta damos visita de seguimiento por neurologia, valorar evolución y si precisa ajuste de tratamiento.
-	HTA
En tratamiento con múltiples fármacos que se han ido modificando duranet el ingreso, con mejor control tensional. Seguimiento y control por nefrología.
-	Hipertiroidismo
En seguimiento por Endocrinología, TSH y T4 dentro de límites normales. Mantenemos igual tratamiento, seguimiento por su especialista habitual.
-	Insuficiencia renal crónica agudizada
Paciente con creatininas habituales de 2,5 a 3, que presenta durante el ingreso empeoramiento de la función renal hasta creatinina 4,34. que posteriormente pasa a sus cifras habituales. En la analítica al alta presenta nuevo empeoramiento de la función renal sin hiperkalimia ni uremia severa, es valorado por Nefrología quienes consideran que probablemente sea secundario a control tensional y disminución de ingesta hídrica. Dan recomendaciones y signos de alarma y se hará sehuimiento la semana que viene en hospital de día de nefrología. También tiene déficit de VitD e hiperparatiroidismo secundario que se encuentra en tratamiento con Rocaltrol. Normocalcémico.
-	Hiperuricemia
En tratamiento con Adenuric, que se ha retirado por última analítica Acido úrico 3,3. Nefrología
Paciente que presenta empeoramiento de la función renal probablemente secundario a control tensional y disminución ingesta hídrica. Clínicamente no problemas de manejo de volumen ni clínica urémica.
En algunas determinaciones presenta asimetría entre ambas EESS que previamente no estaba documentada, en este caso se observa más elevada en el brazo no afecto por el ictus por lo que no queda clara la causa, así mismo presenta diferencias altas alrededor de 20mmHg. Se realizará AMPA en ambos brazos y revaloraremos otros estudios.
Por nuestra parte sin contraindicaciones para el alta con las siguientes indicaciones:
-	Dejar de tomar artedil, hydrapress y parapres. Dejar de tomar adenuric.
-	Disminuir furosemida a 1/2-0-0 y cardurán neo a 0-0-1/2
-	Mantener bisoprolol 5mg 1-0-0
-	Nuevo: amlodpino 5mg/12h
-	Medirse la TA en ambos brazos antes de tomar la medicación por la mañana y antes de tomar la medicación de la tarde.
-	Beber al menos 2litros de agua al día.
-	
-	Acudir a Hospital de Día de Nefrología (_LOCATION_) el jueves 16.02.17 a las 09.00h para análisis de sangre y posteriormente visita médica.
	]]></text>
</Section>
<Section span_begin="18608" span_end="18618" id="SECCION_TRATAMIENTO_HABITUAL" type="INFORMACIÓN SOBRE TRATAMIENTO">
	<name><![CDATA[Tractament]]></name>
	<text><![CDATA[
:
Fàrmacs:
Adiro 300mg/24h 0-1-0 Rivotril comp 0,5mg 1-0-1 Furosemida 40mg 1/2 - 0 - 0 Atorvastatina 40mg/24h 0-0-1
Amlodipino 5mg 1 -0 -1 Depakine comp 500mg 1-1-1 Relvar Ellipta 92/22ugr 1 inh/24h Rocaltrol 0,25mg 1 comp/48h Bisoprolol 5mg 0-1-0
Ezetrol 10mg/24h Salbutamol si precisa Carduran neo 4mg 0-0-1/2
Tirodril comp 5mg 2 comp/día Spiriva 18ugr/24h inhalado Prandin 0,5mg 1-0-1 Omeprazol 20mg/24h
Nitroderm parche 10mg tópico/24h. Retirar en la noche. Paracetamol 1gr si precisa
Vernies SL si precisa.
STOP:
Artedil, Adiro 100mg, Crestor, Adenuric, Parapres, Hydrapres.
Altres recomanacions:
Visita control Medicina Interna Dr. _NAME_ en 2 semanas. Asistir a HD Nefrología la semana que viene(Le avisarán) Visita control con Nefrología
_LOCATION_, 10/02/2017
_NAME_	_NAME_
(Nº col _ID_)	(Nº col _ID_
Nom i cognoms metge: _NAME_ (Nº col: _ID_Pàg.: 1/8	]]></text>
</Section>
</ehr>