<?xml version='1.0' encoding='UTF-8'?>
<ehr id="336281683.utf8.txt">
<Section id="DEFAULT_HEADER" type="DEFAULT_HEADER" >
	<name>DEFAULT_HEADER</name>
	<text><![CDATA[
_LOCATION_
Tel. _CONTACT_
_LOCATION_
Nº Història Clínica: _ID_
Cognoms, Nom: _NAME_
NºEpisodi: _ID_
CIP: _ID_
Sexe: Home
Data de Naixement: _DATE_   Edat: 82 Anys
NIF/DNI: _ID_Informe d'epicrisi
12:57:41
13.02.2017
_LOCATION_
_SS_ - MEDICINA INTERNA
CP
ABS
Servei Data d'alta
CR/PLATJA 6 L' AMPOLLA
_CONTACT_; _CONTACT_; _CONTACT_
DOMICIL/RES.SOC 10.02.2017
_NAME_
Adreça
Telèfon Procedència Data d'ingrés Atès per
	]]></text>
</Section>
<Section span_begin="418" span_end="432" id="SECCION_MOTIVO_DE_INGRESO" type="MOTIVO DEL INGRESO">
	<name><![CDATA[MOTIU D'INGRÉS]]></name>
	<text><![CDATA[
Focalidad neurologica
	]]></text>
</Section>
<Section span_begin="456" span_end="467" id="SECCION_ANTECEDENTES" type="ANTECEDENTES">
	<name><![CDATA[ANTECEDENTS]]></name>
	<text><![CDATA[
No alergias DM
HTA
Pie diabético
Sincopes de repetición desde el 2012 en estudio por Mi y cardiología (en cardio lo orientaron como sincope neuromediado)
Hipoacusia
Camina solo, acude asistido al _SS_. Vive solo, supervisado por un hermano. Dependiente parcialmente para las ABVD. Rankin 4
	]]></text>
</Section>
<Section span_begin="759" span_end="777" id="SECCION_TRATAMIENTO_HABITUAL" type="INFORMACIÓN SOBRE TRATAMIENTO">
	<name><![CDATA[MEDICACIÓ HABITUAL]]></name>
	<text><![CDATA[
No toma
	]]></text>
</Section>
<Section span_begin="787" span_end="800" id="SECCION_PROCESO_ACTUAL" type="INFORMACIÓN SOBRE LA HISTORIA ACTUAL">
	<name><![CDATA[PROCÉS ACTUAL]]></name>
	<text><![CDATA[
Paciente varón de 82 años es traido en ambulancia SEM básica por focalidad neurologica sin activación de codigo ictus.
Llega al hospital a las 09:42h.
Sobre las 8.54 consta en la hoja del SEM la llamada. El hermano del paciente le encuentra en su domicilio en el suelo con ropa de calle. Presenta hipotermia, afasia, desviación de comisura bucal, hemiplegia izquierda y relajación de esfinteres vesical y anal.
Ayer visitado en urgencias por episodio de perdida de consciencia transitoria. El hermano anoche ñe ayuda a subir las escaleras, se ve que tenía dificultad para caminar. Le dió la cena y le acostó con ropa de calle.
	]]></text>
</Section>
<Section span_begin="1431" span_end="1448" id="SECCION_EXPLORACION_FISICA" type="INFORMACIÓN SOBRE LA EXPLORACIÓN FÍSICA">
	<name><![CDATA[EXPLORACIÓ FÍSICA]]></name>
	<text><![CDATA[
PEG. Caquectico, pálido. Ulceras de presión hemicuerpo izquierdo. Hipotermico. Afasico. AR mvc sin ruidos agregados
AC ritmoca sin soplos Abdomen blando
Afasía, pupilas isocoricas normoreactivas; facial derecho; hemiplegia con rigidez barquio crural izquierda. Rigidez de nuca.
Informe d'epicrisi
	]]></text>
</Section>
<Section span_begin="1751" span_end="1776" id="SECCION_EXPLORACIONES_COMPLEMENTARIAS" type="INFORMACIÓN SOBRE PRUEBAS COMPLEMENTARIAS">
	<name><![CDATA[EXPLORACIÓ COMPLEMENTÀRIA]]></name>
	<text><![CDATA[
ECG: artefactado pero parece una FA a 56 lpm; TAC codigo ICTUS
Estudio sin evidencia de hemorragia intracraneal ni signos precoces de isquemia (ASPECTS 10)
-En la TC perfusión muestra una probable zona de isquemia parietotemporal derecha (mistmatch significativo)
-Tc angiografía sin alteraciones significativas. Rx torax: mala calidad; incapaz de interpretala...
	]]></text>
</Section>
<Section span_begin="2142" span_end="2158" id="SECCION_EVOLUCION" type="INFORMACIÓN SOBRE EVOLUCIÓN">
	<name><![CDATA[EVOLUCIÓ CLÍNICA]]></name>
	<text><![CDATA[
Varón de 82 años que ingresa en MI por ictus isquémico hemisferio derecho con hemiplegia izquierda, somnolencia y disartria grave. Valorado por neurología se desactiva código ictus por características del paciente, no candidato a RT-PA ni UIA por Rankin basal previo de 4.  probable broncoaspiracion a las 12 horas del ingreso presenta convulsiones que se autolimitan, presenta raneras, GCS 4.
-	Informo a la familia de mal pronóstico a corto plazo.
-	Priorizo medidas de confor
el paciente es exitus el 13/2/2017 a las 11h
	]]></text>
</Section>
<Section span_begin="2687" span_end="2698" id="SECCION_DIAGNOSTICO_PRINCIPAL" type="DIAGNÓSTICO">
	<name><![CDATA[DIAGNÒSTICS]]></name>
	<text><![CDATA[
434.91/5 Avc isquemic 934.1/2 Broncoaspiracio 290.0/1 Demencia senil
V66.7/1 Assistencia per a cura paliativa
Validat per: _NAME_	Col·legiat: _ID_
13.02.2017
Pàgina 1 de 2	]]></text>
</Section>
</ehr>