<?xml version='1.0' encoding='UTF-8'?>
<ehr id="337268238.utf8.txt">
<Section id="DEFAULT_HEADER" type="DEFAULT_HEADER" >
	<name>DEFAULT_HEADER</name>
	<text><![CDATA[
I.CLINIC DE NEUROCIÈNCIES NEUROLOGIA
_NAME_	NHC: _ID_
Sexo/Sexe: Fem.	Fecha nac./Data naix.: _DATE_	Edad/Edat: 88 años Dirección/Adreça: _LOCATION_	CP: _LOCATION_
Municip. (Prov.): _LOCATION_  ABS:_SS_		Tel.:_CONTACT_ As.: SERVEI CATALA DE LA SALUT	CIP: _ID_	NASS: _ID_
Nº epis.: _ID_	Tipo/Tipus: HOSPIT.	Ingres.: 10.02.2017 Serv: NEUROLOGIA	UO Enf.: G064 SALA G DE NEUROLOGIA	Hora: 18:31:43
Facult. de ref.: _NAME_
	]]></text>
</Section>
<Section span_begin="422" span_end="447" id="SECCION_TIPO_DE_INGRESO" type="TIPO DE INGRESO">
	<name><![CDATA[Tipo ingreso/Tipus ingrés]]></name>
	<text><![CDATA[
: Urgent	Motivo/Motiu alta: Dom. + Rehabilit.
Diag.:
ICTUS ISQUEMICO ACMI ()
Proc.:
ANALÍTICA SANGUÍNEA () RADIOGRAFÍA DE TÓRAX () TAC CRANEAL ()
INFORME CLÍNICO ALTA / INFORME CLÍNIC ALTA
	]]></text>
</Section>
<Section span_begin="641" span_end="679" id="SECCION_MOTIVO_DE_INGRESO" type="MOTIVO DEL INGRESO">
	<name><![CDATA[Motivo de consulta / Motiu de consulta]]></name>
	<text><![CDATA[
TCE y debilidad de extremidades derechas.
	]]></text>
</Section>
<Section span_begin="723" span_end="785" id="SECCION_ANTECEDENTES" type="ANTECEDENTES">
	<name><![CDATA[Antecedentes e historia previa / Antecedents i història prèvia]]></name>
	<text><![CDATA[
Mujer de 88 años sin alergias medicamentosas conocidas. Parcialmente dependiente para las actividades básicas de la vida diaria (mRS 3). Vive con su marido, con ayuda para las tareas domésticas.
*ANTECEDENTES PATOLÓGICOS:
1.	HIPERTENSIÓN ARTERIAL en tratamiento farmacológico.
2.	DISLIPEMIA
3.	ENFERMEDAD DE ALZHEIMER en tratamiento con donepezilo.
4.	VEJIGA NEURÓGENA
	]]></text>
</Section>
<Section span_begin="1156" span_end="1176" id="SECCION_TRATAMIENTO_HABITUAL" type="INFORMACIÓN SOBRE TRATAMIENTO">
	<name><![CDATA[*MEDICACIÓN HABITUAL]]></name>
	<text><![CDATA[
: AAS 100mg cada 24h, hidroclorotiazida 12.5mg cada 24h, Atorvastatina 40mg cada 24h, Donepezilo 10mg cada 24h, Nebivolol 2,5mg cada 24h, Enalapril/lercarnidipino 20/10mg 1/ comp cada 24h, tolterodina 4mg cada 24h.
	]]></text>
</Section>
<Section span_begin="1392" span_end="1422" id="SECCION_PROCESO_ACTUAL" type="INFORMACIÓN SOBRE LA HISTORIA ACTUAL">
	<name><![CDATA[Proceso actual / Procés actual]]></name>
	<text><![CDATA[
El 10/2 se levanta asintomática y presenta caída en el lavabo con TCE  leve por debilidad  brusca de extremidades derechas y alteración del lenguaje.
	]]></text>
</Section>
<Section span_begin="1574" span_end="1612" id="SECCION_EXPLORACION_FISICA" type="INFORMACIÓN SOBRE LA EXPLORACIÓN FÍSICA">
	<name><![CDATA[Exploración física / Exploració física]]></name>
	<text><![CDATA[
10/02/2017-18:43:00: PAS (mm Hg) 167, PAD (mm Hg) 82, Tª axilar (ºC) 36. 3.
NRL: Consciente. Orientación no valorable. Lenguaje hipofluente con afasia (no nomina, no repite, no obedece), con emisión de palabras sueltas. Mirada centrada con limitación para la excursión hacia la derecha, con reflejo de amenaza derecho abolido. Paresia facio (leve infranuclear), con paresia braquial (1/5) crural (0/5). Sensibilidad y dismetrías no valorables. NIHSS 19.
ACC: ritmica, no soplos, no roces AR: MVC sin ruidos sobreañadidos.
Laboratorio / Laboratori
*ANALITICA SANGUINEA DE URGENCIAS: Sin alteraciones relevantes.
*SEDIMENTO DE ORINA: Leucos ++++. >200 leucos por campo.
Radiología / Radiologia
*TC CRANEAL: Discreta atrofia cerebral global de predominio cortical frontoparietal. Foco de contusión / hematoma, a nivel del tejido graso subcutáneo frontal / supraciliar izquierdo; sin imágenes evidentes de fractura craneal. Marcadas calcificaciones de arterias carótidas internas intracavernosas. Discreta dolicoectasia del tronco basilar con calcificaciones parietales focales. No se detectan signos de hemorragia intracraneal aguda intra ni extraaxial. Tenue hipodensidad periventricular. Mala diferenciación corticosubcortical parietal posterior izquierda, sin clara hipodensidad subcortical, por lo que no se puede excluir infarto isquémico agudo +/- ponente microhemorrágico focal cortical en el territorio distal de arteria cerebral media izquierda.
	]]></text>
</Section>
<Section span_begin="3073" span_end="3133" id="SECCION_EXPLORACIONES_COMPLEMENTARIAS" type="INFORMACIÓN SOBRE PRUEBAS COMPLEMENTARIAS">
	<name><![CDATA[Exploraciones complementarias / Exploracions complementàries]]></name>
	<text><![CDATA[
*ECG: RS a 57 lpm sin signos de isquemia aguda, BIIHH.
	]]></text>
</Section>
<Section span_begin="3191" span_end="3211" id="SECCION_EVOLUCION" type="INFORMACIÓN SOBRE EVOLUCIÓN">
	<name><![CDATA[Evolución / Evolució]]></name>
	<text><![CDATA[
1.	ICTUS ISQUEMICO EN EL TERRITORIO DE LA ARTERIA CEREBRAL MEDIA IZQUIERDA (ACMI).
A su llegada hemodinámicamente estable. A la exploración neurológica destaca síndrome hemisférico izquierdo extenso (NIHSS 19). ECG en ritmo sinusal. Analítica sanguínea sin alteraciones destacables. La neuroimangen (TC craneal) muestra hipodensidad parietal izquierda, con foco de contusión subcutánea izquierda. Estudio vascular mediante sonograía que muestra ateromatosis sin estenosis a nivel de ambos bulbos carotídeos. A nivel transcraneal sin ventana.
Se trata de un ictus isquémico en el territorio de la arteria cerebral media derecha, por lo que se sustituye tratamiento con AAS por clopidogrel.
Durante su estancia en Neurología la paciente mejora clínicamente persisiendo a la exploración neurológica lenguaje afásico poco fleunte ( enomina 4/10, comprend alguna orden aislada)) y paresia braquial (3/5) derecha. Dada la mejoría clínica se decide alta a domicilio con fisioterapia y logopedia.
Al alta: NIHSS: 0. TOAST: causa desconocida (estudio incompleto). mRS: 3.
2.	INFECCION DEL TRACTO URINARIO
Destaca leucocituria de >200. Urinocultivo en el que se aisla E. Coli sensible a cirpofloxacino, que deberá tomar hasta cumplir 7 días.
Plan terapéutico / Pla terapèutic
-	Atorvastatina 40 MG. Vía oral. Una vez al día, en la cena. - Pantoprazol 40 MG. Vía oral. Una vez al día, en el desayuno. - Clopidogrel 75 MG. Vía oral. Una vez al día en el desayuno. - Detrusitol 4 MG. Vía oral. Cada 24 horas. - Esidrex 12,5 MG. Vía oral. Una vez al día, en la cena.
- Ciprofloxacino 500 MG. Vía oral. Cada 12 horas. DURANTE 6 DIAS.
	]]></text>
</Section>
<Section span_begin="4835" span_end="4856" id="SECCION_RECOMENDACIONES" type="INFORMACIÓN SOBRE TRATAMIENTO">
	<name><![CDATA[Otras recomendaciones]]></name>
	<text><![CDATA[
 / Altres recomanacions
-	Se  recomienda control estricto  de  los  factores de  riesgo  cardiovascular.  -  Control por  sus  médicos habituales.
-	
Firma/Signatura1: _NAME_		Firma/Signatura2: _NAME_ Categoría: Resident 2	Categoría: Consultor/a 1
Nº Matrícula HCP: _ID_	Nº Matrícula HCP: _ID_ Fecha/Data: 15.02.2017
Hora: 16:17:20
Docum.: _ID_
Hist. Clínica: _ID_
El _SS_ ha incorporado sus datos al Fichero de Pacientes, para tratarlos con fines sanitarios.
Puede ejercer sus derechos de acceso, rectificación, cancelación y oposición, así como obtener mas información en la Unidad de Atención al Cliente.
Vers. 00
Pag. 2 de
3
	]]></text>
</Section>
<Section span_begin="5488" span_end="5494" id="SECCION_PROCESO_ACTUAL" type="INFORMACIÓN SOBRE LA HISTORIA ACTUAL">
	<name><![CDATA[Episod]]></name>
	<text><![CDATA[
.: _ID_
_SS_ ha incorporat les seves dades al Fitxer de Pacients, per a tractar-los amb finalitats sanitàries. Pot exercir els seus drets d'accés, rectificació, cancel·lació i oposició, i obtenir més informació a la Unitat d'Atenció al Client.
_SS_
_LOCATION_) _LOCATION_) Tel. _CONTACT_ Fax _CONTACT_
http://_CONTACT_/	]]></text>
</Section>
</ehr>