<?xml version='1.0' encoding='UTF-8'?>
<ehr id="337637794.utf8.txt">
<Section id="DEFAULT_HEADER" type="DEFAULT_HEADER" >
	<name>DEFAULT_HEADER</name>
	<text><![CDATA[
Informe d'Alta Hospitalària	Cognoms i nom:
_NAME_	NHC:
_ID_
	ABS:
_SS_	CIP:
_ID_	DNI:
_ID_
	Data de naixement:
_DATE_	Sexe:
Home	Edat:
86a	Telèfon:
_CONTACT_
	Finançament:
CatSalut - CATALUNYA	Procedència:
URGÈNCIES
	Admissió:
09.02.2017 - 14:14	Servei:
NEURO - UNITAT ICTUS HOSP	Data entrada urg.:
09.02.2017 - 08:34
Adreça:
_LOCATION_	Població:
_LOCATION_	Codi Postal:
_LOCATION_
	]]></text>
</Section>
<Section span_begin="390" span_end="407" id="SECCION_MOTIVO_DE_INGRESO" type="MOTIVO DEL INGRESO">
	<name><![CDATA[Motivo de Ingreso]]></name>
	<text><![CDATA[
Hombre de 86 años que ingresa por ictus isquémico.
	]]></text>
</Section>
<Section span_begin="461" span_end="473" id="SECCION_ANTECEDENTES" type="ANTECEDENTES">
	<name><![CDATA[ANTECEDENTES]]></name>
	<text><![CDATA[
-	Sin alergias medicamentosas conocidas.
-	Hábitos tóxicos: niega consumo enólico, tabáquico o de otras drogas.
-	Factores de riesgo cardiovascular: hipertensión arterial en tratamiento médico, dislipemia en tratamiento activo, sin antecedentes de DM conocida.
-	Antecedentes cardiovasculares:
- Cardiopatía isquémica crónica que debuta en 1996 en forma de IAM anteroseptalalateral con formación de aneurisma anteropaical y FE inicial 30% con acinesia extensa/aneurisma. KT DA 100% sin visulizar vaso distal 75% Cxp con afectación OM. IQ'99 en Sant _NAME_ con aneurismectomia + bypass VS-OMx. Posteriormente estable en controles.
*	RMN 2011 con necrosis extensa subendocárdica (75%) anterior, anteroseptal media y transmural apical antero-septo-inferior con inducción de defecto de perfusión perinecrosis poco extenso inferoseptal medio y contractilidad global del VI moderadamente deprimida. FEVI 38%.
*	Eco2016: VI no dilatado, aquinesia anteroseptal medioapical y resto de segmentos apicales. FEVI 40%.
-	Antecedentes nefroutológicos:
- Adenocarcinoma de pròstata Gleason 3+3, estadi T2aN0M0, en Abril 2003. Tratado con RDT.
-	Otros antecedentes:
- Hipoacusia, portador de audífono bilateral.
-	Situación social: diestro. Trabajó en la industria metalúrgica; actualmente jubilado. Vive con su mujer e hijo. Independiente para las ABVD. Deambula con bastón en la calle (por seguridad), limitado por disnea de esfuerzos importantes-moderados (mRS 3).
-	Tratamiento médico habitual (09/02/2016): Adiro 300mg/día, Carvedilol Alter 25mg/día, Cetirizina Cinfa 10mg/día, Coronur Retard (mononitrato de Isosorbide) 1 cada 24 hrs, Cusicrom Oftalmico 4% 10ml, Cromoglicat Disodic 2 x 8 h, Eplerenona Cinfa 25mg 1 x 24 h, Losartan/Hidroclorotiazida Kern Pharma 50/12,5MG1 x 24 h, Simvastatina Alter 20mg 1 x 24 h, Zyloric 100mg 1 x 24 h, -Vernies 0,4MG sí precisa.
	]]></text>
</Section>
<Section span_begin="2332" span_end="2349" id="SECCION_PROCESO_ACTUAL" type="INFORMACIÓN SOBRE LA HISTORIA ACTUAL">
	<name><![CDATA[ENFERMEDAD ACTUAL]]></name>
	<text><![CDATA[
Hombre de 86 años es traído a urgencias como código ictus extrahospitalario el 09/02. Refiere haber notado al despertar (07:45 hrs) un cuadro de debilidad derecha y dificultad en la articulación de las palabras. La última vez visto asintomático fue a las 23 hrs del día previo.
EXAMEN FÍSICO
En Urgencias
	Vigil, orientado.
-	Lenguaje disártrico sin rasgos afásicos.
-	PICNR. Mirada centrada. MOEs conservados.
-	Campimetría por confrontación correcta.
-	Paresia facial derecha central.
-	Restos de ppcc correctos.
-	Balance motor: paresia braquial derecha 4/5 de predominio distal (distal 2/5).
-	Sensibilidad táctil conservada.
-	No dismetrías desproporcionadas a la paresia.
-	RCP flexor izquierdo, Babisnki D.
-	NIHSS=0.0.0.0.0/1.(0.1).(0.0)/0.0.0.1.0=3
En Unidad de Ictus
-	Vigil, orientado en las tres esferas
-	Lenguaje conservado (nomina, repite, comprende 3 órdenes). Disartria leve.
-	Agudeza visual conservada, campimetría conservada por confrontación, sin negligencias visuales.
-	MOE conservados, pupilas medianas, isocórcas, reactivas.
-	Sensibilidad facial conservada. Simetría facial.
-	Resto de pares craneales bajos conservados
-	Paresia braquial distal (3/5). Resto de extremidades normales.
-	Sensibilidad conservada.
-	Normorreflexia, reflejo plantar en eflexión bilateral.
-	NIHSS: 0.0.0.0.0/0.(0.1).(0.0)/0.0.0.1.0=2
En sala de Neurología
-	Buen estado general. Normocoloreado y normohidratado. Eupneico en reposo.
-	Vigil, orientado en las tres esferas, atento y colaborador.
-	Nomina 4/4, obedece órdenes de 2 comandos, repite frases largas correctamente.
-	Lenguaje fluido, sin rasgos disfásicos, disartria leve.
-	PICNR. MOEs no limitados. Campimetría por confrontación sin alteraciones. Sin nistagmus.
-	Sin asimetrías faciales. Trigémino sensitivo motor sin alteraciones. Pares craneales bajos sin alteraciones.
-	Paresia braquial derecha (4/5, sin claudicación) de predominio distal (MF asimétrico). Sin Hoffman. RCP flexor bilateral.
-	Exploración sensitiva sin alteraciones.
-	Sin dismetrías desproporcionadas a la paresia.
-	Marcha sin alteraciones.
-	NIHSS: 0.0.0.0.0/0.(0.0).(0.0)/0.0.0.1.0 = 1.
	]]></text>
</Section>
<Section span_begin="4487" span_end="4516" id="SECCION_EXPLORACIONES_COMPLEMENTARIAS" type="INFORMACIÓN SOBRE PRUEBAS COMPLEMENTARIAS">
	<name><![CDATA[EXPLORACIONES COMPLEMENTARIAS]]></name>
	<text><![CDATA[
-	Electrocardiograma: ritmo sinusal a 55lpm con BAV 1º grado y BCRIHH.
-	Analítica  en  urgencias:  Sodio  139  mmol/L Potasio 4,47  mmol/L Glucosa  99,00 mg/100mL Urea  81 mg/100mL Creatinina  1,74  mg/100mL AST  (GOT)  29  U/L  ALT  (GPT)  43  U/L  CK  27  U/L  Troponina
ultrasensible 15 ng/L Hemoglobina 137 g/L Hematòcrit 0,41 L/L Hematies 4,57 x10E12/L VCM 90,2 fL
CCMH 333 g/L  HCM 30,0 pg RDW  13,6 % Plaquetes 299 x10E9/L VPM 7,2 fL Plaquetòcrit 0,30 %
Leucòcits 8,67 x10E9/L Fórmula leucocitària Neutròfils 55,2 % 4,78 x10E9/L Eosinòfils 8,4 % 0,73 x10E9/L
Basòfils 0,9 % 0,08 x10E9/L Monòcits  9,2 % 0,80 x10E9/L Limfòcits 26,3 % 2,28 x10E9/L Temps de tromboplastina 0,94 RATIO Temps de protrombina 1,10 INR Temps de trombina 20,40 s
-	TC craneal (09/02): No se observa colecciones extraxiales, signos de sangrado intracraneal, efectos de masa ni desplazamientos valorables a nivel de estructuras de la línea media supra e infratentoriales. Moderada dilatación global y simétrica del sistema ventricular supratentorial e infratentorial de aspecto involutivo. Lacunares de aspecto crónico en el caudado I. ligera hipodensidad en sustancia blanca periventricular y subcortical atribuible a leucoencefalopatía hipóxico-isquémica crónica. No se identifica claras lesiones de aspecto isquémico agudo o reciente especialmente en territorio de la ACM I (ASPECTS 10). No se observan otras alteraciones relevantes de densidad o de morfología en el parénquima cerebral. Ligera hiperdenisdad en el segmento M1 de la ACM I, que podría estar en relación con ateromatosis, sin poder descartar completamente trombo arterial.
-	Estudio neurosonológico:
*	Dúplex TSA: ateromatosis en ambas bifuracciones carotídeas, con placas predominantemente hiperecogénicas y de superficie regular, que no condicionan estenosis hemodinámicamente significativas. AMbas AV permeables y con flujo anterógrado.
*	Dúplex TC (buena ventana): ambas ACM tortuosas, sin alteraciones de flujo. ACAs ortodrómicas. ACIt y ACPs sin alteraciones. AV derecha (V4) con flujo reberverante, AV izquierda y AB (hasta 89 mm) con flujo normal.
*	Conclusión: ateromatosis carotídea extracraneal sin estenosis significativa.
-	RM de Cerebro: se identifican pequeños focos de isquemia aguda fundamentalmente cortical precentral I próximo a la convexidad con restos de hemosiderina, otra parietal inferior y pequeño foco puntiforme en sustancia blanca subcortical, todo ello en territorio superficial de la ACM I. Pequeñas lesiones crónicas en hemisferio cerebeloso D. No se observan otras lesiones isquémicas agudas o recientes ni crónicas con extensión cortical. Múltiples focos puntiformes de hiperseñal en sustancia blanca subcortical y periventricular sugestivos de afectación vascular crónica de pequeño vaso en grado leve. Ganglios de la base y tálamos de aspecto criboso en probable relación con  espacios perivasculares aumentados de tamaño sin poder descartar alguna lesión lacunar crónica. Foco  de microsangrado crónico subcortical frontal D. No se observan otras alteraciones relevantes de señal o de morfología en el parénquima cerebral. Asimetría de los ventrículo laterales de aspecto constitucional. Resto del sistema ventricular sin alteraciones relevantes. Línea media centradas. El estudio angio-RM intracraneal muestra AV D de pequeño calibre de aspecto hipoplásico. No se observa oclusión vascular ni estenosis relevante. Conclusión: pequeños focos isquémicos agudos con afectación cortical frontal ( giro precentral) y parietal izquierdos, con las características descritas, en territorio superficial de la ACM I. Estudio Angio-RM intracraneal sin alteraciones relevantes.
-	Holter SRA: negativo para arritmia, pendiente de ultiumas 24 horas
-	Ecocardiograma transtorácico: Ventrículo izquierdo dilatado no hipertrófico. Aquinesia/discinesia anterior y anteroseptal apical con adelgazamiento y calcificación de las paredes, resto de segmentos normocontráctiles condicionando una FEVI moderadamente deprimida. Dentro de las limitaciones de la ventana acústica no se identifica trombo apical. Alteración de la relajación del VI. Raíz aórtica no dilatada. Válvula aórtica morfológicamente y funcionalmente normal. Válvula mitral morfológicamente normal con
mínima insuficiencia. urícula izquierda moderadamente dilatada. Ventrículo derecho no dilatado, con contractilidad global conservada. No se detecta insuficiencia tricuspídea no puediéndose estimar PAPs, aunque no existen signos indirectos de aumento de resistencias pulmonares. Vena cava inferior no dilatada. Ausencia de derrame pericárdico.
	]]></text>
</Section>
<Section span_begin="9099" span_end="9108" id="SECCION_EVOLUCION" type="INFORMACIÓN SOBRE EVOLUCIÓN">
	<name><![CDATA[EVOLUCIÓN]]></name>
	<text><![CDATA[
En Urgencias
Ingresó a urgencias a las 08:34h. A su llegada NIHSS 3 (paresia facio-braquial derecha y disartria). Se realiza pruebas complementarias a su llegada: TC craneal que no aprecia alteraciones, estudio neurosonológico es normal, EGC ritmo sinusal y bloqueo AV de primera grado.
Dado el inicio de cronología incierta y NIHSS 3 se descarta plantear terapias de reperfusión. Se inicia doble antiagregación por criterios de ictus leve. Se decide ingreso en la U. de ictus para estudio y control evolutivo.
En U. de Ictus
Durante estadía en Unidad de Ictus presenta mejoría a nivel facio-braquial, persistiendo paresia a nivel distal de extremidad superior derecha y disartria leve. Como complicaciones a destacar presentó cuadro de diaforesis, mareo e hipotensión de 20 minutos de duración sin alteraciones electrocardiográficas  por monitorización destacables salvo por bradicardia (45 lpm), sin elevación de marcadores de daño miocárdico, y con rápida mejoría con medidas posturales y sueroterapia, orientado como probable cuadro vasovagal; no experimentó nuevos episodios durante el ingreso.
Se decide inclusión en estudio RSA, tras firma de consentimiento de paciente y familiar. Telemetría sin eventos. Toleró dieta oral sin incidencias. Realizó rehabilitación con buena tolerancia. Se traslada a sala para continuar con estudio.
En Sala de Neurología
Durante su estancia se mantuvo hemodinámicamente estable y afebril. No experimentó complicaciones médicas de interés. Desde el punto de vista de la clínica neurológica presentó episodios de fluctuación de la debilidad con recuperación rápida.
Dentro del estudio se realizó RM cerebral que reveló un infarto frontoparietal izquierdo agudo (territorio de la ACM izquierda), sin hallazgos a nivel estudio cardiológico
Dada la estabilidad clinica se decide alta hospitalaria con fisioterapia domiciliaria. Al alta NIHSS 1, mRS 3.
Se valorará ambulatoriamente la inclusión en estudio Respect Esus.
	]]></text>
</Section>
<Section span_begin="11068" span_end="11080" id="SECCION_DIAGNOSTICO_PRINCIPAL" type="DIAGNÓSTICO">
	<name><![CDATA[DIAGNÓSTICOS]]></name>
	<text><![CDATA[
-	Infarto cerebral frontoparietal izquierdo de mecanismo y etiología indeterminada
-	Cardiopatía isquémica crónica
-	HTA
-	DLP
	]]></text>
</Section>
<Section span_begin="11213" span_end="11227" id="SECCION_PROCEDIMIENTOS" type="PROCEDIMIENTO">
	<name><![CDATA[PROCEDIMIENTOS]]></name>
	<text><![CDATA[
-	Electrocardiograma.
-	TC cerebral.
-	Analítica sanguínea.
-	RM cerebral.
-	Ecocardiograma transtorácico.
-	Estudio neurosonológico.
-	Monitorización electrocardiográfica.
	]]></text>
</Section>
<Section span_begin="11403" span_end="11422" id="SECCION_TRATAMIENTO_AL_ALTA" type="INFORMACIÓN SOBRE TRATAMIENTO">
	<name><![CDATA[TRATAMIENTO AL ALTA]]></name>
	<text><![CDATA[
Suspender Adiro 300 y Simvastatina 20
Añadir Adiro 100 1 comp/dia, Clopidogrel 75 1 comp/dia y Atorvastatina 80 1 comp/dia
Resto de su medicacion habitual
	]]></text>
</Section>
<Section span_begin="11582" span_end="11605" id="SECCION_RECOMENDACIONES" type="INFORMACIÓN SOBRE TRATAMIENTO">
	<name><![CDATA[RECOMENDACIONES AL ALTA]]></name>
	<text><![CDATA[
Se tramita fisioterapia domiciliaria
Se programa visita de control. Se valorará ambulatoriamente la inclusión en estudio Respect Esus.
Responsable clínic: Dr. _NAME_ (NºCol. _ID_)
Equip mèdic: Dr. _NAME_ (NºCol. _ID_), _NAME_ (NºCol. _ID_)
Servei que ha donat d'alta:
NEURO - UNITAT ICTUS HOSP	Data d'alta:
16.02.2017	Nom del metge que informa de l'alta:
Dr. _NAME_ (NºCol. _ID_)
_LOCATION_, 16.02.2017
Pàg. 1 de   5	]]></text>
</Section>
</ehr>