<?xml version='1.0' encoding='UTF-8'?>
<ehr id="337958084.utf8.txt">
<Section id="DEFAULT_HEADER" type="DEFAULT_HEADER" >
	<name>DEFAULT_HEADER</name>
	<text><![CDATA[
Nombre Paciente:  _NAME_
N.H.C.
CIP:
_ID_
No. Asist.:
_ID_
_ID_
Fecha Nacimiento:	_DATE_
Sexo:	DONA
_LOCATION_
Tel. _CONTACT_ - Fax _CONTACT_ irección:
_LOCATION_
_LOCATION_
Población:
_LOCATION_ 
_CONTACT_
Informe de Asistencia
Fecha Ingreso: 09/02/2017 Servicio: Neurologia
Fecha Alta:13/02/2017	Médico:_NAME_. _NAME_
	]]></text>
</Section>
<Section span_begin="326" span_end="363" id="SECCION_PROCESO_ACTUAL" type="INFORMACIÓN SOBRE LA HISTORIA ACTUAL">
	<name><![CDATA[ENFERMEDAD ACTUAL / MOTIVO DE INGRESO]]></name>
	<text><![CDATA[
:
Paciente de 56 años con antecedentes de depresión, tendinitis del hombro derecho y dislipemia. Vive con su marido, Rankin previo 0. Desde el día 5 de Febrero refiere sensación de inestabilidad y cefalea holocraneal. El día 8 aproximadamente a las 10 de la mañana mientras trabajaba notó inestabilidad, caída al suelo sin perder la conciencia, hormigueos y pérdida de fuerza en hemicuerpo izquierdo y dolor en ambas mandíbulas inferiores, motivo por el que la trajeron a urgencias, activándose teleictus y posterior derivación al _SS_, tenía TAC craneal y angio-TAC TSA normales. Según informe de Bellvitge no había focalidad neurológica. La tasladan a nuestro centro para completar estudio.
	]]></text>
</Section>
<Section span_begin="1056" span_end="1076" id="SECCION_TRATAMIENTO_HABITUAL" type="INFORMACIÓN SOBRE TRATAMIENTO">
	<name><![CDATA[Tratamiento habitual]]></name>
	<text><![CDATA[
: Simvastatina 40 mg, fluoxetina 20 mg, ranitidina 150 mg, orfidal 1 mg
	]]></text>
</Section>
<Section span_begin="1148" span_end="1172" id="SECCION_ANTECEDENTES" type="ANTECEDENTES">
	<name><![CDATA[ANTECEDENTES PATOLÓGICOS]]></name>
	<text><![CDATA[
:
Intervenida varices bilaterales Depresión
Dislipemia
No hàbitos tòxicos
ALERGIAS:
No conocidas
	]]></text>
</Section>
<Section span_begin="1269" span_end="1287" id="SECCION_EXPLORACION_FISICA" type="INFORMACIÓN SOBRE LA EXPLORACIÓN FÍSICA">
	<name><![CDATA[EXPLORACIÓN FÍSICA]]></name>
	<text><![CDATA[
:
BEG, consciente y orientada, no alteración del lenguaje, campimetría por confrontación normal, pares craneales normales, no nistagmus, ROT presentes y simétricos, RCP flexores, fuerza en extremidad superior derecha no valorable por tendinitis, dudosa hemihipoalgesia derecha
AC: ritmica sin soplos
AR: murmullo vesicular conservado
Abdomen blando depresible no doloroso a la palpación
	]]></text>
</Section>
<Section span_begin="1674" span_end="1704" id="SECCION_EXPLORACIONES_COMPLEMENTARIAS" type="INFORMACIÓN SOBRE PRUEBAS COMPLEMENTARIAS">
	<name><![CDATA[EXPLORACIONES  COMPLEMENTARIAS]]></name>
	<text><![CDATA[
:
Analítica (_SS_ al llegar a urgencias) : Sin alteraciones.
ECG ritmo sinusal, eje a 60º, FC 100 lpm, PR<0.2s, QRS <120ms, ST sin signos de isquemia, no alteraciones en la repolarización.
Rx tórax: ICT < 0,5, hilio prominente D, no condensaciones.
TC craneal y angioTC: No lesiones hemorrágicas intra y/o extraparenquimatosas. El estudio practicado no muestra
desplazamientos de estructuras de línea media supra e infratentoriales. No se observan alteraciones significativas en la atenuación del parénquima cereberal. Sistema ventricular y cisternal de morfología, tamaño y situación normales. El estudio angio-TC muestra ateromatosis con calcificaciones en ambos bulbos carotideos sin estenosis significativas.A nivel intracraneal, el angio-TC muestra la arteria cerebral posterior derecha de origen fetal. No signos de trombosis arterial en segmentos arteriales de primer y segundo orden.
RNM cerebral: Se aprecian imágenes hiperintensas en T2 y Flair, menores de 1 cm, sobre la corona radiada de ambos hemisferios, compatibles con áreas de desmielinización inespecífica
Analitica ingreso: Hemograma normal, VSG 25, iones y coagulación normal, glucemia 93, trigliceridos 168, colesterol 220, HDL 57, LDL 129, creatinina 0.4, filtrado glomerular >90, urea 21, bilirrubina 0.43, GOT 16, GPT
34, GGT 36, F. alcalinas 90, proteinas 7.2, albumina 3.4
	]]></text>
</Section>
<Section span_begin="3057" span_end="3066" id="SECCION_EVOLUCION" type="INFORMACIÓN SOBRE EVOLUCIÓN">
	<name><![CDATA[EVOLUCIÓN]]></name>
	<text><![CDATA[
:
Se pidió consulta a Psiquiatria: EI: distimia, EII: trets de personalitat aInIIs,iosEaIV,,EEV:70.  
            Aconsejo tratamienmtogrcon fluoxetina 40 
           Actualmente esta estable, por lo que se le da de alta 
	]]></text>
</Section>
<Section span_begin="3288" span_end="3300" id="SECCION_DIAGNOSTICO_PRINCIPAL" type="DIAGNÓSTICO">
	<name><![CDATA[DIAGNÓSTICOS]]></name>
	<text><![CDATA[
:
S. ansioso Dislipemia
	]]></text>
</Section>
<Section span_begin="3324" span_end="3338" id="SECCION_PROCEDIMIENTOS" type="PROCEDIMIENTO">
	<name><![CDATA[PROCEDIMIENTOS]]></name>
	<text><![CDATA[
:
RNM cerebral
RECOMENDACIONES TERAPÉUTICAS:
Su tratamiento habitual Fluoxetina 20 mgr 2 - 0 - 0
DESTINACIÓN  POSTERIOR CONTROL:
Dr. de cabecera
Atentamente,
Dr.:	_NAME_. _NAME_
Servicio:	Neurologia/Residente  _NAME_. familia Nº Col.:	_ID_
Els informem que el CSA facilitarà, si és necessari, les dades de caràcter personal a tots els estaments oficials que legalment hi hagin d'accedir per a la correcta prestació de l'assistència sanitària i social, així com també a altres entitats d'assegurança privada amb les quals els usuaris tinguin una relació contractual.
CONSULTES EXTERNES
Atenció a la dona, ASSIR
_CONTACT_
_CONTACT_	]]></text>
</Section>
</ehr>