<?xml version='1.0' encoding='UTF-8'?>
<ehr id="338137542.utf8.txt">
<Section id="DEFAULT_HEADER" type="DEFAULT_HEADER" >
	<name>DEFAULT_HEADER</name>
	<text><![CDATA[
_LOCATION_ Tel. _CONTACT_
_CONTACT_
Informe Alta Hospitalització
_NAME_
HC: _ID_
>
Adreça: _LOCATION_	Data naix.: _DATE_ Població: _LOCATION_	Sexe: MASCULI
Provincia: _LOCATION_	CIP: _ID_
País: _LOCATION_	NASS: _ID_
Telèfon: _CONTACT_	DNI o Tarja Residència: _ID_
Servei: Neurologia	Data ingrés a URG: 28/01/2017 22:37
Unitat clínica: Neurologia	Data hospitalització: 28/01/2017 23:22
	]]></text>
</Section>
<Section span_begin="390" span_end="404" id="SECCION_TIPO_DE_INGRESO" type="TIPO DE INGRESO">
	<name><![CDATA[Tipus d'ingrés]]></name>
	<text><![CDATA[
: Urgències	Data alta: 17/02/2017 14:19
Proveïdor de Serveis: Servei Català de la Salut	Destí: 01 - Alta Domicili
	]]></text>
</Section>
<Section span_begin="521" span_end="541" id="SECCION_DIAGNOSTICO_PRINCIPAL" type="DIAGNÓSTICO">
	<name><![CDATA[Diagnòstic principal]]></name>
	<text><![CDATA[
:
436 SINDROME DE WALLENBERG
	]]></text>
</Section>
<Section span_begin="572" span_end="594" id="SECCION_DIAGNOSTICOS_SECUNDARIOS" type="OTROS DIAGNÓSTICOS">
	<name><![CDATA[Diagnòstics Secundaris]]></name>
	<text><![CDATA[
:
433.21 AVC ISQUEMIC VERTEBROBASILAR
Pacient de 52 anys d'edat que ingressa per Ictus isquèmic
	]]></text>
</Section>
<Section span_begin="697" span_end="708" id="SECCION_ANTECEDENTES" type="ANTECEDENTES">
	<name><![CDATA[Antecedents]]></name>
	<text><![CDATA[
:
Malalties prèvies:
DISLIPÈMIA (Sin tratamiento habitual.
Havia estat en tractament amb Gemfibrazilo, actualment no consta tractament habitual. Analítica CAP (2012): HCOL 455 TG 2735 GGT 387. )
TRASTORN DE PERSONALITAT AFECTIU (OD: OD: TRASTORN DE PERSONALITAT CLUSTER A
El pacient explica, de sempre, dificultat per a les relacions socials, amb conductes hostils i en ocasions agressives (verbalment), davant situacions de conflicte. Es defineix com a persona pací fica, que no s'entromet en la vida dels altres, però reconeix manca de control quan es sent atacat pels altres (idees d'autoreferència sovint). Als 25 anys es va diagnoticar (a _LOCATION_), de trastorn de personalitat, pel que va iniciar 2-3 visites amb psicologia que posteriorment va abandonar.
L'any 2013, en contetx de problemàtica laboral, inicia clínica depressiva, refereint idees autolí tiques, i abús d'OH, pel que es portat a UCIAS per la seva dona (de forma involuntaria). A UCIAS presenta episodi de descontrol conductual que requereix contenció mecànica. Es manté en observació durant 24h, s'orienta com a t. de personalitat cluster A, i donada la manca de simptomes d'alarma (posteriorment en fa crítica de les idees autolítiques) es procedeix a l'alta  amb control a CCEE. El pacient acut en tres ocasions, posteriorment no hi ha mes seguiment. Mai ttm farmcològic.
Des de l'any 2013 persisteix al apatia, indiferència i idees de desesperança. Explica bona relació amb dona i fills però mala adaptació social/laboral..Nega voluntat de suicidi imediat (per creences religioses), però si que afirma que la deixadesa i les consuctes nocives (fumar 2paq/dia i consum de 10l d'OH setmanals) son amb l'objectiu de anar consumint-se poc a poc. Dubta que la situació pugui canviar i actualment no impressiona de massa voluntat per a modificar la seva conducat i idees, tot i que sembla parcialment reconduible i accedeix finalment a inciar ttm farmacològic.
EPP: Pacient colaborador, aspecte acurat, certa inquietud motriu, orientat, discurs coherent, estructurat, fascies expressiva, contacte sintònic. Hipotimia. Idees de desesperança però refereix algun pla de futur (celebració d'anys de casament amb la dona al setembre). No ideació deliranti. ) GONALGIA (Consulta a urgències per gonàlgia a maig 2016. Tractament simptomàtic.
Refereix des de fa dos anys episodis de monoartrititis dolorosa a genolls, turmells i primer metatars, actualment presenta monoartritis en genoll esquerre. )
ALCOHOLISME CRONIC (Consta antecedent de consum d'alcohol amb patró d'abús. Actualment refereix consum >10L/setmana.)
LUMBALGIA (TC lumbosacra (2010): Protrusions discals L4-L5 i L5-S1 sense evidència de compromís radicular..
Al·lèrgies:
El pacient no presenta al·lèrgies conegudes.
Hàbits tòxics:
Hábito tabáquico . Consumidor de alcohol .
	]]></text>
</Section>
<Section span_begin="3524" span_end="3539" id="SECCION_PROCESO_ACTUAL" type="INFORMACIÓN SOBRE LA HISTORIA ACTUAL">
	<name><![CDATA[Història Actual]]></name>
	<text><![CDATA[
:
Pacient home 52 anys amb FFSS conservades, autònom per les ABVD, fumador actiu 1paq/dia durant 35a, enol greu >1l vi/dia, sense al·lèrgies conegudes. Com antecedents mèdics DLP sense tractament, no DM, no HTA, no cardiopatia, no pneumopatia ni gastropatia. No IQ. No pren medicació activa
Consulta per clínica d'aparició el 29/01/17 de nàusees i vòmits amb inestabilitat de la marxa i atàxia amb lateralització, amb incoordinació de l'ESD i hipostesia. Refereix també disfonia i incapacitat per la deglució
. No diplopia però si borrositat. A l'interrogatori explica ja clínica de mareigs i nàusees la setmana prèvia.
	]]></text>
</Section>
<Section span_begin="4162" span_end="4179" id="SECCION_EXPLORACION_FISICA" type="INFORMACIÓN SOBRE LA EXPLORACIÓN FÍSICA">
	<name><![CDATA[Exploració física]]></name>
	<text><![CDATA[
:
EF:TºC: 35, 36, FC: 59, 66, TA: 139, 121/67, 72.
ACV: TCR, ausculto buf sistòlic de predomini a focus mitral, no edemes en EEII, polsos perifèrics presents i simètrics. No IJ ni RHJ.
AR: MVC no sorolls sobreafegits.
ABD: tou i depressible, no dolorós a la palpació, sense masses ni megàlies, peristaltisme conservat, sense signes de peritonisme
NRL: CiO en temps, espai i persona, no alteracions del llenguatge, no alteracions en el reconeixament, d'objectes, comprensió i execució d'ordres.
Pupil·les isocòriques i normoreactives, no defectes campimetrics, no oftalmoparesies, Nistagmus horitzontal amb fase ràpida bidireccional. PPCC conservats.
Força, sensibilitat fina conservada.
Mingazzini, Barre, Miller-Fisher negatiu , no dismetria dit nas. Roomberg negatiu. No alteracions en la marxa
Resum proves complementàries:
Laboratori:
AS: Leucòcits 9.76 x 10^9/L, Hematies *2.66 x 10^12/L, Hemoglobina *114 g/L, Hematòcrit *0.32 L/L, Volum corpuscular mig *119.5 fL, Hemoglobina corpuscular mitja *42.9 pg, Conc. Hb. corpuscular mitja 358 g/L, Índex dispersió hematies 13.2 %, Plaquetes 279 x 10^9/L, Volum plaquetar mig 11.5 fL, Índex dispersió de plaquetes 15.1 fL, Plaquetòcrit 0.032 L/L, Neutròfils (%) 70 %, Neutròfils 6.83 x 10^9/L, Limfò cits (%) 23.3 %, Limfòcits 2.27 x 10^9/L, Eosinòfils (%) 0.7 %, Eosinòfils 0.07 x 10^9/L, Basòfils (%) 0.5
%, Basòfils 0.05 x 10^9/L, Monòcits (%) 5.5 %, Monòcits 0.54 x 10^9/L, Temps protrombina 0.93 ratio, T.Tromboplastina parcial activ 1.07 ratio, Urea 23 mg/dL, Creatinina 0.9 mg/dL, Sodi 141 mEq/L, Potassi
4.1 mEq/L, Aspartat aminotransferasa(AST) 13 U/L, Alaninaminotransferasa (ALT) 11 U/L, Fosfatasa alcalina 97 U/L, Gammaglutamiltranspeptidasa *196 U/L, Bilirubina total 0.1 mg/dL, Proteïnes totals *52 g/L, Colesterol total 191 mg/dL, Triglicèrids *474 mg/dL, Colesterol-HDL 46.8 mg/dL, Colesterol-LDL Pendent mg/dL, Colesterol-no HDL 144 Consulteu els valors de referència per grups de risc a l'infome pdf. mg/dL, Tirotropina (TSH) 2.51 µU/mL, T4 lliure 0.83 ng/dL
Imatge:
-	TC craneal: No hay signos de isquemia aguda (ASPECTS 10). Dos lesiones sugestivas de infartos subagudos en territorio de PICA derecha y otras dos de aspecto crónico.Oclusión de la arteria vertebral derecha en todo su trayecto. Nódulo tiroideo izquierdo hipodenso, a valorar ecografía.
-	AngioTAC: Normal disposición de los troncos supraórticos. Oclusión de la arteria vertebral derecha en todo su trayecto. Arteria vertebral izquierda permeable. Carótidas comunes, externas e internas permeables y de calibre conservado, sin ateromatosis significativa.
Polígono de Willis normoconfigurado sin alteraciones, con arterias cerebrales anteriores y medias permeables.
-	Tac perfusión: Es realitzen mapes de fluxe i volum sanguinis, "time to drain" (TTD) i "mean transit time" (MTT). Els territoris són simètrics i no s'observen àrees sospitoses d'isquèmia o altres alteracions.
-	Rx torax: cambios crónicos, no se observan condensaciones.
-	RM crani: Troballes per RM de múltiples lesions isquèmiques de característiques agudes/subagudes cerebel·loses bilaterals i bulboprotuberencials dretes, en territori vertebrobasilar, i de probable origen emb òlic.
-	Angio-RM crani: sense troballes valorables amb permeabilitat de tot el sistema carotidi i vertebrobasilar visualitzat.
Altres proves:
ECG: RS a 69lpm, QRS estret eix de 60º, sense alteracions de la repolarizació.
Evolució i comentaris:
1.- Ictus vertebrobasilar 2º a disecció arterial vertebral
NIHSS inicial de 8. L'angioTC inicial mostra oclusió completa de l'arteria vertebral dreta i la TC ictus ambó s PICAs. No candidat a trombolisi per imatge, es descoagula amb enoxaparina. Progressivament millor, asimptomàtic fins el cinquè dia d'evolució que presenta hemiparesia dreta i hemihipoestesia esquerra  amb facial esquerra de característiques perifèriques i desviació de la mirada forçada cap a l'esquerra pel que es torna a fer neuroimatge que mostra progressió de l'estenosi/oclusió fins a nivel proximal de l'artè ria basilar. Donada la presencia inicial de cefalea i la normalitat de la angio RM de control orientem la causa com a probable dissecció arterial de l'artèria vertebral. Decidim anticoagulació 1 mes amb posterior
visita de control.
NIH alta: 4
Rankin: 2
2.-INCIDENTALOMA TIROIDAL
En TC de crani s'objectiva nòdul tiroïdal esquerre hipotens. TSH i T4 normals. Es sol·licita ecografia tiroï dal pendent de reprogramar.
3.-SINDROME DEPRESSIVA
A la valoració i entrevista amb la família, la seva dona refereix clínica depressiva i d'abús d'enol de dos anys d'evolució aproximadament. Es realitza IC amb psiquiatria que valora al pacient i decideix iniciar desvenlafaxina 50mg 1-0-0 i control per psiquiatría.
4.-CRISIS GOTOSA
Refereix des de fa dos anys episodis de monoartrititis dolorosa a genolls, turmells i primer metatars, actualment presenta monoartritis en genoll esquerre. Valorat per reumatologia recomana iniciar colchicina mentre duri l'episodi agut i com a tractament de base seguir amb la colchicina 6 mesos i iniciar alopurinol 100 mg/d x 2 sem --> 200 mg/d x 2 sem --> 300 mg/d de manera indefinida.
5.-FARINGOAMIGDALITIS
Durant l'ingrés el pacient refereix odinofàgia al deglutir, en tot moment afebril. A l'exploració ORL s'evidencia plaques de pus. Pautem amoxicil·lina clavulànic que haurà de continuar fins el dia 21/02/2017
	]]></text>
</Section>
<Section span_begin="9555" span_end="9565" id="SECCION_TRATAMIENTO_HABITUAL" type="INFORMACIÓN SOBRE TRATAMIENTO">
	<name><![CDATA[Tractament]]></name>
	<text><![CDATA[
:
Fàrmacs:
-Sintrom 4mg segons pauta (adjunta)
-Clexane segons pauta
-Omeprazol 20mg/24h
-Amoxicil·lina clavulànic 875/125mg /8h fins dia 21/02
-Losartan 100mg/24h
-Alopurinol 100 mg/d x 2 sem --> 200 mg/d x 2 sem --> 300 mg/d de manera indefinida.
Altres recomanacions:
-Visita a CCEE de Neurologia
-Mantenir pegat d'oclusió ocular nocturn, llàgrimes artificials cada 6h i pomada oftàlmica
-Control Sintrom 20/0214:30 UDIAT
_LOCATION_, 17/02/2017
_NAME_	_NAME_
(Nº col _ID_)	(Nº col _ID_
Nom i cognoms metge: _NAME_ (Nº col: _ID_Pàg.: 1/4	]]></text>
</Section>
</ehr>