<?xml version='1.0' encoding='UTF-8'?>
<ehr id="340509688.utf8.txt">
<Section id="DEFAULT_HEADER" type="DEFAULT_HEADER" >
	<name>DEFAULT_HEADER</name>
	<text><![CDATA[
_LOCATION_) Telèfon _SS_  972 _CONTACT_
Telèfon IDI (Ressonància i TAC) _CONTACT_
Telèfon ICO _CONTACT_
Nº Història Clínica: _ID_
Cognoms, Nom: _NAME_
NºEpisodi: _ID_
CIP: _ID_
Sexe: Dona
Data de Naixement: _DATE_   Edat: 41 Anys
NIF/DNI:_NAME_; _NAME_; _NAME_
Informe d'alta d'hospitalització
CP	_LOCATION_
ABS	_SS_
Servei	NEUROLOGIA
Data d'alta  23.02.2017	16:00:00
_LOCATION_
_CONTACT_; _CONTACT_
ATEN.PRIMÀRIA 21.02.2017
Adreça
Telèfon Procedència Data d'ingrés Atès per
	]]></text>
</Section>
<Section span_begin="478" span_end="492" id="SECCION_MOTIVO_DE_INGRESO" type="MOTIVO DEL INGRESO">
	<name><![CDATA[MOTIU D'INGRÉS]]></name>
	<text><![CDATA[
Sospecha de ictus de ACM derecha.
	]]></text>
</Section>
<Section span_begin="528" span_end="539" id="SECCION_ANTECEDENTES" type="ANTECEDENTES">
	<name><![CDATA[ANTECEDENTS]]></name>
	<text><![CDATA[
	]]></text>
</Section>
<Section span_begin="540" span_end="563" id="SECCION_ANTECEDENTES_PERSONALES" type="ANTECEDENTES">
	<name><![CDATA[ANTECEDENTES PERSONALES]]></name>
	<text><![CDATA[
-No alergias medicamentosas.
-No hábitos tóxicos.
	]]></text>
</Section>
<Section span_begin="615" span_end="639" id="SECCION_ANTECEDENTES" type="ANTECEDENTES">
	<name><![CDATA[ANTECEDENTES PATOLÓGICOS]]></name>
	<text><![CDATA[
-No antecedentes de hipertensión arterial, diabetes o dislipemia.
-No antecedentes de ictus o cardiopatía isquémica.
-Ingreso en CGD del HSC en junio del 2016 por dolor abdominal en estudio. FGS normal. Eco abdominal: esteatosis hepática sin LOEs. Coprocultivo: yersinia enterocolítca. Se orienta como gastroenteritis y realiza tratamiento con ciprofloxacino 500mg durante 5 días.
-Mioma intramural. Pendiente de intervención quirúrgica.
	]]></text>
</Section>
<Section span_begin="1079" span_end="1097" id="SECCION_TRATAMIENTO_HABITUAL" type="INFORMACIÓN SOBRE TRATAMIENTO">
	<name><![CDATA[MEDICACIÓ HABITUAL]]></name>
	<text><![CDATA[
Metamizol 575mg c/8hrs, Omeprazol 20mg c/24hrs, Paracetamol 1gr c/12hrs.
	]]></text>
</Section>
<Section span_begin="1172" span_end="1185" id="SECCION_PROCESO_ACTUAL" type="INFORMACIÓN SOBRE LA HISTORIA ACTUAL">
	<name><![CDATA[PROCÉS ACTUAL]]></name>
	<text><![CDATA[
Paciente de 41 años que presenta el 21/02/17 cuadro de inicio brusco de dolor en hemicuerpo izquierdo con sintomatología vasovagal acompañante. Acude al _SS_ desde donde se activa codi ictus a las 15:55 hrs. Llega a urgencias de nuestro centro a las 16:11 hrs y es atendida en el momento.
La paciente explica cefalea constante e intensa holocraneal de predominio hemicraneal izquierdo desde hace 2-3 días.
En la exploración física asu llegada destaca hemihipoestesia izquierda. Se realiza TC cerebral que no muestra alteraciones. Dada la edad de la paciente, a pesar de la clínica leve y de la normalidad de las pruebas complementarias, y en ausencia de contraindicaciones, se decide tratamiento con rtPA iv para un peso estimado de 75kg. Se administra bolus inicial de 7mg a las 16:30 (TA pre-bolus 125/78) y perfusión de 63mg a las 16:45 hrs (TA post-bolus: 122/76).
	]]></text>
</Section>
<Section span_begin="2057" span_end="2074" id="SECCION_EXPLORACION_FISICA" type="INFORMACIÓN SOBRE LA EXPLORACIÓN FÍSICA">
	<name><![CDATA[EXPLORACIÓ FÍSICA]]></name>
	<text><![CDATA[
TA: 100/56    FC: 77 l/m    SAT: 100%
CV: tonos rítmicos. No soplos ni roces.
RESP: murmullo vesicular conservado. No esterores ni sibilancias.
NRL: vigil, orientada. No alteraciones del lenguaje o de campos visuales. MOE conservados. PFC izquierda. No déficits motores. Hemihipoestesia izquierda. No rigidez de nuca.
Informe d'alta d'hospitalització
NIHSS: 00000/ 10000/ 01000 = 2
	]]></text>
</Section>
<Section span_begin="2467" span_end="2492" id="SECCION_EXPLORACIONES_COMPLEMENTARIAS" type="INFORMACIÓN SOBRE PRUEBAS COMPLEMENTARIAS">
	<name><![CDATA[EXPLORACIÓ COMPLEMENTÀRIA]]></name>
	<text><![CDATA[
Analítica de sangre: Hb 12.9 g/dL,  Hcto 38%, VCM 89.8 fL, HCM 31 pg, C.H.C.M. 34 g/dL,  A.D.E. 12.3%,
Plaquetes 278 K/mcL, Leucòcits 9.65 K/mcL, TP 95%, INR 1.01, TTPA 30.3 segs, Fibrinogen 424 mg/dL, Glucosa
104 mg/dL, Urea 30 mg/dL, Creatinina 0.60 mg/dL, Urat 3.8 mg/dL, Proteïna 6.9 g/dL, Albúmina 4.2 g/dL, Colesterol 177 mg/dL, HDL 67 mg/dL, LDL 96 mg/dL, Triglicèrid 70 mg/dL, Bilirubina total 0.29 mg/dL, GOT 17 U/L, GPT 14 U/L, GGT 16 U/L, FA 60 U/L, LDH 178 U/L, CK 70 U/L, Amilasa 47 U/L, Calci 8.8 mg/dL, Ió sodi 141 mEqu/L, Ió potasi 4.6 mEqu/L,Troponina T 3.2 ng/L.
Monitorización ECG: no se detectan arritmias.
Rx de tórax: no cardiomegalia. No imágenes de condensaciones o infiltrados en parénquima pulmonar. Senos costofrénicos libres.
TAC craneal: No s'observen lesions hemorràgiques agudes intra ni extra axials. Parènquima cerebral sense observar hipodensitats ni àrees d'esborrament còrtico-subcortical de manera significativa. Sistema ventricular simètric, de mida i morfologia normals. Estructures de la línia mitja centrades. Cisternes de la base i perimesencefàliques lliures. Calota craneal sense troballes valorables. L'estudi de perfusió no mostra alteracions significatives en els mapes CBV ni MTT del territori de la ACM dreta ni en la resta de territoris vasculars estudiats. L'estudi angiogràfic no mostra defectes de replecció dels vasos intracranials ni dels tronc supraòrtics. ACP esquerra d'origen fetal. Hipoplàsia de l'artèria vertebral dreta.
CONCLUSIÓ: Estudi TC cranial sense alteracions radiològiques significatives del parènquima.
TAC craneal post-rtpa: No s'aprecien signes de sagnat intracranial. El parènquima cerebral i cerebel.lós no mostra alteracions densitomètriques significatives. El sistema ventricular mostra una morfologia i mida normal en relació a l'edat de la pacient. Les estructures de la línia mitja estan centrades.  Les cisternes de la base estan lliures.
CONCLUSIÓ: Estudi TC cranial sense alteracions rellevants.
Doppler:
-DTSA: Ambas ACIs, ACEXt, ACCs normales. AAVV ortodrómicas y con curvas de velocdiad normal. Dominancia izquierda.
-DTC: rgular ventana US que no me permite visualizar correctamente la ACA izq. ACA derecha, ACM derecha y ACM izqs: normales. Ligera asimetría en cuanto a velocidades observadas en ambas ACPs sin tratarse de una asimetría significativa. Ventana suboccipital: ambos segmetnos V4 normales. AB insonada desde U VB hasta 80 mm de profundidad normal.
Conclusión: estudio normal.
RM cerebral (23/02/17): Estructuras de la línia media centradas. El parénquima cerebral, cerebeloso y del tronco del encéfalo conserva la diferenciación cortico-subcortical, sin apreciarse alteraciones morfológicas ni de señal de resonancia destacables. El estudio de difusión no muestra lesiones agudas. Sistema ventricular de tamaño y morfologia dentro de la normalidad, proporcionado al tamaño de los surcos aracnoidales que rodean ambas convexidades cerebrales. Cisternas basales y peritronculares libres. Se observa leve asimetria de los hipocampos, siendo de mayor tamaño el derecho, aunque puodría relacionarse con una variante de la normalidad. Charnela cranio-cervical sin alteraciones significativas.
Informe d'alta d'hospitalització
AngioTOF: correcta  permeabilidad de  arterias y  arteria basilar, sin  objetivarse la  presencia de  estenosis ni dilataciones aneurismáticas. ACP fetal izquierda (variante anatómica)
CONCLUSIÓN: Estudio RM cerebral sin alteraciones patológicas valorables.
	]]></text>
</Section>
<Section span_begin="5985" span_end="6001" id="SECCION_EVOLUCION" type="INFORMACIÓN SOBRE EVOLUCIÓN">
	<name><![CDATA[EVOLUCIÓ CLÍNICA]]></name>
	<text><![CDATA[
La paciente ingresa a la unidad de ictus para monitorización y vigilancia neurológica. Durante el ingreso permanece hemodinámicamente estable, manteniendo ritmo sinusal durante todo el registro. Se realiza TAC control 24 horas post fibrinolisis, que resulta normal, por lo que se inicia tratamiento antiagregante con adiro 100mg.
Clínicamente estable, la paciente comenta sensación de pérdida de fuerza en hemicuerpo izquierdo que no se evidencia en la exploración, y hemianopsia izquierda en la campimetría por confrontación, aunque con repuestas poco congruentes a lo largo de la exploración. Como parte del estudio se realiza Doppler de TSA y RMN cerebral, que no muestran alteraciones.
Dados los hallazgos de la exploración física, y los de las pruebas complementarias, lo más probable es que el epsiodio actual corresponda a una patología de base funcional sin correlato anatómico. Se explica a la paciente el resultado del estudio, y se recomienda valoración psicológica de cara a asegurar una atención multidisciplinary optimizar el tratamiento.
Dada la estabilidad clínica y hemodinámica, se decide alta a domicilio. Escalas al alta:
NIHSS: 0
Rankin: 0
Barthel: 100
	]]></text>
</Section>
<Section span_begin="7179" span_end="7190" id="SECCION_DIAGNOSTICO_PRINCIPAL" type="DIAGNÓSTICO">
	<name><![CDATA[DIAGNÒSTICS]]></name>
	<text><![CDATA[
782.0/4 Alteración sensitiva sin correlato anatómico.
	]]></text>
</Section>
<Section span_begin="7246" span_end="7258" id="SECCION_PROCEDIMIENTOS" type="PROCEDIMIENTO">
	<name><![CDATA[PROCEDIMENTS]]></name>
	<text><![CDATA[
88.71 Ultrasò diagnòstic de cap i coll. Determinació desviació de la línia mediana cerebral,ecoencefalografia
88.71 Ultrasò diagnòstic de cap i coll. Determinació desviació de la línia mediana cerebral,ecoencefalografia
	]]></text>
</Section>
<Section span_begin="7480" span_end="7515" id="SECCION_TRATAMIENTO_AL_ALTA" type="INFORMACIÓN SOBRE TRATAMIENTO">
	<name><![CDATA[TRACTAMENT I RECOMANACIONS A L'ALTA]]></name>
	<text><![CDATA[
Tratamiento sin cambios.
	]]></text>
</Section>
<Section span_begin="7542" span_end="7549" id="SECCION_CONTROL" type="INFORMACIÓN SOBRE TRATAMIENTO">
	<name><![CDATA[CONTROL]]></name>
	<text><![CDATA[
- Control de factores de riesgos cardiovasculares por MAP.
DESTINACIÓ A L'ALTA:	A DOMICILI
Validat per: _NAME_	Col·legiat: _ID_
23.02.2017
Pàgina 1 de 3	]]></text>
</Section>
</ehr>