<?xml version='1.0' encoding='UTF-8'?>
<ehr id="340600672.utf8.txt">
<Section id="DEFAULT_HEADER" type="DEFAULT_HEADER" >
	<name>DEFAULT_HEADER</name>
	<text><![CDATA[
_LOCATION_ Tel. _CONTACT_
_CONTACT_
Informe Alta Hospitalització
_NAME_
HC: _ID_
>
Adreça: _LOCATION_	Data naix.: _DATE_ Població: _LOCATION_	Sexe: FEMENI
Provincia: _LOCATION_	CIP: _ID_
País: _LOCATION_	NASS: _ID_
Telèfon: _CONTACT_ / _CONTACT_	DNI o Tarja Residència: _ID_
Servei: Medicina Interna	Data ingrés a URG: 14/02/2017 13:30
Unitat clínica: Pacient Crònic Complex	Data hospitalització: 15/02/2017 01:35
	]]></text>
</Section>
<Section span_begin="419" span_end="433" id="SECCION_TIPO_DE_INGRESO" type="TIPO DE INGRESO">
	<name><![CDATA[Tipus d'ingrés]]></name>
	<text><![CDATA[
: Urgències	Data alta: 22/02/2017
Proveïdor de Serveis: Servei Català de la Salut	Destí: 11 - Defunció
	]]></text>
</Section>
<Section span_begin="539" span_end="559" id="SECCION_DIAGNOSTICO_PRINCIPAL" type="DIAGNÓSTICO">
	<name><![CDATA[Diagnòstic principal]]></name>
	<text><![CDATA[
:
434.11 AVC EMBOLIC
	]]></text>
</Section>
<Section span_begin="582" span_end="604" id="SECCION_DIAGNOSTICOS_SECUNDARIOS" type="OTROS DIAGNÓSTICOS">
	<name><![CDATA[Diagnòstics Secundaris]]></name>
	<text><![CDATA[
:
427.31 ACXFA
	]]></text>
</Section>
<Section span_begin="621" span_end="633" id="SECCION_PROCEDIMIENTOS" type="PROCEDIMIENTO">
	<name><![CDATA[Procediments]]></name>
	<text><![CDATA[
:
90.59 ANALITICA SANG
87.03 TOMOGRAFIA AXIAL COMPUTADA DE CAP; TAC DE CAP
87.44 RADIOGRAFIA DE TORAX
	]]></text>
</Section>
<Section span_begin="742" span_end="753" id="SECCION_ANTECEDENTES" type="ANTECEDENTES">
	<name><![CDATA[Antecedents]]></name>
	<text><![CDATA[
:
Malalties prèvies:
HIPERTENSIÓ ARTERIAL (en tractament farmacològic. ) HIPOTIROIDISME
INFART RENAL (esquerre al 2014 d'etiologia embòlica en context de FA. ) ACXFA (crònica. Es retira el Sintrom arrel d'un hematoma a ganglis basals. ) IAM (revascularitzat el 1996. )
NEOPLASIA MALIGNA GASTRICA (intervinguda el 1995. No disposem d'informes. ) HEMATOMA CEREBRAL (Hematoma a ganglis basals esquerres d'etiologia hipertensiva. Va requerir d'ingrés al Servei de Neurologia de _SS_.
En el TC de control al alta persistia l'hematoma a la corona radiata esquerra. Alta el dia 3/10/16. .
Al·lèrgies:
El pacient no presenta al·lèrgies conegudes.
	]]></text>
</Section>
<Section span_begin="1397" span_end="1415" id="SECCION_SITUACION_FUNCIONAL" type="ANTECEDENTES">
	<name><![CDATA[Situació funcional]]></name>
	<text><![CDATA[
:
Situació mental: FFSS conservades.
Situació física: Independent per ABVD.
Antecedents socials i professionals:
Situació social: Viu amb el seu fill.
	]]></text>
</Section>
<Section span_begin="1571" span_end="1586" id="SECCION_PROCESO_ACTUAL" type="INFORMACIÓN SOBRE LA HISTORIA ACTUAL">
	<name><![CDATA[Història Actual]]></name>
	<text><![CDATA[
:
Paciente de 89 años FFSS conservadas e independiente para ABVDs con AP de HTA, ACxFA en tratamiento antiagregante por AVC hemorrágico que posteriormente presento ACV isquémico ACM derecha de etiología cardioembólica en contexto de retirada del sintrom el 22/11/16.
Primera visita CCEE de NRL el 1/12/16.
Acude por clínica del despertar de afasia global + hemiparesia braquio-crural derecha .
	]]></text>
</Section>
<Section span_begin="1982" span_end="1999" id="SECCION_EXPLORACION_FISICA" type="INFORMACIÓN SOBRE LA EXPLORACIÓN FÍSICA">
	<name><![CDATA[Exploració física]]></name>
	<text><![CDATA[
:
Consciente, afasia global.
AC:Arrítmica a buena frecuencia.Soplo sistólico AP(PLANO ANTERIOR):MVC
ABD:Blando, depresible, no doloroso, RHA presentes sin signos de peritonismo. MMII:No edemas no signos de TVP
NRL: afasia global. Hemianopsia derecha por confrontación. Hemiplejia derecha.Hipoestesia táctil derecha. RCP indiferente derecho y flexor izquierdo.
Resum proves complementàries:
Laboratori:
A/S: Leucòcits 9.01 x 10^9/L, Hematies 4.95 x 10^12/L, Hemoglobina 145 g/L, Hematòcrit 0.45 L/L, Volum corpuscular mig 91.5 fL, Hemoglobina corpuscular mitja 29.3 pg, Conc. Hb. corpuscular mitja 320 g/L, Plaquetes 224 x 10^9/L, Neutròfils (%) *77.6 %, Neutròfils 6.99 x 10^9/L, Limfòcits (%) *17.3 %, Limfòcits
1.56 x 10^9/L, Eosinòfils (%) 0.2 %, Eosinòfils 0.02 x 10^9/L, Basòfils (%) 0.2 %, Basòfils 0.02 x 10^9/L, Monòcits (%) 4.7 %, Monòcits 0.42 x 10^9/L, Glucosa *129 mg/dL, Urea 46 mg/dL, Creatinina 0.87 mg/dL, Sodi 138 mEq/L, Potassi 4.8 mEq/L
Imatge:
TC CRANEAL: TC craneal simple que se compara con TC craneo del 29/01/2017:
No se observan lesiones hemorrágicas intra o extraparenquimatosas.Ausencia de desplazamientos significativos de las estructuras de línea media supra e infratentoriales.
Dilatación global y simétrica del sistema ventricular, valles silvianos y surcos corticales de la convexidad. Cisternas basales y peritronculares libres.
Extensa área parenquimatosa hipodensa de topografia frontoopercular, insular y temporoparietal izquierdas, con borramiento de los surcos de la convexidad adyacentes. ACM izquierda hiperdensa. Áreas hipodensas hemicerebelosas posteroinferiores izquierdas y gangliocapsular izquierda.
Área hipodensa corticosubcortical parietooccipital derecha.
Resto de fosa posterior y parénquima cerebral sin otras alteraciones morfológicas ni densitométricas valorables.
Conclusió
Extenso infarto isquémico agudo en el territorio de la ACM superficial y profunda.
Infartos isquémicos crónicos en el territorio de la PICA izquierda, otro en el territorio de la ACM superficial posterior derecha.
Lesión necrogliótica focal gangliocapsular izquierda. Signos de atrofia cerebral difusa
Evolució i comentaris:
POR PROBLEMAS:
1.ICTUS DE ACM IZQUIERDA
Con afasia global y hemiplejia derecha. 2.SOCIAL
Viuda , vive con su único hijo _NAME_ 3.PLANIFICACIÓN ANTICIPADA DE DECISIONES
Hablado con su hijo. En caso de complicación grave, priorizar confort. No es candidata a IOT ni RCP ni UCI.En caso de que se objetive disfagia severa que impida la alimentación por boca NO es candidato a SNG ni Gastrostomía.
	]]></text>
</Section>
<Section span_begin="4556" span_end="4560" id="SECCION_CONTROL" type="INFORMACIÓN SOBRE TRATAMIENTO">
	<name><![CDATA[PLAN]]></name>
	<text><![CDATA[
: Ajusto tratamiento. Ver evolución.
En los próximos días completaré nota de ingreso.
Temperatura axil·lar (ºC): 36.3, Frecuencia Cardíaca (lat/min): 90, Tensión sistólica (mm Hg): 155, Tensió n diastólica (mm Hg): 94.Postrada, reactiva a estímulos táctiles.Se objetivan signos de disconfort.
Persiste con afasia global y hemiplejia derecha, desviación de la mirada hacia la derecha. Mantengo entrevista con su hijo y su nuera:
Han estado todo el fin de semana pensando acerca de la situación de la paciente. No desean intentar alimentación vía enteral. Su hijo comenta que a su madre NO le gustaría verse en esta situación, teniendo en cuenta sus valores y sus preferencias.Ella siempre ha querido ser autónoma, le costaba aceptar la ayuda en AIVDs que le hacían actualmente.
1.ICTUS DE ACM IZQUIERDA
Con afasia global y hemiplejia derecha. 2.SOCIAL
Viuda , vive con su único hijo _NAME_ 3.SITUACIÓN DE ÚLTIMOS DÍAS
PLAN: Acordamos iniciar sedación de últimos días para asegurar confort. Hago soporte emocional.
A las 7:20 am fallece.Certifico exitus.Familia agradecida con el trato recibido por el equipo.
_LOCATION_, 22/02/2017
_NAME_ (Nº col _ID_
Nom i cognoms metge: _NAME_ (Nº col: _ID_Pàg.: 1/3	]]></text>
</Section>
</ehr>