<?xml version='1.0' encoding='UTF-8'?>
<ehr id="341541886.utf8.txt">
<Section id="DEFAULT_HEADER" type="DEFAULT_HEADER" >
	<name>DEFAULT_HEADER</name>
	<text><![CDATA[
I.CLINIC DE NEUROCIÈNCIES NEUROLOGIA
_NAME_	NHC: _ID_
Sexo/Sexe: Fem.	Fecha nac./Data naix.: _DATE_	Edad/Edat: 89 años Dirección/Adreça: _LOCATION_	CP: _LOCATION_
Municip. (Prov.): _LOCATION_  ABS:_SS_		Tel.:_CONTACT_ As.: SERVEI CATALA DE LA SALUT	CIP: _ID_	NASS: _ID_
Nº epis.: _ID_	Tipo/Tipus: HOSPIT.	Ingres.: 21.02.2017 Serv: NEUROLOGIA	UO Enf.: G6B4 SALA G NEUROL. CURT. E Hora: 19:12:45
Facult. de ref.: _NAME_
	]]></text>
</Section>
<Section span_begin="424" span_end="449" id="SECCION_TIPO_DE_INGRESO" type="TIPO DE INGRESO">
	<name><![CDATA[Tipo ingreso/Tipus ingrés]]></name>
	<text><![CDATA[
: Urgent	Motivo/Motiu alta: Hospital Ag.
Diag.:
ICTUS ISQUÉMICO ACMD (434.91) FIBRILACIÓN AURICULAR ()
Proc.:
TC CRANEAL ()
INFORME CLÍNICO ALTA / INFORME CLÍNIC ALTA
	]]></text>
</Section>
<Section span_begin="621" span_end="659" id="SECCION_MOTIVO_DE_INGRESO" type="MOTIVO DEL INGRESO">
	<name><![CDATA[Motivo de consulta / Motiu de consulta]]></name>
	<text><![CDATA[
Debilidad de extremidades izquierdas.
	]]></text>
</Section>
<Section span_begin="699" span_end="761" id="SECCION_ANTECEDENTES" type="ANTECEDENTES">
	<name><![CDATA[Antecedentes e historia previa / Antecedents i història prèvia]]></name>
	<text><![CDATA[
Mujer de 89, alérgica a Eufilinas. Independiente para ABVD, vive con su hijo. No hábitos tóxicos.
	]]></text>
</Section>
<Section span_begin="860" span_end="885" id="SECCION_ANTECEDENTES_PERSONALES" type="ANTECEDENTES">
	<name><![CDATA[*	ANTECEDENTES PERSONALES]]></name>
	<text><![CDATA[
:
1.- ASMA BRONQUIAL diagnosticada hace 40 años.
-	En seguimiento por Neumólogo privado.
2.- GAMMAPATÍA MONOCLONAL DE SIGNIFICADO INCIERTO tipo IgG LAMBDA.
-	Diagnosticada en marzo/2006. En seguimiento por Dr. _NAME_ (_SS_). Sin tratamiento, actitud expectante. 3.- FIBRILACIÓN AURICULAR DE RECIENTE DIAGNÓSTICO (16/02). Se inició tratamiento anticoagulante con acenocumarol.
	]]></text>
</Section>
<Section span_begin="1261" span_end="1282" id="SECCION_TRATAMIENTO_HABITUAL" type="INFORMACIÓN SOBRE TRATAMIENTO">
	<name><![CDATA[*	MEDICACIÓN HABITUAL]]></name>
	<text><![CDATA[
:
-  Acenocumarol  según  pauta  -  Aldactone  100mg/día  -  Omeprazol  20mg/día  -  Dezacor  3mg/día  - Beclometasona/Formeterol 2apl/12h - Ideos - Ácido alendrónico
	]]></text>
</Section>
<Section span_begin="1450" span_end="1480" id="SECCION_PROCESO_ACTUAL" type="INFORMACIÓN SOBRE LA HISTORIA ACTUAL">
	<name><![CDATA[Proceso actual / Procés actual]]></name>
	<text><![CDATA[
Paciente traída por el SEM como código ictus extramuros tras presentar en el domicilio de forma súbita hemiparesia izquierda a las 16:00h.
	]]></text>
</Section>
<Section span_begin="1621" span_end="1659" id="SECCION_EXPLORACION_FISICA" type="INFORMACIÓN SOBRE LA EXPLORACIÓN FÍSICA">
	<name><![CDATA[Exploración física / Exploració física]]></name>
	<text><![CDATA[
21/02/2017-20:00:00: Frecuencia respiratoria (rpm) 31, PAS (mm Hg) 177, PAD (mm Hg) 99, Pulsioximetría (%) 96. 21/02/2017-23:00:00 : Tª axilar ( ºC) 36.2.
* EN BPARO:
Taquicárdica (ritmo de FA rápida en monitor, a 130 lpm), TA 175/111. Afebril.
NRL: Consciente y orientada. Lenguaje normofluente sin rasgos afásicos. Desviación oculo-cefálica a la derecha, llega a línea media, sin traspasarla. Hemianopsia homónima derecha. Paresia facio (mod) braquio (1/5) crural (1/5) izquierdas. Hipoestesia de extremidades izquierdas. Disartria moderada. Anosognosia, no
asomatognosia. Negligencia visuo- espacial izquierda. NIHSS 16.
Radiología / Radiologia
*	TC CRANEAL: Borramiento parcial del núcleo lenticular derecho sugestivo de infarto isquémico agudo en el territorio de la ACMD (ASPECTS 9). Pérdida de volumen cerebral que condiciona leve dilatación del sistema ventricular supratentorial en relación a cambios involutivos secundarios a la edad de la paciente. Ténue imagen hipodensa subcortical insular izquierda que podría corresponder a un infarto lacunar antiguo. Leve hipodensidad de la sustancia blanca periventricular de probable etiología isquémica crónica.
	]]></text>
</Section>
<Section span_begin="2831" span_end="2891" id="SECCION_EXPLORACIONES_COMPLEMENTARIAS" type="INFORMACIÓN SOBRE PRUEBAS COMPLEMENTARIAS">
	<name><![CDATA[Exploraciones complementarias / Exploracions complementàries]]></name>
	<text><![CDATA[
*	DOPPLER TRONCOS SUPRAAORTICOS Y TRASCRANEAL: 1. Placa d'ateroma a bifurcació i artèria caròtida interna esquerra que no condiciona una estenosi per criteris doppler.
2. Patró TIBI 3 amb alta resistència al segment M1 distal de l'artèria cerebral mitja dreta amb flux compensador de l'artèria cerebral anterior ipsilateral, no invertida, suggestiu d'oclusió/suboclusió distal.
	]]></text>
</Section>
<Section span_begin="3272" span_end="3292" id="SECCION_EVOLUCION" type="INFORMACIÓN SOBRE EVOLUCIÓN">
	<name><![CDATA[Evolución / Evolució]]></name>
	<text><![CDATA[
1.	ICTUS ISQUÉMICO EN TERRITORIO DE LA ARTERIA CEREBRAL MEDIA DERECHA.
2.	FIBRILACIÓN AURICULAR.
Paciente que presentar hemiparesia izquierda de inicio súbito. A la exploración destaca síndrome hemisférico derecho (NIHSS 16). Analítica de ingreso con colesterol total de 164 mg/dl (LDL 102 mg/dl) y trigliceridos 66 mg/dl, VSG de 53 mm/seg. INR de 3.24. La neuroimagen (TC craneal y RM cerebral) que muestra lesión isquémica aguda en el territorio profundo de la ACMD. Signos de microangipatía crónica. El estudio vascular (Doppler y AngioRM) muestra placa de ateroma a nivel de ICA izquerdo y oclusión de M1 distal. La monitorización muestra una fibrilación auricular rápida entre 120-130 lpm, requiriendo tratamiento frenador con digoxina con buena respuesta.
Se trata de un ictus isquémico en territorio de arteria cerebral media derecha de probable causa cardioembólica en paciente con arritmia cardíaca conocida y bien descoagulada (a pesar de que se empezó el acenocumarol hace 4 días sin terapia puente con heparina). Durante el ingreso los INR de control a pesar de llevar 48h sin sintrom siguen siendo >3.3, por lo que se pospone el inicio de la anticoagulación (a valorar reintroducir según evolución).
Durante el ingreso la paciente permanece clínicamente estable presentando conciente y orientada, limitacion de  la mirada  a la derecha, dudosa cuadrantanopsia inferior  izquierda con  extinción visual, hemiparesia braquio(0/5)-crural(2/5) izquierda. Se decide traslado a centro de referencia (_SS_) para continuar tratamiento. Precisa sonda naspgástrica
Al traslado: NIHSS: 14; TOAST: Cardioembólico ; mRs: 5.
3.	EDEMA CRÓNICO EII.
La paciente presenta edema de EID con aumento de la temperatura local y enrojecimiento. El dimero D de 1500. Ante la sospecha de posible TVP se solicita ecografía doppler de EEII que descarta trombosis.
Plan terapéutico / Pla terapèutic
-	Valorar introducción de acenocumarol según INR.
	]]></text>
</Section>
<Section span_begin="5229" span_end="5250" id="SECCION_RECOMENDACIONES" type="INFORMACIÓN SOBRE TRATAMIENTO">
	<name><![CDATA[Otras recomendaciones]]></name>
	<text><![CDATA[
 / Altres recomanacions
-	Control por su centro de atención primaria.
Firma/Signatura1: _NAME_	Firma/Signatura2: _NAME_ Categoría: Resident 1	Categoría: Consultor/a 1
Nº Matrícula HCP: _ID_	Nº Matrícula HCP: _ID_ Fecha/Data: 27.02.2017
Hora: 09:17:01
Docum.: _ID_
Hist. Clínica: _ID_
El _SS_ ha incorporado sus datos al Fichero de Pacientes, para tratarlos con fines sanitarios.
Puede ejercer sus derechos de acceso, rectificación, cancelación y oposición, así como obtener mas información en la Unidad de Atención al Cliente.
Vers. 00
Pag. 2 de
3
	]]></text>
</Section>
<Section span_begin="5805" span_end="5811" id="SECCION_PROCESO_ACTUAL" type="INFORMACIÓN SOBRE LA HISTORIA ACTUAL">
	<name><![CDATA[Episod]]></name>
	<text><![CDATA[
.: _ID_
_SS_ ha incorporat les seves dades al Fitxer de Pacients, per a tractar-los amb finalitats sanitàries. Pot exercir els seus drets d'accés, rectificació, cancel·lació i oposició, i obtenir més informació a la Unitat d'Atenció al Client.
_SS_
_LOCATION_) _LOCATION_) Tel. _CONTACT_ Fax _CONTACT_
http://_CONTACT_/	]]></text>
</Section>
</ehr>