<?xml version='1.0' encoding='UTF-8'?>
<ehr id="341998951.utf8.txt">
<Section id="DEFAULT_HEADER" type="DEFAULT_HEADER" >
	<name>DEFAULT_HEADER</name>
	<text><![CDATA[
SERVEI DE NEUROLOGIA
INFORME DE ALTANº Historia clínica	_ID_
Fecha de nacimiento
_DATE_
C.I.P.	_ID_	Código Centro	_ID_
Teléfono	_CONTACT_	Dirección	_LOCATION_
Fecha ingreso	22/02/17		_LOCATION_
Fecha de alta	27/02/17	Teléfono	_CONTACT_
Nº Asistencia	_ID_		
UH	_ID_		
	]]></text>
</Section>
<Section span_begin="269" span_end="281" id="SECCION_DIAGNOSTICO_PRINCIPAL" type="DIAGNÓSTICO">
	<name><![CDATA[DIAGNÓSTICOS]]></name>
	<text><![CDATA[
:
1.	ICTUS PACI EN TERRITORIO DE ACM IZQUIERDA. TOAST CARDIOEMBÓLICO
2.	FIBRINOLISIS EV (22/02/2017)
3.	MÍNIMA TRANSFORMACIÓN HEMORRÁGICA FRONTOPARIETOINSULAR IZQUIERDA (HI 1)
4.	FIBRILACIÓN AURICULAR DE DEBUT
Paciente de 47 años, sin AMC. Hábitos tóxicos: consumo esporádico de tabaco. Consumo de alcohol de fin de semana (últimamente aumento de conusmo debido a situación estresante en el trabajo).Independiente para las actividades basales de la vida diaria. Rankin 0.Trabaja en una gasolinera. Vive con su mujer y tiene un hijo.
	]]></text>
</Section>
<Section span_begin="816" span_end="830" id="SECCION_PROCEDIMIENTOS" type="PROCEDIMIENTO">
	<name><![CDATA[PROCEDIMIENTOS]]></name>
	<text><![CDATA[
:
-	rTPA ev
-	TC craneal (x3)
-	AngioTC craneal
-	TC perfusión
	]]></text>
</Section>
<Section span_begin="894" span_end="906" id="SECCION_ANTECEDENTES" type="ANTECEDENTES">
	<name><![CDATA[ANTECEDENTES]]></name>
	<text><![CDATA[
:
-	Obesidad
-	Explica alguna determinación de TA altas pero sin diagnóstico de hipertensión arterial en el momento actual.
-	Fibrilación auricular de debut (de <48h) el día 21/02/17, acudió a Urgencias y se realizó cardioversión farmacológica. CHAD2VASC 0-1 por lo que no se inició anticoagulación.
	]]></text>
</Section>
<Section span_begin="1207" span_end="1232" id="SECCION_TRATAMIENTO_HABITUAL" type="INFORMACIÓN SOBRE TRATAMIENTO">
	<name><![CDATA[Niega medicación habitual]]></name>
	<text><![CDATA[
.
	]]></text>
</Section>
<Section span_begin="1235" span_end="1252" id="SECCION_PROCESO_ACTUAL" type="INFORMACIÓN SOBRE LA HISTORIA ACTUAL">
	<name><![CDATA[ENFERMEDAD ACTUAL]]></name>
	<text><![CDATA[
:
Paciente traído por el SEM día 22/02 como CIEH (activado a las 13 h) por clínica de inicio súbito a las
12.20 h de debilidad y dificultad para emitir lenguaje. El paciente refiere que ha bajado a tirar la basura y ha notado que le fallaba la mano derecha y no podía hablar. Llega a URG a las 13.13 h inicialmente recuperado, sin alteración del lenguaje ni déficit motor. Durante su estancia en BOX 1 comienza a realizar parafasias (NIHSS inicial 2: afasia y hemihipoestesia derecha).
	]]></text>
</Section>
<Section span_begin="1739" span_end="1757" id="SECCION_EXPLORACION_FISICA" type="INFORMACIÓN SOBRE LA EXPLORACIÓN FÍSICA">
	<name><![CDATA[EXPLORACIÓN FÍSICA]]></name>
	<text><![CDATA[
:
	]]></text>
</Section>
<Section span_begin="1759" span_end="1790" id="SECCION_EXPLORACION_FISICA_EN_URGENCIAS" type="INFORMACIÓN SOBRE LA EXPLORACIÓN FÍSICA">
	<name><![CDATA[EXPLORACIÓN FÍSICA EN URGENCIAS]]></name>
	<text><![CDATA[
:
TA 176/110 mmHg, FC 111 lpm, Tª35.5ºC
NRL: consciente y orientado, responde preguntas y obedece órdenes simples y complejas. Mirada centrada sin restricción de oculomotores. No impresiona de déficit campimétrico por confrontación (aunque dudosa HHD por amenaza). No déficit motor. Hemihipoestesia derecha (1). Afasia leve motora, con abundantes parafasias a la hora de evocar, nominar y repetir (1). No disartria ni dismetrías. NIHSS 2 AC: Rítmico, no soplos
AP: MVC sin ruidos sobreañadidos
	]]></text>
</Section>
<Section span_begin="2285" span_end="2322" id="SECCION_EXPLORACION_FISICA_DURANTE_HOSPITALIZACION" type="INFORMACIÓN SOBRE LA EXPLORACIÓN FÍSICA">
	<name><![CDATA[EXPLORACIÓN FÍSICA EN UNIDAD DE ICTUS]]></name>
	<text><![CDATA[
 (al finalizar rTPA)
TA 146/101 mmg FC 102 lpm SatO2 95% basal
NRL: consciente, no responde preguntas (2), obedece órdenes simples y complejas. Mirada centrada sin
restricción de oculomotores. Impresiona de hemianopsia homónima derecha por amenaza pero no por confrontación. Hemiparesia faciobraquial derecha (1+1) con hemihipoestesia grave FBC (1). Afasia de Broca, no nomina, no evoca, repite con parafasias (2). No clara disartria. No dismetrías. NIHSS 7
	]]></text>
</Section>
<Section span_begin="2783" span_end="2812" id="SECCION_EXPLORACIONES_COMPLEMENTARIAS" type="INFORMACIÓN SOBRE PRUEBAS COMPLEMENTARIAS">
	<name><![CDATA[EXPLORACIONES COMPLEMENTARIAS]]></name>
	<text><![CDATA[
:
-	Analítica urgencias (22/02; 13:20h): glucosa 197mg/dl, creatinina 0.86mg/dl, Na 136.6mmol/l, K 4.24mmol/l, Cl 101mmol/l, FG 103ml/min, CK 139U/l, PCR 0.8mg/dl, Hb 14.9g/dl, hematocrito 44.6%, VCM/HCM 80fl/26.8pg,  leucocitos  18.090/mm3  (N  78%,  14.180/mm3;  L  15  2.72/mm3),  plaquetas 331.000/mm3, TP 73.2%, T.Protrombina Ratio 1.16, fibrinogeno 391, D-Dimero 1190.
-	ECG inicial: Ritmo sinusal a 110 lpm, PR<0.2, QRS estrecho, signos de crecimiento de cavidades izquierdas, no alteraciones de la repolarización
-	Rx tórax (21/02, portátil): marco óseo conservado, senos costofrénicos libres, no condensaciones.
-	TC y angioTC craneal (22/02;13.28h): Parénquima cerebral de densidad y morfología normal sin signos de sangrado ni imágenes con efecto de masS (aspects10). Sistema ventricular de tamaño, morfología y situación normal. Estructuras de la línea media centrada. Cisternas de la base libres. ANGIOTC: Carótidas comunes, internas y externas permeables. Sistema vertebrobasilar sin alteraciones. No oclusiones en arterias intracraneales (ACM permeables en segmento M1 y M2 aunque dado el hallazgo de la perfusión no puede descartarse rama ocluida más distalmente). PERFUSIÓN: Tanto en mapas de volumen como de tiempo se observa un área temporal de disminución de cbv y alargamiento de tiempos, pero sin apenas área de penumbra en riesgo. CONCLUSIONES: No hemorragia ni signos de isquemia aguda establecida (ASPECTS 10). No oclusiones arteriales valorables. Área de alteración de perfusión temporoparietal izquierdo sin apenas área de penumbra en riesgo.
-	Analítica de ingreso (23/02/2017; 07:59h): urea 19mg/dl, creatinina 0.88mg/dl, ác úrico 7.5mg/dl, Na 139mmol/l, K 4.4mmol/l, Cl 101mmol/l, LDH 386U/l, CKs 97U/l, bil T 0.7mg/dl, GOT/GPT 20/32U/l, GGT 29U/l, FA sérica 46U/l, proteinas T 6.2g/dl, albúmina 3.7g/dl, colesterol T 136mg/dl, LDL 76mg/dl, HDL 40mg/dl, triglicéridos 157mg/dl, TSH 3.92mcU/ml, HbA1c 6.0%, PCR 1.44mg/dl.
*Hemograma: Hb 13.5g/dl, VCM 82fl, HCM 27pg, leucocitos 14.230/mm3 (N 10.550/mm3, L 15.9%, M 8.2%), plaquetas 258.000/mm3.
*Coagulación: TP 69%, TP ratio 1.16, TTPa 24seg.
-	TC craneal control (23/02/17; 13:03h) : Pequeño infarto reciente córtico-subcortical parieto-temporal izquierdo. No se observa transformación hemorrágica.
-	TC craneal control (27/02/2017): Dos áreas de infarto isquémico subagudo establecido en territorio de ACM izquierda, una fronto-parieto-insular (con algún pequeño foco muy ténuemente hiperdenso sugestivo de mínima transformación hemorrágica petequial -HI 1) y otra temporo-occipital.
	]]></text>
</Section>
<Section span_begin="5379" span_end="5388" id="SECCION_EVOLUCION" type="INFORMACIÓN SOBRE EVOLUCIÓN">
	<name><![CDATA[EVOLUCIÓN]]></name>
	<text><![CDATA[
:
Se trata de un paciente de 47 años, con factores de riesgo vascular que presenta cuadro compatible con ictus PACI de ACM izquierda.
Se realiza TC craneal urgente que no muestra lesiones (ASPECTS 10) y angioTC craneal+perfusión que muestra posible oclusión a nivel M3 izquierda.
Ante ausencia de criterios de exclusión se realiza rTPA a las 13.33 h (tiempo puerta-aguja 20  min). Bolus 9 mg + perfusión 78 mg (peso 104 kg).
El paciente ingresa en Unidad de Ictus para monitorización y estudio neurovascular. Se valoran al ingreso el estado de ánimo, las necesidades de rehabilitación y se inician fisioterapia y movilización precoces. Durante el primer día de ingreso presenta FA rápida que consigue frenar con tratamiento médico. Se contacta con cardiología que está al tanto y decide no revertir por el momento. Se deja al paciente anticoagulado con visita de control por Cardiología en aproximadamente un mes para valorar cardioversión.
Se incluye al paciente en estudio ACTION-II durante el ingreso (natalizumab vs placebo).
Les seves dades personals s'incorporen en un fitxer d´usuaris a fi del seu tractament sanitari. Pot exercir el seu dret d´oposició, accés i rectificació de les dades inexactes dirigint-se al Servei de Documentació Clínica.
Sus datos personales se incorporan en un fichero de usuarios para su tratamiento sanitario. Puede ejercer su derecho de oposición, acceso y rectificación de los datos inexactos dirigiéndose al Servicio de Documentación Clínica
Nombre	_NAME_
Nº Historia clínica	_ID_	Nº Asistencia	_ID_
C.I.P.	_ID_		
Fecha ingreso	22/02/17	UH	_ID_
Fecha de alta	27/02/17		
Se realiza TC de control que no muestra complicaciones hemorrágicas, sino un pequeño infarto córtico- subcortical parieto-temporal izquierdo, por lo que se comienza anticoagulación a dosis medias 60mg/12h.
Día 27/02 se realiza TC craneal de control en el que destaca que actualmente se evidencian dos lesiones isquémicas ipsilaterales (una frontoparietoinsular y otra temporooccipital izquierda), una de ellas con una mínima transformación hemorrágica petequial (HI 1).
Neurológicamente evoluciona de forma favorable, presentando una afasia motora transcortical con abundantes parafasias fonémicas y semánticas pero que permiten la comunicación en todo  momento (fluencia conservada, nominación, evocación y repetición afectadas) y hemihipoestesia derecha leve.
No presenta más complicaciones, y dada la estabilidad clínica se decide alta a domicilio.
Precisa logopedia de forma ambulatoria.
Al alta se mantiene tratamiento anticoagulante a dosis medias 60mg/12h dado el riesgo de trasformaciòn hemorrágica. Este viernes será revalorado y si está estable se procedera a anticoagulación a dosis plenas.
Etiología TOAST cardioembólico, Oxford PACI Al alta NIHSS 2. Rankin 1.
Debe seguir controles en CCEE de Neurología en la fecha programada. Este viernes a las 10:15 letra C en neurología.
	]]></text>
</Section>
<Section span_begin="8296" span_end="8307" id="SECCION_TRATAMIENTO_HABITUAL" type="INFORMACIÓN SOBRE TRATAMIENTO">
	<name><![CDATA[TRATAMIENTO]]></name>
	<text><![CDATA[
:
-	CLEXANE 60mg subcutaneo 1 inyección cada 12 horas.
-	BISOPROLOL 5mg 1 comp cada 12 horas
-	DILTIAZEM 60mg cada 8 horas
	]]></text>
</Section>
<Section span_begin="8431" span_end="8443" id="SECCION_RECOMENDACIONES" type="INFORMACIÓN SOBRE TRATAMIENTO">
	<name><![CDATA[INDICACIONES]]></name>
	<text><![CDATA[
:
-	Se citará telefónicamente para visita de control en Cardiología.
-	Acudir a CCEE de Neurología este viernes 3/03 a las 10:15 letra C.
-	Se recomienda control estricto de enfermedades que aumentan el riesgo de ictus: hipertensión arterial, diabetes, colesterol elevado (dislipemia) y enfermedades del corazón. Realizar el tratamiento de forma adecuada según las recomendaciones de su médico.
-	Abstención de tabaco y alcohol
-	Seguir una dieta adecuada, con poca sal, evitando grasas, especialmente las saturadas (grasas animales, aceites y grasas para cocinar).
-	Evitar la obesidad y el sobrepeso y realizar ejercicio físico moderado de forma regular.
Dr/a.     _NAME_    Dr/a.     _NAME_        Dr/a.     _NAME_
Metge/essa Adjunt
(Nº Colegiado _ID_Metge/essa Resident
(Nº Colegiado _ID_)	Metge/essa
Resident
(Nº Colegiado _ID_
Les seves dades personals s'incorporen en un fitxer d´usuaris a fi del seu tractament sanitari. Pot exercir el seu dret d´oposició, accés i rectificació de les dades inexactes dirigint-se al Servei de Documentació Clínica.
Sus datos personales se incorporan en un fichero de usuarios para su tratamiento sanitario. Puede ejercer su derecho de oposición, acceso y rectificación de los datos inexactos dirigiéndose al Servicio de Documentación Clínica
_SS_ | NIF _ID_ |_LOCATION_ | Telèfon _CONTACT_ | Fax _CONTACT_ | _CONTACT_
Pàgina 1 de 3	]]></text>
</Section>
</ehr>