<?xml version='1.0' encoding='UTF-8'?>
<ehr id="342894559.utf8.txt">
<Section id="DEFAULT_HEADER" type="DEFAULT_HEADER" >
	<name>DEFAULT_HEADER</name>
	<text><![CDATA[
_LOCATION_
Telèfon: _CONTACT_
Nº Història Clínica: _ID_
Cognoms, Nom: _NAME_
NºEpisodi: _ID_
CIP: _ID_
Sexe: Home
Data de Naixement: _DATE_   Edat: 74 anys
NIF/DNI: _ID__NAME_; _NAME_;
 _NAME_;_NAME_; _NAME_; 
_NAME_
Informe de Trasllat a Sociosanitari
CP	_LOCATION_
ABS	_SS_
Servei	NEUROLOGIA
Data d'alta  01.03.2017	10:30:23
_LOCATION_
_CONTACT_; _CONTACT_; _CONTACT_
DOMICIL/RES.SOC 09.02.2017
Adreça
Telèfon Procedència Data d'ingrés Atès per
	]]></text>
</Section>
<Section span_begin="450" span_end="464" id="SECCION_MOTIVO_DE_INGRESO" type="MOTIVO DEL INGRESO">
	<name><![CDATA[MOTIU D'INGRÉS]]></name>
	<text><![CDATA[
Alteración del lenguaje
	]]></text>
</Section>
<Section span_begin="490" span_end="501" id="SECCION_ANTECEDENTES" type="ANTECEDENTES">
	<name><![CDATA[ANTECEDENTS]]></name>
	<text><![CDATA[
No AMC
	]]></text>
</Section>
<Section span_begin="509" span_end="524" id="SECCION_SITUACION_FUNCIONAL" type="ANTECEDENTES">
	<name><![CDATA[Situación basal]]></name>
	<text><![CDATA[
: vive con su pareja, independiente para las ABVD. Activo: realiza ejercicio a diario. Funcional y cognitivo previos normal
Hábitos tóxicos: Exfumador desde 1997 (previo 1 paq/año).
	]]></text>
</Section>
<Section span_begin="707" span_end="731" id="SECCION_ANTECEDENTES" type="ANTECEDENTES">
	<name><![CDATA[ANTECEDENTES PATOLÓGICOS]]></name>
	<text><![CDATA[
:
-Hipertensión arterial diagnosticada en 2007 en tratamiento.
-Diabetes mellitus tipo 2 diagnosticada en 2007. Retinopatía diabética
-Insuficiencia renal. Trombosis renal
-Ingreso hospitalario en 2012 por trombosis renal e iliaca bilateral, desde entonces en tratamiento con duoplavin.
- Ingreso por gripe H1N1 + del 30.01.2017 al 03.01.2017
	]]></text>
</Section>
<Section span_begin="1076" span_end="1094" id="SECCION_TRATAMIENTO_HABITUAL" type="INFORMACIÓN SOBRE TRATAMIENTO">
	<name><![CDATA[MEDICACIÓ HABITUAL]]></name>
	<text><![CDATA[
ADIRO 100MG ACID ACETILSALICILIC 1 x 24 h NEXIUM 40MG ESOMEPRAZOL 1x24h SIMVASTATINA 10MG 1 x 24 h.
VELMETIA 50/1000MG METFORMINA + SITAGLIPTINA 1 x 12 h. AMLODIPINO 5MG 1 x 24 h.
ESIDREX 25MGHIDROCLOROTIAZIDA 1 x 24 h
	]]></text>
</Section>
<Section span_begin="1315" span_end="1328" id="SECCION_PROCESO_ACTUAL" type="INFORMACIÓN SOBRE LA HISTORIA ACTUAL">
	<name><![CDATA[PROCÉS ACTUAL]]></name>
	<text><![CDATA[
Varón de 74 años que acude el jueves día 9 de febrero de 2017 que mientras dormía inició movimientos y sonidos ininteligibles que despertaron a la mujer y se lo encontró con relajación de esfínteres urinarios y afasia. Motivo por el cual es traído a urgencias y se activa código ictus.
	]]></text>
</Section>
<Section span_begin="1616" span_end="1633" id="SECCION_EXPLORACION_FISICA" type="INFORMACIÓN SOBRE LA EXPLORACIÓN FÍSICA">
	<name><![CDATA[EXPLORACIÓ FÍSICA]]></name>
	<text><![CDATA[
FC	80 bpm
Tªaxi 36.0 ºC
FR	rpm Tªrec  ºC
TA s	135 mmHg SAT O2 98 %
TA d   86 mmHg Pes Kg
A URGENCIAS:
Consciente, afasia de expresión. Glasgow 14.
AC: tonos cardiacos rítmicos sin soplos, no IY ni RHY, no edema en EEII. AR: roncus aislados.
Abdómen blando, no doloroso a la palpación, no palpo masas ni organomegalias. Peristaltismo conservado. Sin signos de irritación peritoneal.
Informe de Trasllat a Sociosanitari
NRL:  Alerta. Hemianopsia  homónima  derecha, sin  desviación  oculocefálica. Afasia  mixta  predominio motor. Comprende órdenes sencillas. Hemiparesia derecha (3/5). Hemihipoestesia derecha. No signos meningeos.
NIHSS:1+0+0+0+2+1+1+1+0+0+ 1+2+1+0 total 10 RACE 2.
	]]></text>
</Section>
<Section span_begin="2325" span_end="2350" id="SECCION_EXPLORACIONES_COMPLEMENTARIAS" type="INFORMACIÓN SOBRE PRUEBAS COMPLEMENTARIAS">
	<name><![CDATA[EXPLORACIÓ COMPLEMENTÀRIA]]></name>
	<text><![CDATA[
	]]></text>
</Section>
<Section span_begin="2351" span_end="2389" id="SECCION_EXPLORACIONES_COMPLEMENTARIAS_EN_URGENCIAS" type="INFORMACIÓN SOBRE PRUEBAS COMPLEMENTARIAS">
	<name><![CDATA[EXPLORACIÓN COMPLEMENTARIA A URGENCIAS]]></name>
	<text><![CDATA[
A/S a urgencias 9/2/17 (4:45h):
BQ: Glucosa * 143 mg/dL (76 - 110) Urea * 71 mg/dL (10 - 50) Creatinina * 1.50 mg/dL (0.5 - 1.4) Sodi 137.4
mmol/L K 4.60, Cl 102
Hemograma Leucòcits* 10.96 x10x9/L (4.8-10.8) Fórmula normal a excepció de monocitosi (11.8% (1.7-10)
Hematies * 4.10 x10x12/L (4.5 - 6.1) Hemoglobina * 12 gr/dl (13 - 18) Hematòcrit * 35.2 % (38 - 52) Volum Corpuscular Mig 85.9 fl Hemoglobina corpuscular mitja 29.3 pg Conc. HGB. Corpuscular Mitja 34.1 g/dl I.D.E. 14.3
% Plaquetes 229 x10x9/L V.P.M. 11 fl
A/S a urgencias 9/2/17 (5:26h):
BQ: Glucosa * 138 mg/dL (76 - 110) Urea * 71 mg/dL (10 - 50) Creatinina * 1.52 mg/dL (0.5 - 1.4) Sodi** 134.8
mmol/L K 4.6
Hemograma  Leucòcits  10.8  x10x9/L  (4.8-10.8)  Fórmula  normal  a  excepció  de  monocitosi (11.6%  (1.7-10)
Hematies * 4.18 x10x12/L (4.5 - 6.1) Hemoglobina * 12.2 gr/dl (13 - 18) Hematòcrit * 36.1 % (38 - 52) Volum Corpuscular Mig 86.4 fl Hemoglobina corpuscular mitja 29.2 pg Conc. HGB. Corpuscular Mitja 33.8 g/dl I.D.E. 14.4
% Plaquetes 238 x10x9/L V.P.M. 11.6fl
Hemostàsia: TP rati 0.94, INR 0.94, PTTAseg 27.3, PTTA rati 0.88, Fibrinogen calc 4.6
	]]></text>
</Section>
<Section span_begin="3522" span_end="3567" id="SECCION_EXPLORACIONES_COMPLEMENTARIAS_EN_PLANTA_DE_NEUROLOGIA" type="INFORMACIÓN SOBRE PRUEBAS COMPLEMENTARIAS">
	<name><![CDATA[EXPLORACIÓN COMPLEMENTÀRIA DURANTE EL INGRESO]]></name>
	<text><![CDATA[
Telemetria ECG (UCI): no s'aprecien arrítmies potencialment embolígenes.
Hemocultiu  (10.02.17): Resultat negatiu als 7 dies d´incubació
AS 10.02.17:
BQ: Glucosa * 215 mg/dL (76 - 110)   Creatinina   1.33 mg/dL, FG (CKD) 52.29, Urat * 7.6 mg/dL (3.5 - 7.2)
Colesterol * 140 mg/dL (150 - 220) HDL  46.0 mg/dL LDL  * 66.8 mg/dL (80 - 160) Triglicèrid 136 mg/dL Proteïna
total 6.84 g/dL GOT/AST 21
GPT/ALT 11 U/L Sodi 135.6 mmol/L K 4.64
Hemograma Leucòcits 10.56 x10x9/L Fórmula normal a excepció de monocitosi (10.3% (1.7-10) i limfopènia de 14.5% (17-51) -valors absoluts de limf normals-) Hematies * 4.12 x10x12/L (4.5 - 6.1) Hemoglobina * 12 gr/dl (13 -
18) Hematòcrit * 36.1 % (38 - 52) Volum Corpuscular Mig 87.6 fl Hemoglobina corpuscular mitja 29.1 pg Conc. HGB. Corpuscular Mitja 33.2 g/dl I.D.E. 14.4 % Plaquetes 238 x10x9/L V.P.M. 11.5fl
Serologia luètica negativa
TC cranial sense contrast (10.02.2017,12:49h) : Estructuras de la línea media centradas. Sistema ventricular de morfología y tamaño normal , simétrico. No se observan lesiones hemorragicas. Imagen hipodensa en territorio de la ACPI en relacion con con infarto isquemico. Imagen hipodensa periventricular derecha sugestivo de AVC lacunar. Atrofia cerebral.
TC CRANEAL SIN CONTRASTE (11.02.2017): En el estudio actual no hay signos de transformación hemorrágica post- tratamiento con fibrinolíticos. Se observan signos de edema cerebral e hipodensidad en hemisferio izquierdo, con borramiento de surcos y compresión de ventrículo lateral. Línea media centrada
AS (11.02.17):
BQ: Glucosa * 266 mg/dL (76 - 110) Urea 41 Creatinina*  1.46 mg/dL (0.5-1.4), t GOT/AST 19 GPT/ALT 11 U/L
Informe de Trasllat a Sociosanitari
Amilasa 57 Sodi **132.2 mmol/L (135-150) K 4 Cl 99
Hemograma Leucòcits* 15.81 x10x9/L (4.8-10.8) Fórmula:  desviació a l'esquerra amb neutrofília del 85,7% i limfopènia del 4%) -valors absoluts de limf normals-) Hematies * 4.24 x10x12/L (4.5 - 6.1) Hemoglobina * 12.3 gr/dl (13 - 18) Hematòcrit * 35.7 % (38 - 52) Volum Corpuscular Mig 84.2 fl Hemoglobina corpuscular mitja 29.pg Conc. HGB. Corpuscular Mitja 34.5 g/dl I.D.E. 14.1 % Plaquetes 216 x10x9/L V.P.M. 10.8fl
13/02/17: Se realiza el estudio neuosonológico que contempla:
1.	 Dúplex de TSA: Se ponen de manifiesto signos de ateromatosis con la presencia de placas de ecogeneiddad mixta de predominio en las bifurcaciones carotídeas que no generan estenosis hemodinámicamente significativas a nivel de las arterias carótidas internas. Hallazgos sugerentes de estenosis del 50-70% a nivel de la arteria carótida externa izquierda. Eje carotídeo derecho: VPS ACC: 63.7 cm/s, ACI 76.5 cm/s (proximal) y 104.5 cm/s (distal), ACE 121.8 cm/s. Eje carotídeo izquierdo: VPS ACC 78.8 cm/s, ACI 82.8 cm/s, ACE 159.7 cm/s. Ambas arterias vertebrales siguen un trayecto ortrodrómico en su curso extracraneal.
2.	  Dúplex de TC: se evidencia la permeabilidad de los componentes del polígono de Willis. Cabe reseñar una asimetría a nivel del inicio de la ACA izquierda que es mayor de 30 cm/s respecto la contralateral (100 cm/s vs 45 cm/s), que podría sugerir estenosis a ese nivel. A través de la ventana suboccipital se constata la permeabilidad de ambas arterias vertebrales (posible dominancia izquierda) y de la arteria basilar, que se logran insonar hasta los
9.5 cm.
Ecocardiograma: Conclusiones: Ausencia de masas o trombos intracavitarias. Ventrículo izquierdo ligeramente hipertrófico con función sistólica correcta. Disfunción diastólica (patrón de mala relajación). Aurícula izquierda ligeramente dilatada. Ausencia de disfunciones valvulares. Ausencia de datos indirectos indicativos de HTPs significativa
EEG (13/02/17):
Actividad de base: Actividad basal de baja amplitud y poco sincronizada, con poca reactividad posterior a la apertura y cierre de los ojos.
Actividades anormales: Presencia de onda theta agudas de localización en ambas áreas frontotemporales coincidiendo con somnolencia. No se observan asimetrías, focalidades ni fenómenos paroxísticos. No hay cambios con la ELI.
Conclusión: Sobre una base polirritmica se observan escasos signos lesivos bitemporales de proyección de áreas mas profundas.
A/S (14/02/17):
Hemograma Leucòcits 7.87 x10x9/L Fórmula normal a excepció de monocitosi (10.8% (1.7-10)) i limfopènia de 15.2% (valors abs normals) Hematies * 3.95 x10x12/L (4.5 - 6.1) Hemoglobina * 11.4 gr/dl (13 - 18) Hematòcrit *
35.5 % (38 - 52) Volum Corpuscular Mig 89.9 fl Hemoglobina corpuscular mitja 28.9 pg Conc. HGB. Corpuscular Mitja 32.1 g/dl I.D.E. 14.1 % Plaquetes 213 x10x9/L V.P.M. 10.7 fl
Hemostàsia: TP rati 1.05, INR 1.04, PTTAseg 26.5, PTTA rati 0.85, Fibrinogen calc* 6.8 (2-6)
-RMN craneal (14/02/17):CONCLUSION: Múltiples lesiones de afectación hipóxico/isquémica en ambos hemisferios Signos de atrofia cerebral global. Infarto lacunar crónico en corona radiata Pequeño infartos corticales a nivel occipital D Extenso infarto hemorrágico en localización occipital izquierda Estenosis ACI D en su porción intrapetrosa.
Informe de Trasllat a Sociosanitari
-TC craneal sin contraste (20/02/17): En el estudio actual no hay signos de transformación hemorrágica post- tratamiento con fibrinolíticos. Se observan signos de edema cerebral e hipodensidad en hemisferio izquierdo, con borramiento de surcos y compresión de ventrículo lateral. Línea media centrada.
-Analitica (20/02/17): transaminasas normales, PCR 49.6, B12 143, Leucos 11.43, Hb 13, Plaq 270, AC LUPIC POSITIU. Cobalamina, crioglobulinas, anticardiolipinay antiB2glicoprot normales. Hemostasia normal, Homocisteïna PENDIENTE
-Analítica (23/02/17): Leucocitosi de 15.12 amb fórmula normal.
*Hemograma: Leucòcits * 15.13 (4.8 - 10.8) amb fórmula normal. Hematies 4.64 Hemoglobina 13.2 gr/dl Hematòcrit 41.3 % Volum Corpuscular Mig 89.0 fl Hemoglobina corpuscular mitja 28.4 pg Conc. HGB. Corpuscular Mitja 32 I.D.E. 13.4 % Plaquetes 359 V.P.M. 10.9 fl.
*Hemostàsia: Normal
-Analítica  (27/02/17):Leucocitosi  (15.17)  amb  desviació  a  l'esquerra  (77,7%PMN),  Anèmia  normocítica (Hb12), INR 3.85
*Hemograma; Leucòcits * 15.17 x10x9/L (4.8 - 10.8) Hematies * 4.18 x10x12/L (4.50 - 6.10) Hemoglobina * 12.0
gr/dl (13 - 18) Hematòcrit * 36.3 % (38 - 52) Volum Corpuscular Mig 86.8 fl Hemoglobina corpuscular mitja 28.7 pg Conc. HGB. Corpuscular Mitja 33.10 g/dl I.D.E. 13.4 % Plaquetes 298 V.P.M. 11.6 fl
Fórmula leucocitària: Neutròfils * 77.7 (40 - 75) 11.80 (1.4 - 6.5) Limfòcits * 10 (17 - 51) 1.51 (0.9 - 5.2)  Monòcits *
10.9 (1.7 - 10) 1.65 (0.16 - 0.8)
*Hemostasia: TP(INR) ** 3.85 rati (0.9 - 1.26) TP (rati) ** 3.9 rati (0.9 - 1.26) PTTA. seg 35.1 PTTA. Rati 1.13
	]]></text>
</Section>
<Section span_begin="10211" span_end="10227" id="SECCION_EVOLUCION" type="INFORMACIÓN SOBRE EVOLUCIÓN">
	<name><![CDATA[EVOLUCIÓ CLÍNICA]]></name>
	<text><![CDATA[
Varón de 74 años que acude el jueves día 9 de febrero de 2017 que mientras dormía inició movimientos y sonidos ininteligibles que despertaron a la mujer y se lo encontró con relajación de esfínteres urinarios y afasia, motivo por el cual es traído a urgencias y se activa código ictus.
En urgencias presentaba hemianopsia homónima derecha sin desviación oculocefálica, afasia mixta de predominio motor, comprendía órdenes sencillas y presentaba también déficit sensitivo-motor: hemiparesia derecha (3/5) iy hemihipoestesia (NIHSS 10). Se orientó como TACI izquierdo y se administraron 66mg de rTPA ev a las 5:20h e ingresa en la unidad de Ictus.
Aquella noche presenta cuadro de agitación que requiere sedación y al día siguiente se encuentra somnoliento por lo que fue difícil la valoración del habla, la hemianopsia entonces era homónima izquierda, no presentaba trastorno motor y obedecía órdenes sencillas. Se orientó cómo Ictus ACM D de etiología indeterminada  y se le realizó TC control (TC 10/02/17: Infarto isquémico en territorio de la ACPI + Imagen sugestiva de AVC lacunar derecho)
El mismo día 10 ingresa a planta. A mediodía presenta otra vez HH derecha sin trastorno aparente del lenguaje. Se plantea probable crisis por la mañana que explicara la versión forzada a la derecha y la inatención y se pide EEG. Por la noche presenta febrícula por lo que se extraen hemocultivos (que acaban siendo negativos) y se inicia paracetamol si precisa
Al día siguiente (11/02/17) sigue con síndrome febril de hasta 38,5º y se inicia antibioterapia (Amoxi-clav 2g/8h), se deja en dieta absoluta por posible broncoaspiración y se piden Tc y A/S urgentes que descarta transformación hemorrágica y en la analítica se evidencia leucocitosis con neutrofilia. Neurológicamente sigue con afasia y déficit motor franco en hemicuerpo derecho.
Informe de Trasllat a Sociosanitari
El lunes día 13 neurológicamente el paciente está consciente y orientado en persona y espacio, no en tiempo. Lenguaje: Afasia anómica (No nomina, sí repite, sí comprende. Fluencia limitada). Agrafia y alexia. Calcúlia ok. Comprende y obedece órdenes semicomplejas. Ppcc: Normales a excepción de hemianopsia homónima derecha. Pupilas isocóricas normorreactivas (reflejos fotomotor directo y consensuado normales). Fuerza y sensibilidad: Fuerza 5/5 en todas las extremidades y no refiere alteración de la sensibilidad.  Sin embargo impresiona de heminegligencia derecha: Ligera claudicación y pronación en la Maniobra de Barré que cuando se le pregunta al paciente que porque le desciende el brazo, no se había dado cuenta, luego se esfuerza y en repetir la maniobra no claudica. Propiocepción conservada. Durante la exploración, el paciente "olvida" ESD y se relaciona con nosotros con la ESI. En explorar grafía inicialmente lo intenta con la mano derecha, dado que es diestro, y como no le sale lo cambia a la mano izquierda. Romberg negativo.
Se realiza ETT donde destaca Disfunción diastólica (patrón de mala relajación) y DTSA/DTC  y donde destaca estenosis del 50-70% de ACEIzq y posible estenosis origen ACAIzq, resto normales. También se realiza EEG donde observan escasos signos lesivos bitemporales. Se inicia tratamiento con Levetiracetam.
Al día siguiente, día 14, se encuentra somnoliento aunque no aparenta de empeoramiento de su focalidad neurológica. Se sustituye Levetiracetam por Valproato (500mg/8h) y se suspende antiagregación dada la transformación hemorrágica del ictus objetivada en la RM que realizamos el mismo día (Se evidenciaron Múltiples lesiones de afectación hipóxico/isquémica en ambos hemisferios Signos de atrofia cerebral global. Infarto lacunar crónico en corona radiata Pequeños infartos corticales a nivel occipital D Extenso infarto hemorrágico en localización occipital izquierda Estenosis ACI D en su porción intrapetrosa). También, dada la stenosis en ACID intracraneal hallada se plantea tto con NACOs en el momento del alta dependiendo de la evolución funcional del paciente
El día 15, 6º día de ingreso, sigue estable hemodinámicamente, no ha vuelto a hacer fiebre y sigue con tendencias a HTA y glicemias elevadas por lo que se reinicia metformina y se aumenta amlodipino a 10mg.
Neurológicamente estable: GSC 15, no somnoliento, desorientado en espacio y tiempo,pero tranquilo. Ha cambiado su lengua habitual -catalán- por su lengua materna, el castellano. Sigue sin nominar, tal vez por posible dificultad para reconocer objetos, pero tampoco consigue identificarlos por contacto.
Persiste hemianopsia homónima derecha, mirada perpleja que impresiona de prosopagnosia, aparenta dificultad para reconocer objetos, caras y colores. Agnosia visual difícil de valorar por la afasia. Presenta una inatención del hemicuerpo derecho que podría tratarse de una extinción sensitiva derecha, pero niega hipoestesia. Por la localización de la lesión también serían esperable problemas amnésicos.
Se inicia sedestación y tolerancia oral.
Día 16: sigue estable, parece que los familiares lo ven un poco mejor. Neurológicamente está igual. Buena tolerancia oral. Inicia Rehabilitación: Le cuesta localizar algunas partes del cuerpo. Bipedestación con caminador Día 17: Sigue igual. Hemodinámicamente estable con tendencia a hipertensión e hiperglucemia.
Neurológicamente estable: Sigue con dificultad para nominar, reconoce algunos objetos que aunque no es capaz de nominar ni describir para qué son sí puede hacer los movimientos de su utilización (reconoce las gafas y se las pone, le decimos "vaso" y hace el gesto de beber, no es capaz de interpretar "libro"; no reconoce fotografías ni letras). Parece que no reconoce rostros. Mirada perpleja que impresiona de prosopagnosia Inatención hemicuerpo derecho y hemianopsia homónima derecha. Motricidad: ESD 5/5. EID: 5/5 proximal, 4/5 distal. Dada la buena tolerancia oral se pasa Augmentine a vo (875/125) y se retiran vías periféricas
Informe de Trasllat a Sociosanitari
Valoración de Rehabilitación el día 17: "Paciente con afasia mixta. Bradilalico. Nominación con ayuda fonemica. Agnosia visual. Me comenta la mujer del paciente que es el paciente es alta proximamente. La rhb de logopedia la hará de forma ambulatoria"
Día 20: sigue estable y neurológicamente parece que progresa a nivel motor (No claro déficit motor en EEDerechas pero claudica en Barré por inatención. Niega transtorno sensitivo), sigue con dificultad para expresarse (No nomina, repite y obedece ordenes sencillas. Fluencia disminuida, no construye frases de manera espontánea, sólo responde a lo que le preguntas) y para coordinar extremidades derechas. No apraxias ideomotoras, agnosia visual, no reconoce colores. Posible prosopagnosia aunque el familiar refiere que sí identifica familiares en las fotos. Hemianopsia homónima derecha con negligencia de hemicuerpo derecho. El mismo día se le realiza TC Craneal donde no se evidencian signos de transformación hemorrágica post- tratamiento con fibrinolíticos y una analítica donde destaca AC. Lúpico positivo (ver exploracions complementarias) Día 21: sigue estable (se intensifica tto antidiabético) y neurológicamente igual. Con la RHB ha mejorado la mobiliad con el caminador. La família solcita  traslado a _SS_ para convalescencia hasta ver adaptaciones en su domicilio. Pdte de valoración por UFISS. Valorado por Geriatría el mismo día que lo pone en lista de convalecencia en el _SS_.
Día 22: Progresa adecuadamente. Constantes mantenidas excepto glucemias, que siguen elevadas. Se realiza interconsulta con endocrinología para ajuste de ADOs (de cara al alta podrá seguir con tto habitual si se confirma buen control. Previa HbA1c setiembre de 2016 de 6.8%)
Día 23: Sigue mejorando: mejor control de constantes. A nivel neurológico: Lenguaje: presenta leve mejoría de la afasia aunque sigue sin poder nominar. Sensitivo-motor: mejoría de la movilidad de hemicuerpo derecho con leve claudicación distal en ESD pero mejoría de la inatención.
Por la noche, previa valoración con Hemostasia,  se inicia antiagoagulación con Sintrom por lesiones en diferentes territorios -sugestivos de etiologia cardioembólica- dado que no cumple criterios de NACOs.
Va progresando adecuadamente hasta el día 28 con mejoría de la afasia (aunque sigue con dificultad para nominar y por esto fluencia limitada). Parece que identifica colores (a veces necesita alguna pista). Ya no aparenta de prosopagnosia. Se pone nervioso por impotencia con la alteración del lenguaje pero presenta buen ánimo y está muy colaborador en la RHB tanto con el equipo como con la família. Persistencia de la hemianopsia homónima derecha y de la inatención a hemicuerpo derecho que dificulta la deambulación autonóma. No déficit motor. Leve hipoestesia braquiocrural derecha.
El día 1 de marzo, dada la buena evolución y la estabilidad hemodinámica del paciente es dado de alta del _SS_ e  ingresa al _SS_ para completar convalescencia
EN RESUMEN: Paciente de 74 años que ingresa el día 9 de febrero por "Código Ictus". Ingresa en la Unidade de Ictus de la UCI y es bajado a planta de neurología el día 10.
Presentó ACV isquémico de ACP izquierdo con transformación hemorrágica y de ACM derecha con pequeñas lesiones corticales. Probable origen cardioembólico por localizaciones en ambos hemisferios; Ac Lúpico +.
Homocisteïna pendiente (por ese motivo se inicia anticoagulación con Sintrom el día 23/02/17). Además presenta también epilepsia secundaria a lesiones vasculares (por el que se inicia tto con Valproato).
Desde su ingreso, aunque con fluctuaciones de la clínica, presenta afasia al principio de características globales que luego evoluciona a una afasia más motora (Afasia de Broca). Se acompaña de hemianopsia homónima derecha con heminegligencia del hemicuerpo derecho por dicho problema (que en ocasiones aparentaba de hemiparesia de hemicuerpo derecho).
El día 1 de marzo es dado de alta del _SS_ e  ingresa al _SS_ para completar convalescencia
Informe de Trasllat a Sociosanitari
Al alta:
E NRL: hemianopsia homónima derecha. Afasia mixta de predominio motor (fluencia disminuida, comprende órdenes simples, Dificultad en nominación, repite correctamente). Paersia distal de mano derecha.
NIHSS (0-2-0)-0-2/0 (0-0)(0-0)-0-0-2-1-0 = 7
Rankin 3
	]]></text>
</Section>
<Section span_begin="20465" span_end="20476" id="SECCION_DIAGNOSTICO_PRINCIPAL" type="DIAGNÓSTICO">
	<name><![CDATA[DIAGNÒSTICS]]></name>
	<text><![CDATA[
1.	ECVA Isquémico en territorio de ACPIzquierda con transformación hemorrágica.
2.	ECVA isquémico territorio ACMD pequeñas lesiones corticales. Etiología probablemente cardioembólica por localizaciones en ambos hemisferios. (CHA2DS2-VASc Score: 6 / HAS-BLED Score: 4)
3.	Epilepsia sintomática aguda a lesión isquémica bien controlada con VPA
	]]></text>
</Section>
<Section span_begin="20821" span_end="20856" id="SECCION_TRATAMIENTO_AL_ALTA" type="INFORMACIÓN SOBRE TRATAMIENTO">
	<name><![CDATA[TRACTAMENT I RECOMANACIONS A L'ALTA]]></name>
	<text><![CDATA[
-VELMETIA 50/1000mg (Metformina+Sitagliptina) (1-0-1)
-ESIDREX 25mg (Hidroclorotiazida) (1-0-0)
-AMLODIPINO 5mg (1-0-1)
-NEXIUM 40mg (Esomeprazol) (1-0-0)
-ATORVASTATINA 40mg (0-0-1)
-DEPAKINE CRONO 500mg (0-0-3)
-Paracetamol 1gr/8h si precisa (si fiebre o dolor)
-SINTROM según pauta Hemostasia
-Seguir Rehabilitación y Logopedia
	]]></text>
</Section>
<Section span_begin="21190" span_end="21197" id="SECCION_CONTROL" type="INFORMACIÓN SOBRE TRATAMIENTO">
	<name><![CDATA[CONTROL]]></name>
	<text><![CDATA[
EL PACIENT POT INGRESSAR DEMÀ DIA 1 DE MARÇ DE 2017 AL _SS_  ENTRE LES 10-12H DEL MATÍ, DEMANAR AMBULÀNCIA AL ES 10H
Control  por su médico de cabecera (sobretodo de TA y DM) Control en Consultas externas con Neurología en 3 meses
DESTINACIÓ A L'ALTA:	SOCI SANITARI
Validat per: _NAME_	Col·legiat: _ID_
01.03.2017
Pàgina 1 de 7	]]></text>
</Section>
</ehr>