<?xml version='1.0' encoding='UTF-8'?>
<ehr id="342866209.utf8.txt">
<Section id="DEFAULT_HEADER" type="DEFAULT_HEADER" >
	<name>DEFAULT_HEADER</name>
	<text><![CDATA[
_LOCATION_) Telèfon _SS_  972 _CONTACT_
Telèfon IDI (Ressonància i TAC) _CONTACT_
Telèfon ICO _CONTACT_
Nº Història Clínica: _ID_
Cognoms, Nom: _NAME_
NºEpisodi: _ID_
CIP: _ID_
Sexe: Dona
Data de Naixement: _DATE_   Edat: 78 Anys
NIF/DNI: _ID__NAME_; _NAME_
Informe de Trasllat a Sociosanitari
CP	_LOCATION_
ABS	_SS_
Servei	NEUROLOGIA
Data d'alta  01.03.2017	08:31:41
_LOCATION_
_CONTACT_
AGUTS 22.02.2017
Adreça
Telèfon Procedència Data d'ingrés Atès per
	]]></text>
</Section>
<Section span_begin="459" span_end="473" id="SECCION_MOTIVO_DE_INGRESO" type="MOTIVO DEL INGRESO">
	<name><![CDATA[MOTIU D'INGRÉS]]></name>
	<text><![CDATA[
Ictus ACM derecha.
	]]></text>
</Section>
<Section span_begin="494" span_end="505" id="SECCION_ANTECEDENTES" type="ANTECEDENTES">
	<name><![CDATA[ANTECEDENTS]]></name>
	<text><![CDATA[
	]]></text>
</Section>
<Section span_begin="506" span_end="529" id="SECCION_ANTECEDENTES_PERSONALES" type="ANTECEDENTES">
	<name><![CDATA[ANTECEDENTES PERSONALES]]></name>
	<text><![CDATA[
-No alergias medicamentosas.
-No hábitos tóxicos.
-Rankin previo de 0.
	]]></text>
</Section>
<Section span_begin="602" span_end="626" id="SECCION_ANTECEDENTES" type="ANTECEDENTES">
	<name><![CDATA[ANTECEDENTES PATOLÓGICOS]]></name>
	<text><![CDATA[
-Hipertensión arterial, en tratamiento farmacológico.
-Insuficiencia cardíaca. En seguimiento por cardiología (Dr. _NAME_). Miocardiopatía dilatada con disfunción ventricular severa. Coronariografia del 2012 sin lesiones. Disnea clase funcional III. SPECT 2012 sin isquemia. Ecocardiograma 2015: FE 30%.
-Bronquitis aguda en tratamiento broncodilatador.
-Síndrome ansioso-depresivo, en tratamiento farmacológico.
-Insomnio, en tratamiento farmacológico.
-Fibromialgia reumática.
-Artrosis.
-Luxación del hombro derecho en 2016.
-Fractura humeral derecha en 2012.
-Fractura diafisaria de cúbito y radio izquierdo en 2011.
	]]></text>
</Section>
<Section span_begin="1249" span_end="1267" id="SECCION_TRATAMIENTO_HABITUAL" type="INFORMACIÓN SOBRE TRATAMIENTO">
	<name><![CDATA[MEDICACIÓ HABITUAL]]></name>
	<text><![CDATA[
Bisoprolol 2,5mg c/24hrs, Furosemida 40mg c/24hrs, Budesonida 200mcg 1 inh c/24hrs, Digoxina 0,25mg c/48hrs, Espironolactona 25mg c/24hrs, Lormetazepam 2mg c/24hrs, Paroxetina 20mg c/24hrs, Ventolin 100mcg 2 inh cc/12hrs.
	]]></text>
</Section>
<Section span_begin="1491" span_end="1504" id="SECCION_PROCESO_ACTUAL" type="INFORMACIÓN SOBRE LA HISTORIA ACTUAL">
	<name><![CDATA[PROCÉS ACTUAL]]></name>
	<text><![CDATA[
Paciente de 78 años que el 21/02/2017 a las 15.00hrs mientras estaba en un supermercado comprando, presenta de forma súbita alteración del habla y mareo con inestabilidad de la marcha. La llevan al _SS_ desde donde se activa código ictus a las 16.30hrs.
En el ECG realizado en _LOCATION_ se observa bloqueo AV Mobitz II, alterno con alguna extrasístole ventricular, por lo que se inicia perfusión de isopronalina a 0.2mg, entrando en ritmo sinusal, pero alternando con bloqueo AV tipo
II. Llega a urgencias del _SS_ a las 17:52hrs.
	]]></text>
</Section>
<Section span_begin="2038" span_end="2055" id="SECCION_EXPLORACION_FISICA" type="INFORMACIÓN SOBRE LA EXPLORACIÓN FÍSICA">
	<name><![CDATA[EXPLORACIÓ FÍSICA]]></name>
	<text><![CDATA[
Informe de Trasllat a Sociosanitari
NRL: Vigil con tendencia a la somnolencia, orientada en TEP, disartria moderada, paresia facial central izquierda, obedece órdenes sencillas y complejas, desviación oculocefálica forzada a la derecha, HHD por confrontación, anosognosia y asomatognosia
NIHSS: 10022 / 20000 / 00022 = 11.
	]]></text>
</Section>
<Section span_begin="2386" span_end="2411" id="SECCION_EXPLORACIONES_COMPLEMENTARIAS" type="INFORMACIÓN SOBRE PRUEBAS COMPLEMENTARIAS">
	<name><![CDATA[EXPLORACIÓ COMPLEMENTÀRIA]]></name>
	<text><![CDATA[
Analítica de sangre: Hb 12 g/dL, Hcto 37%, VCM 97.7 fL, HCM 31 pg, C.H.C.M. 32 g/dL, A.D.E. 16%, Plaquetes
278 K/mcL, Leucòcits 7.32 K/mcL, TP 74%, INR 1.22, TTPA 25 segons, Fibrinogen 370 mg/dL, Glucosa 85 mg/dL,
Urea 42 mg/dL, Creatinina 0.67 mg/dL, Urat 6.7 mg/dL, Proteïna 6.2 g/dL, Albúmina 3.5 g/dL, Colesterol 126 mg/dL, HDL 33 mg/dL, LDL 75 mg/dL, Triglicèrid 90 mg/dL, Bilirubina total 0.72 mg/dL, GOT 13 U/L, GPT 13 U/L, GGT 32 U/L, FA 101 U/L, LDH 213 U/L, CK 95 U/L, Amilasa 44 U/L, Calci 9.9 mg/dL, Ió sodi 138 mEqu/L, Ió potasi
4.8 mEqu/L, Troponina T 37.3 ng/L.
TAC craneal: No s'observen lesions hemorràgiques agudes intra ni extraaxials. S'identifica una lleu hipodensitat còrtico-subcortical a la regió frontal i insular dreta en possible relació amb àrea d'isquèmia (ASPECTS 7). Parènquima cerebel·lós i tronc encefàlic sensetroballes. Sistema ventricular simètric de mida i morfologia normals. Estructures de la línia mitja centrades. Cisternes de la base lliures. Calota cranial sense troballes. L'estudi de perfusió mostra un allargament del MTT a la regió fronto-parietal i insular dreta en relació a àrea de penombra del territori superficial de la ACM dreta. L'estudi angiogràfic mostra un trombus a nivell del segment distal de M1 de la ACM dreta amb presència de fluxe distal per part de branques colaterals. La resta de vasos intracranials i troncs supraòrtics sense troballes.
CONCLUSIÓ: Àrea de penombra a la regió fronto-parietal i insular dreta, corresponent al territori superficial de la ACM dreta amb trombus oclusiu a nivell del segment distal de M1 amb repermeabilització distal per part de branques colaterals.
HGTiP:
TC CRANEAL SIMPLE: Se observa hipodensidad del parénquima encefálico en lóbulo frontal derecho e ínsula, con pérdida de la diferenciación cortical-sustancia blanca, en relación con evento isquémico agudo (ASPECTS 5-6). Núcleos de la base sin alteraciones. No se observan imágenes que sugieran sangrado intra ni extraaxial.
PERFUSIÓN CRANEAL: Destaca la presencia de un aumento en el flujo y el volumen arterial en región frontal derecha respecto a su contralateral, sin asimetrías en el TTM, hallazgo que sugiere perfusión de lujo, en probable relación con
recanalización.
ANGIO TC CRANEAL: Se identifica una imagen de adición vascular a nivel de la bufurcación de la arteria cerebral media (M1-M2) de morfología nodular, con unos diámetros aproximados de 2.5x3mm, compatible con aneurisma de ACM derecha. Destaca una asimetría en la concentración de estructuras vasculares arteriales, de predominio derecho, sin imágenes compatibles con oclusión arterial. Se realizan reconstrucciones en los planos coronal y sagital que se envían al PACS.
CONCLUSIÓN: Signos TC compatibles con perfusión de lujo en territorio de ACM derecha. No se observan oclusiones de ramas arteriales cerebrales. Aneurisma de la bifuración de la ACM derecha.
_SS_
Doppler:
-DTSA: sólo objetivo pequeña placa calcificada en bulbo izq sin detectarse otros signos de ateromatosis. ACI
Informe de Trasllat a Sociosanitari
elongada a nivel izq, pero con velocidades simétricas a contralateral, normales. Ambas ACCs y ACExt normales. Ambas AAVV ortodrómicas y con velocidad normal. Llama la atención la morfología de curva pulsátil y, evidentemente, el pulso arrítmico ya conocido.
-DTC: Ausencia de ventana US. Se aplica contraste US pero mantiene muy mala ventana. Insono ambas ACP sin dificultad tras la aplicación de contraste, siendo simétricas y normales.
Me resulta imposible insonar correctamente en cualquiera de las ventanas transcraneales con contraste, la ACM. No obstante, detecto un punto de ACM izq con VPS entorno a 115 cm/seg (a tener en cuenta curva pulsátil y ritmo irregular) vs punto detectado a nivel de ACM derecha con VPS entorno a 65 cm/seg (manteniendo morfología de curva pulsátil. Podría tratarse de un Tibi 3). Ventana suboccipital: buena ventana a este nivel, sin necsidad de contraste, insonándose ambos segmentos V4 normales y U VB normal y AB hasta 84 mm de profundidad normal. Conclusión:
-Mínima ateromatosis carotídea izq.
-A pesar de la ausencia de ventana transcraneal, es posible detectar una asimetría evidente entre ambas ACMs con flujo disminuído en ACM derecha.
TAC craneal control post-rtPA: Absència de signes de transformació hemorràgica ni altres signes hemorràgics intra ni extraxials. Canvis evolutius normals d'infart agut d'ACM amb dreta pèrdua de diferenciació corticosubcortical a la regió frontal i insular dreta. Resta sense canvis.
TAC craneal (25/02/17): No se observan lesiones hemorrágicas agudas intracraneales. Resto de parénquima cerebral, cerebeloso y del tronco del encéfalo sin alteraciones densitométricas. Estructuras de la línea media centradas. Sistema ventricular simétrico, de tamaño y morfología normal. Cisternas de la base y perimesencefàlicas libres. En el estudio de perfusión no visualizamos alteraciones significativas de CBV y MTT en el territorio de ACM izquierdo ni en el resto de estudio. En el estudio angioTC no observamos defectos de repleción en ACM izquierdo ni en el resto de polígono de Willis ni en troncos supraórticos.
CONCLUSIÓN: Estudio TC craneal sin evidencia de patología aguda.
	]]></text>
</Section>
<Section span_begin="7623" span_end="7639" id="SECCION_EVOLUCION" type="INFORMACIÓN SOBRE EVOLUCIÓN">
	<name><![CDATA[EVOLUCIÓ CLÍNICA]]></name>
	<text><![CDATA[
Paciente de 78 años que ingresa a la Unidad de Ictus con diagnóstico de ictus de ACM derecha. El TAC craneal incial muestra trombo en M1 distal derecha con área de penumbra importante. Se realiza rtPA con peso estimado de 65kg y dosis total de 60mg a las 19.15hrs (retraso por imposibilidad del TC y por situación cardíaca de la paciente).
Dada la ausencia de mejoría clínica, se contacta con Neurovascular de guardia (_SS_) para valorar trombectomía de rescate y se acepta a la paciente. Se contacta con el SEM para traslado a las 19.40 hrs.
A su llegada al _SS_, presenta NIHSS de 3 (hemianestesia izquierda, disartria leve). Se realiza TAC craneal que muestra infarto frontal-insular sin objetivar oclusión, pero si imagen sugestiva de aneurisma de 2.5 x 3mm en la bifurcación silviana derecha, por lo que se desestima trombectomía y es derivada nuevamente a nuestro centro.
La paciente ingresa a la Unidad de Ictus para vigilancia y monitorización semi-intensiva. Se mantiene con bomba de perfusión de isoprenalina a 12 ml/hr por órdenes de cardiología. Tras pasar las 24hrs de perfusión y persistir con ritmo de Bloqueo AV Mobitz II alternando con Bloqueo AV completo, se implanta marcapasos VDDR por vía cefálica derecha el 24/02/17. Tras colocación de MCP, la monitorización ECG muestra ritmo de marcapasos, con alguna extrasístole ventricular. Se inicia tratamiento con estatinas y rehabilitación motora.
Informe de Trasllat a Sociosanitari
En la noche del 24/02/17 presenta afasia motora pura con mutismo, sin presentar déficits motores ni campimétricos añadidos a la clínica secundaria al ictus ya conocida. Se solicita TAC craneal urgente en el que no se visualizan lesiones agudas. Tras realización del TAC, presenta mejoría de la afasia, persistiendo con disminución de la fluencia verbal y bloqueos. Debido a la mejoría clínica de la paciente, antecedentes de ictus hace 3 días y colocación de MCP hace 12 horas, se desestima tratamiento fibrinolítico. Se comenta con cardiología para valorar inicio de anticoagulación, dado los antecedentes de miocardiopatíadilatada con FE en 2015 del 30%. Se inicia tratamiento anticoagulante con HBPM. Se solicita ecocardiograma, a realizar de manera ambulatoria.
Debido a cuadro de bronquitis aguda, se mantiene tratamiento broncodilatador ya iniciado en días previo al ingreso. No realiza picos febriles, ni presenta deterioro de clínica respiratoria, por lo que no se inicia tratamiento antibiótico.
Dada la estabilidad clínica, se decide alta a _SS_ para continuar rehabilitación. Al alta: PFC izquierda. Hemihipoestesia izquierda, extinción sensitiva izquierda.
Escalas al alta:
NIHSS: 01000/00000/01001 = 3.
Rankin: 3.
Barthel: 60.
	]]></text>
</Section>
<Section span_begin="10339" span_end="10350" id="SECCION_DIAGNOSTICO_PRINCIPAL" type="DIAGNÓSTICO">
	<name><![CDATA[DIAGNÒSTICS]]></name>
	<text><![CDATA[
436/5 Ictus de ACM derecha de mecanismo embólico y probable etiología cardioembólica (FEVI 30%) 426.0/1 Blocatge av complet bav alternando con bloqueo mobitz II
V45.01 Portador de marcapàs cardíac VDDR 428.0/1 Insuficiència cardíaca congestiva
401.1 Hipertensió essencial benigna 466.0/1 Bronquitis aguda
	]]></text>
</Section>
<Section span_begin="10657" span_end="10669" id="SECCION_PROCEDIMIENTOS" type="PROCEDIMIENTO">
	<name><![CDATA[PROCEDIMENTS]]></name>
	<text><![CDATA[
88.71 Ultrasò diagnòstic de cap i coll. Determinació desviació de la línia mediana cerebral,ecoencefalografia
88.71 Ultrasò diagnòstic de cap i coll. Determinació desviació de la línia mediana cerebral,ecoencefalografia
89.09 Consulta, no especificada de cap altra manera
	]]></text>
</Section>
<Section span_begin="10943" span_end="10978" id="SECCION_TRATAMIENTO_AL_ALTA" type="INFORMACIÓN SOBRE TRATAMIENTO">
	<name><![CDATA[TRACTAMENT I RECOMANACIONS A L'ALTA]]></name>
	<text><![CDATA[
-Dieta baja en grasas y en sal.
-Control de factores de riesgos cardiovasculares:
Mantener niveles tensionales sistólicos < 130 y diastólicos < 80. Mantener niveles de LDL < 80mg/dL.
-Tratamiento farmacológico: se adjunta.
Informe de Trasllat a Sociosanitari
	]]></text>
</Section>
<Section span_begin="11244" span_end="11251" id="SECCION_CONTROL" type="INFORMACIÓN SOBRE TRATAMIENTO">
	<name><![CDATA[CONTROL]]></name>
	<text><![CDATA[
-Control por CEX de Neurovascular el 08/06/17 a las 16:15 hrs.
-Control por CEX de cirugía cardíaca  el 10/07/17 a las 10:50 am.
-Control de factores de riesgo cardiovascular por MAP.
-Se solicita ecocardiograma ambulatorio (se notificará la fecha de la cita) y se recomienda control por cardiología
DESTINACIÓ A L'ALTA:	SOCI SANITARI
Validat per: _NAME_	Col·legiat: _ID_
01.03.2017
Pàgina 1 de 5	]]></text>
</Section>
</ehr>