<?xml version='1.0' encoding='UTF-8'?>
<ehr id="343059029.utf8.txt">
<Section id="DEFAULT_HEADER" type="DEFAULT_HEADER" >
	<name>DEFAULT_HEADER</name>
	<text><![CDATA[
_LOCATION_
Telf:
_CONTACT_
_CONTACT_
Nº Història Clínica: _ID_
Cognoms, Nom: _NAME_
NºEpisodi: _ID_
CIP: _ID_
Sexe: Home
Data de Naixement: _DATE_   Edat: 59 Anys
NIF/DNI: _ID_Informe d'alta d'hospitalització
CP	_LOCATION_
ABS	_SS_ 5
Servei	NEUROLOGIA
Data d'alta  01.03.2017	15:26:40
_LOCATION_
_CONTACT_
DOMICIL/RES.SOC 21.02.2017
_NAME_
Adreça
Telèfon Procedència Data d'ingrés Atès per
	]]></text>
</Section>
<Section span_begin="393" span_end="407" id="SECCION_MOTIVO_DE_INGRESO" type="MOTIVO DEL INGRESO">
	<name><![CDATA[MOTIU D'INGRÉS]]></name>
	<text><![CDATA[
Home de 59 anys que ingressa a Neurologia, procedent de Cures Intensives, per estat epilèptic
	]]></text>
</Section>
<Section span_begin="503" span_end="514" id="SECCION_ANTECEDENTES" type="ANTECEDENTES">
	<name><![CDATA[ANTECEDENTS]]></name>
	<text><![CDATA[
No té al·lèrgies medicamentoses conegudes No és fumador
Consum d' enol de 3 cerveses i 1 got de vi Probable SAHOS. Roncador i apnees
	]]></text>
</Section>
<Section span_begin="650" span_end="668" id="SECCION_TRATAMIENTO_HABITUAL" type="INFORMACIÓN SOBRE TRATAMIENTO">
	<name><![CDATA[MEDICACIÓ HABITUAL]]></name>
	<text><![CDATA[
No fa cap tractament
	]]></text>
</Section>
<Section span_begin="691" span_end="704" id="SECCION_PROCESO_ACTUAL" type="INFORMACIÓN SOBRE LA HISTORIA ACTUAL">
	<name><![CDATA[PROCÉS ACTUAL]]></name>
	<text><![CDATA[
Pacient ingressat a UCI per quadre d'inici sobtat d'alteració en la parla, amb moviments clònics oculars cap a la dreta i desconexió del medi. A l'arribada del SEM a domicili i davant del trastorn del llenguatge s'activa Codi Ictus.. Crisi comicial tónico clònica generalitzada a l'ambulància, i recidiva de crisis a Ucies. Control de les crisis a ucies amb Clonazepam ev. Sedació que requereix  intubació oro-traqueal i ventilació mecànica.
Els dies previs el pacient s'havia trobat assimptomàtic. No dèficits mnèsics ni canvi de caràcter. No síndrome tòxica ni altres símptomes acompanyants. Nega canvis en hàbit enòlic habitual.
TC de crani i PL normals.
EEG amb alentiment en hemisferi esquerre RM ambhiperintensitat hipocamps esquerre.
Extubació sense problemes. No recidiva.
La família refereix parafàsies semàntiques i depressió post crisi. Donada estabilitat clínica es trasllada a la planta de Neurologia.
	]]></text>
</Section>
<Section span_begin="1623" span_end="1640" id="SECCION_EXPLORACION_FISICA" type="INFORMACIÓN SOBRE LA EXPLORACIÓN FÍSICA">
	<name><![CDATA[EXPLORACIÓ FÍSICA]]></name>
	<text><![CDATA[
FC	bpm Tªaxi 37.0 ºC
FR	rpm Tªrec  ºC
TA s	130 mmHg SAT O2  %
TA d   70 mmHg Pes Kg
Bon estat general
. AC rítmic
. AR murmuri vesicular conservat
. ABD tou i dperessible. No dolorós a la palpació.
. No es palpen adenopaties. No lesions cutànies
Informe d'alta d'hospitalització
. NRL: Alerta. bradipsíquic. Poc atent. Anòmia: Sèrie de paraules en un minut: 8. No clares parafàsies. Dèficits mnèsics per fets immedits. No dèficit motor ni sensitiu. Hiperreflèxia braquial dreta i crural bilateral. RCP flex bilateral.
	]]></text>
</Section>
<Section span_begin="2168" span_end="2193" id="SECCION_EXPLORACIONES_COMPLEMENTARIAS" type="INFORMACIÓN SOBRE PRUEBAS COMPLEMENTARIAS">
	<name><![CDATA[EXPLORACIÓ COMPLEMENTÀRIA]]></name>
	<text><![CDATA[
URGÈNCIES:
-A/S: Hemograma I BQ sense alteracions. Coagulació normal.Perfil hepàtic normal amb PCR intedectable
-GSA acidosi amb hipercapnia
-	Tôxics a orina (-)en orina negativos.
-	TAC craneal i angioTAC: dintre de la normalitat.
PLANTA UCI  i Neurologia.
-Analítica: GGT 195 U/L; ALT 72 U/L. Resta normal. ANA (-), Ac antitiroïdals (-). FR (-). Proteïnograma: no banda: HG: Normal. Nivells de Fenitoïna 11,1 ug/ml
- Analítica 1.3.17: ALT 72 U/L; Nivells de fenitoïna 8,5 ug/ml
-	LCR: Leu 1 x mm3; Prot 0,5 g/dl; Cultiu (-). Citologia: acel·lular
-	EEG 21.02.17: Activitat bioelèctrica de base de baixa amplitud probablement deguda a l#efecte de fàrmacs neurodepressors. No s´observa activitat comicialògena en el moment actius de l#exploració.
-	EEG 28.02.17: Activitat bioelèctrica de base de baixa amplitud probablement deguda a l#efecte de fàrmacs neurodepressors. No s´observa activitat comicialògena en el moment actius de l#exploració.
-	RNM crani. Alteració al córtex d dels girs occipito-temporals medial i lateral esquerres, suggestius d'edema citotòxic. Obliga a descartar etiologia post-ictal (secundària a estat epilèptic) com a primera opció diagnóstica. Cal correlacionar en el contexte clínic-analític i controlar evolutivament per imatge.
	]]></text>
</Section>
<Section span_begin="3454" span_end="3470" id="SECCION_EVOLUCION" type="INFORMACIÓN SOBRE EVOLUCIÓN">
	<name><![CDATA[EVOLUCIÓ CLÍNICA]]></name>
	<text><![CDATA[
CRISIS PARCIALS COMPLEXES SECUNDÀRIAMENT GENERALITZADES
Durant l'ingrés el pacient no ha presentat clínica suggestiva de crisis comicials. A l'exploració destaca lleu bradipsíquia i disminució lleu de la fluència verbal.
La RNM de crani mostra edema citotòxic a nivell cortical que podria ser secundari a estat epilèptic. Es realitzarà RNM crani de control la propera setmana per veure la evolució de la imatge.
	]]></text>
</Section>
<Section span_begin="3884" span_end="3895" id="SECCION_DIAGNOSTICO_PRINCIPAL" type="DIAGNÓSTICO">
	<name><![CDATA[DIAGNÒSTICS]]></name>
	<text><![CDATA[
345.90/1 Crisis parcials complexes secundàriament generalitzades Estat epilèptic
	]]></text>
</Section>
<Section span_begin="3979" span_end="3991" id="SECCION_PROCEDIMIENTOS" type="PROCEDIMIENTO">
	<name><![CDATA[PROCEDIMENTS]]></name>
	<text><![CDATA[
88.72 "Ultrasó diagnòstic de cor; Ecocardiografia transesofàgica"
88.71	Ultrasò diagnòstic de cap i coll. Determinació desviació de la línia mediana cerebral,ecoencefalografia
88.72	"Ultrasó diagnòstic de cor; Ecocardiografia transesofàgica"
89.14 Electroencefalograma
88.91 Imatge per ressonància magnètica de cervell i tronc cerebral
89.08 Altra consulta
89.14 Electroencefalograma
Informe d'alta d'hospitalització
	]]></text>
</Section>
<Section span_begin="4414" span_end="4449" id="SECCION_TRATAMIENTO_AL_ALTA" type="INFORMACIÓN SOBRE TRATAMIENTO">
	<name><![CDATA[TRACTAMENT I RECOMANACIONS A L'ALTA]]></name>
	<text><![CDATA[
1.	Abstinència d'alcohol
2.	Fenitoïna 100.100.150 mg
	]]></text>
</Section>
<Section span_begin="4504" span_end="4511" id="SECCION_CONTROL" type="INFORMACIÓN SOBRE TRATAMIENTO">
	<name><![CDATA[CONTROL]]></name>
	<text><![CDATA[
Control per metge de capcelera
Control a CCEE de NRL dra _NAME_ el dia 15 de març 2017 a les  11 hores Es remet a CCEE de penumologia per valoració de possible SAHOS
DESTINACIÓ A L'ALTA:	A DOMICILI
Validat per: _NAME_	Col·legiat: _ID_
01.03.2017
Pàgina 1 de 3	]]></text>
</Section>
</ehr>