<?xml version='1.0' encoding='UTF-8'?>
<ehr id="343872682.utf8.txt">
<Section id="DEFAULT_HEADER" type="DEFAULT_HEADER" >
	<name>DEFAULT_HEADER</name>
	<text><![CDATA[
_LOCATION_) Telèfon _SS_  972 _CONTACT_
Telèfon IDI (Ressonància i TAC) _CONTACT_
Telèfon ICO _CONTACT_
Nº Història Clínica: _ID_
Cognoms, Nom: _NAME_
NºEpisodi: _ID_
CIP: _ID_
Sexe: Home
Data de Naixement: _DATE_   Edat: 59 Anys
NIF/DNI:_NAME_; _NAME_
Informe d'alta d'hospitalització
15:00:00
03.03.2017
_LOCATION_
_SS_ NEUROLOGIA
CP
ABS
Servei Data d'alta
_LOCATION_
_CONTACT_
DOMICIL/RES.SOC 02.03.2017
Adreça
Telèfon Procedència Data d'ingrés Atès per
	]]></text>
</Section>
<Section span_begin="460" span_end="474" id="SECCION_MOTIVO_DE_INGRESO" type="MOTIVO DEL INGRESO">
	<name><![CDATA[MOTIU D'INGRÉS]]></name>
	<text><![CDATA[
Hemiparesia esquerre
	]]></text>
</Section>
<Section span_begin="497" span_end="508" id="SECCION_ANTECEDENTES" type="ANTECEDENTES">
	<name><![CDATA[ANTECEDENTS]]></name>
	<text><![CDATA[
	]]></text>
</Section>
<Section span_begin="509" span_end="531" id="SECCION_ANTECEDENTES_PERSONALES" type="ANTECEDENTES">
	<name><![CDATA[ANTECEDENTES PERSONALS]]></name>
	<text><![CDATA[
No al·lergies medicamentoses conegudes No hàbits tòxics
Independent per les ABD, treballa de fuster, actualment de baixa. Rankin 0. Natural de _LOCATION_, aqui des de fa 30 anys
	]]></text>
</Section>
<Section span_begin="711" span_end="733" id="SECCION_ANTECEDENTES_PATOLOGICOS" type="ANTECEDENTES">
	<name><![CDATA[ANTECEDENTS PATOLÒGICS]]></name>
	<text><![CDATA[
-	HTA en tractament, bon control al CAP
-	Simptomes compatibles amb claudicació neurògena.
-	El dia 01/03 es va fer ressecció de lessió cutània a extremitat, a C. _LOCATION_. Pendent AP.
-	Espondilopatia artròsica. Pendent rizolisis L2.
-	Pendent cirurgia espatlla dreta el dia 18/03/2017.
-	IQ lumbar de L5 fa 15 anys. No Dm2, no DLP coneguda.
	]]></text>
</Section>
<Section span_begin="1080" span_end="1098" id="SECCION_TRATAMIENTO_HABITUAL" type="INFORMACIÓN SOBRE TRATAMIENTO">
	<name><![CDATA[MEDICACIÓ HABITUAL]]></name>
	<text><![CDATA[
Esidrex (Hidroclorotiazida) 25mg/24h,
Lyrica 25mg i 75mg/24h, Ibuprofeno 600mg/24h
	]]></text>
</Section>
<Section span_begin="1183" span_end="1196" id="SECCION_PROCESO_ACTUAL" type="INFORMACIÓN SOBRE LA HISTORIA ACTUAL">
	<name><![CDATA[PROCÉS ACTUAL]]></name>
	<text><![CDATA[
Pacient que el 01/03/2016 presenta a les 21:00h inicia de manera sobtada trobant-se al llit hemiparesia i dèficit sensitiu d'hemicos esquerre, amb lleu disartria. Avisen el SEM, que activa Codi Ictus a les 22:34h.
Ariba a les 23:13h, essent valorat al moment. En arribar, ja presentava important milloria clínica.
	]]></text>
</Section>
<Section span_begin="1512" span_end="1529" id="SECCION_EXPLORACION_FISICA" type="INFORMACIÓN SOBRE LA EXPLORACIÓN FÍSICA">
	<name><![CDATA[EXPLORACIÓ FÍSICA]]></name>
	<text><![CDATA[
A urgències del nostre centre: 157/100 mmHg,FC 75, afebril AC: rítmic, no bufs
AR: murmuri vesicular conservat
Exploració NRL:  vigil,  orientat. No  alteracions del  llenguatge.  Moviments  oculomotors conservats,  no  dèficit campimètric. Parèsia faciobraquiocrural esquerre, hipoestèsia faciobraquial esquerre.
NIHSS= 00000/10100/01000= 3
Informe d'alta d'hospitalització
	]]></text>
</Section>
<Section span_begin="1910" span_end="1935" id="SECCION_EXPLORACIONES_COMPLEMENTARIAS" type="INFORMACIÓN SOBRE PRUEBAS COMPLEMENTARIAS">
	<name><![CDATA[EXPLORACIÓ COMPLEMENTÀRIA]]></name>
	<text><![CDATA[
Analítica sanguinia:
-	Hemograma: Hemoglobina 17 g/dL. Hematòcrit 49 %, VCM i HCM correctes. Plaquetes 227 K/mcL, Leucòcits
5.45 K/mcL
-	INR 1
-	Glucosa 97 mg/dL, Urea 42 mg/dL, Creatinina 0.93 mg/dL, Urat 4.9 mg/dL. Calci (II) 9.6 mg/dL, Ió sodi 140 mEqu/L, Ió potasi 3.9 mEqu/L
-	Colesterol 208 mg/dL, Colesterol HDL 41 mg/dL, Colesterol LDL (calcul) 146 mg/dL, Triglicèrid 104 mg/dL
-	Perfil hepàtic i renal correcte
- Hb1Ac% 5.1 %
ECG: ritme sinusal. RS a 60x', PR 180ms, QRS estret Rx de tòrax: ICT correcte, no condensacions
TC de crani multimodal: Estudi TC sense evidència de lesions isquèmiques ni hemorràgiques agudes. Estudi angioTC intracranial i de TSA sense troballes significatives.
Dúplex  de  TSA:  Ateromatosis  carotídea  bilateral  leve,  sin  estenosis  asociadas.  Arterias  vertebrales  sin alteraciones.
Dúplex transcraneal: ACMs, ACAs, ACPs y sifones carotídeos  sin alteraciones. Segmentos V4 y basilar sin alteraciones.
Detección de shunt D-I negativo tanto en basal como tras valsalva.
	]]></text>
</Section>
<Section span_begin="2954" span_end="2970" id="SECCION_EVOLUCION" type="INFORMACIÓN SOBRE EVOLUCIÓN">
	<name><![CDATA[EVOLUCIÓ CLÍNICA]]></name>
	<text><![CDATA[
Paciente de 59 años con AP de HTA, que acude a urgencias por cuadro de hemiparesia y hemihipoestesia izquierda de inicio brusco. Se realiza TC cerebral multimodal, que no muestra alteraciones. Dada la clínica presentada con NIHSS de 3, la mejoría clínica progresiva, y la normalidad de las pruebas complementarias, no es tributario a tratamiento de reperfusión.
Se decide ingreso en la Unidad de ictus para vigilancia y monitorización, pero dado que no se dispone de camas libres, queda inicialmente en el Hospital de Día con monitorización. Precisa en las primeras horas labetalol 10 mg patra control de TA.
Posteriormente ingresa en la Unidad de Ictus, manteniéndose hemodinámicamente estable, y en ritmo sinusal durante todo el registro.
Clínicamente presenta mejoría, persistiendo al alta únicamente paresia facial central izquierda. Se inicia tratamiento antiagregante y con estatinas como prevención secundaria de ictus. Durante el ingreso se realiza estudio neurosonológico que no muestra alteraciones. Se solicita ecocardiograma que citan de manera ambulatoria en Junio.
Con la orientación diagnóstica de ictus lacunar sensitivo motor en paciente con antecedentes de HTA, dada la estabilidad clínica y hemodinámica, se decide alta a domicilio.
Escalas al alta:
- NIHSS = 0000/10000/00000: 1
-	Rankin 1
-	
Informe d'alta d'hospitalització
-	Barthel 100%
	]]></text>
</Section>
<Section span_begin="4341" span_end="4352" id="SECCION_DIAGNOSTICO_PRINCIPAL" type="DIAGNÓSTICO">
	<name><![CDATA[DIAGNÒSTICS]]></name>
	<text><![CDATA[
436/5 Ictus lacunar motor sensitiu esquerre.
401.9 Hipertensió essencial inespecificada
	]]></text>
</Section>
<Section span_begin="4442" span_end="4454" id="SECCION_PROCEDIMIENTOS" type="PROCEDIMIENTO">
	<name><![CDATA[PROCEDIMENTS]]></name>
	<text><![CDATA[
88.71 Ultrasò diagnòstic de cap i coll. Determinació desviació de la línia mediana cerebral,ecoencefalografia
	]]></text>
</Section>
<Section span_begin="4566" span_end="4601" id="SECCION_TRATAMIENTO_AL_ALTA" type="INFORMACIÓN SOBRE TRATAMIENTO">
	<name><![CDATA[TRACTAMENT I RECOMANACIONS A L'ALTA]]></name>
	<text><![CDATA[
Tractament a l'alta:
-	Adiro 100mg/24h amb el dinar
-	Atorvastatina 40mg/24h amb el sopar
Resta de medicació sense canvis: Esidrex (Hidroclorotiazida)  25mg/24h,, Lyrica 25mg i 75mg/24h, Ibuprofeno 600mg/24h
	]]></text>
</Section>
<Section span_begin="4812" span_end="4819" id="SECCION_CONTROL" type="INFORMACIÓN SOBRE TRATAMIENTO">
	<name><![CDATA[CONTROL]]></name>
	<text><![CDATA[
Te cita per ecocardio transtoràcic ambulatòri el 14/07/2017 a les 11h (planta 6C de _SS_) --> recomanem si és possible que el metge de capçalera demani ecocardio TT ambulatori preferent a _SS_ (en cas d'obtenir cita abans, anul·lar la cita amb ecocardio TT a _SS_)
Se entrega volante para analítica de hipercoagulabilidad.
Visita de control a Consultes Externes de Neurovascular el dia 14/06/2017 a les 13:30h amb Dr. _NAME_ (Edifici de Consultes Externes de _SS_, 1a planta)
Control de factors de risc cardiovascular per equip d'atenció primària: LDL < 80mg/dl, TA 140/90mmHg
DESTINACIÓ A L'ALTA:	A DOMICILI
Validat per: _NAME_	Col·legiat: _ID_
03.03.2017
Pàgina 1 de 3	]]></text>
</Section>
</ehr>