<?xml version='1.0' encoding='UTF-8'?>
<ehr id="343905339.utf8.txt">
<Section id="DEFAULT_HEADER" type="DEFAULT_HEADER" >
	<name>DEFAULT_HEADER</name>
	<text><![CDATA[
INFORME ALTA HOSPITALARIA
_NAME_
Núm. Episodi: _ID_ Núm. HC: _ID_
_SS_ _LOCATION_
_LOCATION_
Tel. _CONTACT_Adreça: _LOCATION_	C.A.P.: _SS_
Població: _LOCATION_	Sexe: HOME  Data naixement: _DATE_  Edat: 83a
Telèfon: _CONTACT_  C.P.: _LOCATION_	T.I.S.: _ID_   DNI/NIF: _ID_
Procedència:	Data Ingrés Hospital: 21/02/2017
Servei assistencial: URGÈNCIES URG	Data Ingrés Servei:
Metge Responsable: _NAME_	Data Alta:
Paciente de 83 años, que consulta por pérdida de visión y confusión.
	]]></text>
</Section>
<Section span_begin="483" span_end="506" id="SECCION_ANTECEDENTES_PERSONALES" type="ANTECEDENTES">
	<name><![CDATA[ANTECEDENTES PERSONALES]]></name>
	<text><![CDATA[
:
-	Niega Alergias medicamentosas.
-	Exfumador desde hace 50 años.
-	FRCV:
*	HTA en tratamiento farmacológico.
*	DLP en tratamiento con estatinas.
*	Niega DM.
-	Hiperuricemia en tratamiento con alopurinol.
-	Insuficiencia cardíaca congestiva en 2015.
-	Neumonía en LID en 2015 atípica.
-	Extrasístoles supraventriculares desde 2011 en segumiento y tratamiento por Cardiología.
-	Carcinoma epidermoide en cuerda vocal izquierda intervenido en 2012.
-	Adenocarcinoma de próstata en 2012, que realizó radioterapia radical.
-	Adenorcarcinoma de colon en 1999 intervenido.
-	IQ: faquectomía, prótesis rodilla derecha, herniorrafia inguinal izquierda, apendicectomía.
Estado basal: vive con la mujer, cognitivamente preservado hasta el momento, independiente para todas las actividades de la vida diaria. mRS 0
	]]></text>
</Section>
<Section span_begin="1313" span_end="1324" id="SECCION_TRATAMIENTO_HABITUAL" type="INFORMACIÓN SOBRE TRATAMIENTO">
	<name><![CDATA[Tratamiento]]></name>
	<text><![CDATA[
:
Eprosartán 600mg 1/24h, tamsulosina 0.4mg/noche, Alopurinol 100mg 1/24h, Diazepan 5mg/noche, Omeprazol 20mg 1/24h, Simvastatina 20mg/noche, Emconcor 2.5mg/día, Tramadol/paracetamol 1 comp/8h.
	]]></text>
</Section>
<Section span_begin="1519" span_end="1536" id="SECCION_PROCESO_ACTUAL" type="INFORMACIÓN SOBRE LA HISTORIA ACTUAL">
	<name><![CDATA[ENFERMEDAD ACTUAL]]></name>
	<text><![CDATA[
:
La mujer del paciente refiere ,que se ha ido de la casa por la mañana en perfecto estado, y mientras estaba en el parque con los amigos, presenta episodio de pérdida de visión bilateral transitoria de minutos de duración (no saben precisar), y posteriormente episodio de desorientación. Es traido a casa por su amigo, dado que no recordaba donde vivía. A su llegada a urgencias, el paciente explica amnesia anterógrada de todo el episodio.
	]]></text>
</Section>
<Section span_begin="1979" span_end="1997" id="SECCION_EXPLORACION_FISICA" type="INFORMACIÓN SOBRE LA EXPLORACIÓN FÍSICA">
	<name><![CDATA[EXPLORACIÓN FÍSICA]]></name>
	<text><![CDATA[
:
Buen estado general. Normocoloreado de piel y mucosas. Normoperfundido. Eupneico
ACR: tonos cardiacos ritmicos con extrasístole. Buen murmullo vesicular sin ruidos patológicos sobreañadidos
NRL: Buen nivel de vigilancia. Afasia nominativa, repite y comprende órdenes sencillas (1+1). Disartria leve (1). Reflejo de amenaza derecho abolido (2), izquierdo presente. Motilidad ocular normal. No asimetria facial.
Fuerza conservada en las 4 extremidades. No alteración de la sensibilidad. RCP flexor bilateral. NIHSS 5
	]]></text>
</Section>
<Section span_begin="2516" span_end="2545" id="SECCION_EXPLORACIONES_COMPLEMENTARIAS" type="INFORMACIÓN SOBRE PRUEBAS COMPLEMENTARIAS">
	<name><![CDATA[EXPLORACIONES COMPLEMENTÀRIAS]]></name>
	<text><![CDATA[
:
En urgencias:
Analítica:
- Hemograma; Hb 11.2 Hto 34.2 VCM 96 Leuc 5.01 (N 68% L 20%) Plaq 194 000.
-	Bioquímica: Glu 94 Ur 36 Cr 1.24 FG 54 Na 143 K 5.83 Cl 107 perfil hepático normal OCR 6.21mg/L.
-	Perfil coagulación: TP 86%.
ECG: RS a 70 lpm, E +60º, PR 0.12, QRS 0.08, no criterios de HVI, no alteración en la repolarización.
TC cráneo: Estructuras de la línea media no desplazadas, prominencia de los espacios aracnoidales de los suelos de la convexidad y de los valles silvianos insulares, así como discreta dilatación del sistema ventricular por atrofia cortico sub cortical. Atrofia cerebelosa asociada. Cisternas perimesencefálicas y de la base no obliteradas. Hipodensidad de la sustancia blanca periventricular por leucoencefalopatía hipoxico-isquémica de pequeño vaso. Focus hipodenso en la sustancia blanca frontoparietal bilateral, de aspecto isquémico crónico. Infartos lacunares en brazo anterior de la cápsula interna izquierda. No hay signos de sangrado intra ni extraparenquimatosa.
En planta de Neurología.
ECG: ritmo sinusal con extrasistoles ventriculares abundantes. No alteraciones en la repolarización.
RM cerebral: Alteració de senyal de la substància blanca periventricular, per leucoencefalopatia hipoxico- isquèmica de petit vas. Petits focus d'alteració de la senyal de la substància blanca fronto-parietals bilaterals d'aspecte isquèmic crònic. Infart lacunar a braç anterior de càpsula interna esquerra. Alteració de senyal a tàlem esquerre, regió hipocampal ipsilateral així com occipital córtico-subcortical parasagital esquerre, que restringeix en DW, compatible amb àrea d'isquèmia aguda, territori de l'ACP esquerra. S'observa una hipointensitat en GRE a nivell occipital parasagital esquerre, que tradueix depòsits d'hemosiderina, compatible amb transformació hemorràgica de l'infart.
Angio-RMN cerebral y TSA: L'examen mostra una correcta permeabilitat de tronc braquiocefàlic i artèries subclàvies. Les artèries vertebrals són permeables amb flux ascendent. Elongació de l'origen de l'artèria vertebral esquerra. Discreta estenosi focal al segment V2 de l'artèria vertebral esquerra. Tronc basilar permeable i centrat. Permeabilitat amb elongació de les caròtides primitives. No s'identifiquen estenosis focals significatives a les bifurcacions carotídies. Correcta permeabilitat del trajecte cervical de les caròtides internes així com dels seus segments intracranials. Correcta permeabilitat d'artèries cerebrals mitges, anteriors i posteriors sense evidència de dilatació aneurismàtica, detectable per tècniques ARM.Encara que hi ha poca vascularització distal de les acm. Dubtoses fines estensosis segmentàries del segment P3 de l'ACP esquerra. Falta de vascularització distal d'ambdues ACP.
Eco-doppler TSA: Arterias vertrebrales: flujo de dirección craneal con picos de VS simétricos 50 vs 52cm/s. Eje carotideo derecho: aumento del GIM, placa difusa hipoecogénica . IMT 1.2mm. Se identifican en bulbo carotídeo, aumento intimal y placa difusa hipoecogénica mixta lipídica y microcalcificada con sombra acústica posterior a la pared anterior y posterior del bulbo que se valora en <50%, es regular. Los refistros espectrales no muestran signos de alteración hemodinámica de alto grado con un VPS de 75cm/s y coeficiente CPD-CID
1.2. Eje carotideo izquierdo: aumento del GIM, placa difusa hipoecogénica con calcificadiones. IMT 2.2mm. Se identifican en bulbo carodieo un aumento de GIM y placa difusa lipídica a la pared anterior del bulbo que se valora de un 30%, es regular. Los registros espectrales no muestran signos de alteración hemodinámica de alto grado con pico sistólico de velocidad máxima conconrdante de 86cm/s y coeficiente CPE-CIE de 1.1.
Ecografia transtorácica: Ventrículo izquierdo severamente hipertrófico, con función conservada. Sin gradiente dinámico basal ni permeable. Velocidades tisulares reducidas. Alteración diastólica tipo II. AI severametne dilatada. FEVI 66%. Posible miocardiopatia hipertrófica. (sin cambios con respecto a ecocardiografía de Enero 2016).
Holter-ECG: realizado el día 3 de Marzo. Pendiente de informe.
	]]></text>
</Section>
<Section span_begin="6655" span_end="6664" id="SECCION_EVOLUCION" type="INFORMACIÓN SOBRE EVOLUCIÓN">
	<name><![CDATA[EVOLUCIÓN]]></name>
	<text><![CDATA[
:
Paciente de 83 años que ingresa por cuadro de afasia nominativa y hemianopsia homonima derecha compatible conun PACI izquierdo.
En el momento de su ingreso, el paciente realiza una broncoaspiración, produciendo una neumonía aspirativa con lo que se trata con nebulizaciones y antibioticoterapia, mejorando posteriormente.
En planta de neurología, se realiza estudio confirmando ictus isquémico agudo por RMN cerebral y a nivel etiológico se objetiva una estenosis en ACP-P3 izquierda sin causa embolígena aunque está pendiente de resultados de holter-ECG. Por este motivo se inicia con estatina a dosis altas y se mantiene con monoterapia a
dosis plenas sin añadir biterapia por observarse transformación hemorrágica en RMN cerebral. Se le realizó un ECG durante su ingreso, donde se observaron extrasístoles ventriculares abundantes sin sintomatología asociada.
Durante su estancia, el paciente se ha mantenido estable con buenos controles de cifras tensionales y con buena evolución respiratoria y neurológica, observando únicamente una leve desorientación temporo-espacial y mínima disfasia nominativa en el momento del alta. (NIHSS 1)
Se decide alta hospitalaria con control en CEX Neurología en 3 meses para valorar evolución del cuadro neurovascular y valoración del cuadro de desorientación posiblemente secundario al ingreso vs DCL.
	]]></text>
</Section>
<Section span_begin="8012" span_end="8026" id="SECCION_DIAGNOSTICO_PRINCIPAL" type="DIAGNÓSTICO">
	<name><![CDATA[JUICIO CLÍNICO]]></name>
	<text><![CDATA[
:
Ictus isquémico del territorio de ACP izquierda (POCI) de etiología aterotrombótica. Estenosis leve de ACP-P3 izquierda sintomática.
Estenosis leve de AV derecha asintomática.
Desorientación temporo-espacial posiblemente secundario a ingreso. Infección respiratoria secundaria a broncoaspiración.
Hipertensión arterial. Dislipemia.
	]]></text>
</Section>
<Section span_begin="8362" span_end="8373" id="SECCION_TRATAMIENTO_HABITUAL" type="INFORMACIÓN SOBRE TRATAMIENTO">
	<name><![CDATA[TRATAMIENTO]]></name>
	<text><![CDATA[
:
Dieta baja en sal.
Realiza ejercicio diario (caminar mínimo 30 minutos al día).
Atorvastatina 80mg 1 comprimido a la noche. AAS 300mg 1 comprimido cada 24 horas.
Prednisona 30mg 1 comprimido cada 24 horas durante 3 días. Prednisona 20mg 1 comprimido cada 24 horas durante 3 días. Prednisona            10mg 1 comprimido cada 24 horas durante 3 dias y suspender.
Emconcor 2.5mg 1 comprimido 24 horas.
Eprosartan (regulaten) 600mg 1 comprimido cada 24 horas. Omnic 0.4mg 1 comprimido a la noche.
Alopurinol 100mg 1 comprimido cada 24 horas. Omeprazol 20mg 1 comprimido cada 24 horas.
Tramadol/paracetamol 1 comprimido cada 8horas si precisa. Diazepam 5mg 1 comprimido por la noche.
Atentament, Signat:
Dr/a.: _NAME_
Metge adjunt - Neurologia Número col·legiat: _ID_
Hospitalització
Imprès: 03/03/2017 14:01
Pàg.: 1 de  3	]]></text>
</Section>
</ehr>