<?xml version='1.0' encoding='UTF-8'?>
<ehr id="345024168.utf8.txt">
<Section id="DEFAULT_HEADER" type="DEFAULT_HEADER" >
	<name>DEFAULT_HEADER</name>
	<text><![CDATA[
1/ 2
Cognoms:    _NAME_	Adreça:  _LOCATION_
Nom:	_NAME_	_LOCATION_
Edat: 76	Sexe:H	CIP:	_ID_	NIF:	_ID_
Data naixement:   _DATE_	NHC:	_ID_	NASS:    _ID_
Telèfon / Mòbil:	_CONTACT_ / _CONTACT_
INFORME  D'ASSISTÈNCIA
Metge/essa:	_NAME_	Servei:	Neurologia
Data ingrés:	28/02/ 2017	Data Alta: 06/03/ 2017
S'informa a:	Metge de família	Núm.  llit: _ID_
	]]></text>
</Section>
<Section span_begin="352" span_end="363" id="SECCION_DIAGNOSTICO_PRINCIPAL" type="DIAGNÓSTICO">
	<name><![CDATA[DIAGNÒSTICS]]></name>
	<text><![CDATA[
:
1.	Ictus hemorràgic a nucli lenticular dret d'etiologia hipertensiva
2.	HTA
3.	Dislipèmia
4.	Psoriasi guttata
5.	Tremolor essencial
Home de 76 anys, fumador fins als 70 anys d'unes 5 cig/dia, sense altres hàbits tòxics. Amb al·lèrgia a la penicil·lina (rash amb edema).
	]]></text>
</Section>
<Section span_begin="638" span_end="661" id="SECCION_ANTECEDENTES_PATOLOGICOS" type="ANTECEDENTES">
	<name><![CDATA[ANTECEDENTS  PATOLÒGICS]]></name>
	<text><![CDATA[
:
·	HTA de llarga evolució en tractament amb enalapril, refereix bons controls tensionals.
·	Dislipèmia de llarga evolució, actualment sense tractament mèdic.
·	Insuficiència venosa grau III amb episodi d'edemes bilaterals i dermopatia al desembre del 2016 que ha tractat amb furosemida i Venoruton fins al febrer, pendent de primera visita amb Cirurgia Vascular.
·	Meniscopatia de genoll esquerre que tracta ocasionalment amb paracetamol.
·	Refereix tremolor essencial sobretot de la mà dreta des de fa 2-3 anys.
·	Psoriasi Guttata en control pel seu metge de capçalera, sense tractament a l'actualitat.
·	En seguiment a Otorrinolaringologia per acúfens. Es va realitzar RM craneal al març del 2016 que mostrà hiperintensitat de senyal de subtància blanca periventricular en relació a àrees d'isquèmia per vasculopatia crònica.
	]]></text>
</Section>
<Section span_begin="1491" span_end="1510" id="SECCION_TRATAMIENTO_HABITUAL" type="INFORMACIÓN SOBRE TRATAMIENTO">
	<name><![CDATA[Tractament habitual]]></name>
	<text><![CDATA[
: Enalapril 20mg 1/24h
SITUACIÓ SOCIAL I FUNCIONAL:
Viu a domicili amb la seva dona, tenen 2 fills que viuen a prop. Autònom per a totes les activitats bàsiques i instrumentals de la vida diària, deambula sense ajuda. No presenta deteriorament cognitiu.
	]]></text>
</Section>
<Section span_begin="1766" span_end="1780" id="SECCION_MOTIVO_DE_INGRESO" type="MOTIVO DEL INGRESO">
	<name><![CDATA[MOTIU D'INGRÉS]]></name>
	<text><![CDATA[
:
El dia 28/02/2017 s'aixeca a les 5:00 per anar al lavabo estant asimptomàtic, es torna a despertar a les 7:00 i nota pèrdua de força de l'hemicòs esquerre i dificultat de la marxa. Avisen al SEM i arriba a urgències a les 9:32. S'activa Codi Ictus essent valorat per Neurologia a les 9:43h. Es realitza TC craneal a les 10:05 que mostra hemorràgia aguda a nucli lenticular dret de 17x15x18mm, decidint-se ingrés a Neurologia.
	]]></text>
</Section>
<Section span_begin="2209" span_end="2226" id="SECCION_EXPLORACION_FISICA" type="INFORMACIÓN SOBRE LA EXPLORACIÓN FÍSICA">
	<name><![CDATA[EXPLORACIÓ FÍSICA]]></name>
	<text><![CDATA[
:
Constants a urgències: TA 185/101, FC 65, FR 16, Tº 35.4, Sat 98%b, BMTest 89.
A planta de Neurologia: TA 160/74, FC 60, Sat 96%b, Tº 35.7. PELL I MUCOSES: normohidratat i normocolorejat, presenta lesions crostoses a EESS i EEII per la psoriasi. RESP: murmuri vesicular conservat sense sorolls sobreafegits. COR: tons rítmics sense bufs, no presenta edemes, IJ ni signes
_NAME_
de TVP. Signes d'insuficiència venosa a EEII. Polsos distals presents i simètrics. ABDOMEN: tou i depressible, no dolorós a la palpació, peristaltisme conservat, sense signes de peritonisme.
NRL: conscient i orientat en les 3 esferes. Llenguatge normal, disartria lleu. Sense alteracions a la campimetria per confrontació. Lleu parèsia facial central esquerra. Resta de ppcc normals. No claudicació a les extremitats. No refereix hipoestèsia a l'exploració. Lleu dismetria dit-nas, però probablement per tremolor essencial, taló-genoll sense alteracions. ROT presents i simètrics, RCP flexors.
NIHSS: 0-0-0-0-0 / 1-0-0-0-0 / 0-0-0-1-0=2
	]]></text>
</Section>
<Section span_begin="3245" span_end="3274" id="SECCION_EXPLORACIONES_COMPLEMENTARIAS" type="INFORMACIÓN SOBRE PRUEBAS COMPLEMENTARIAS">
	<name><![CDATA[EXPLORACIONS  COMPLEMENTÀRIES]]></name>
	<text><![CDATA[
:
Analítica a Urgències: glucosa 100.5, urea 24.7, creatinina 0.72, Na 136, Cl 101, FG>90, ALT 14, Hb
15.1, Ht 45.1, Leucòcits 5.550 (N 75.1%, L 13%), plaquetes 183.000, TPT rati 1.07, APTT rati 0.96,
fibrinogen 409.6.
 Anal ític a d'ingrés : colesterol 225 mg/dl, LDL 146, resta sense alteracions significatives. ECG: ritme sinusal a 60bpm, eix 30º, PR 0.20, sense alteracions de la repolarització. Rx tòrax: sense alteracions significatives.
TC cranial (urg): Hematoma de 17 x 15 x 18mm (AP x T x CC) situat a nuclis de la base drets. Discret edema adjacent. No s'observa desplaçament de les estructures de la linia mitja. Discreta atròfia cortical. Focus d'hipodensitat a nucli lenticular esquerre suggestiu d'infart lacunar vs dilatació d'espais perivasculars. Hipodensitat de la substància blanca periventricular per leucoencefalopatia hipòxico- isquèmica de petit vas.
	]]></text>
</Section>
<Section span_begin="4150" span_end="4158" id="SECCION_EVOLUCION" type="INFORMACIÓN SOBRE EVOLUCIÓN">
	<name><![CDATA[EVOLUCIÓ]]></name>
	<text><![CDATA[
:
El pacient ha seguit una evolució favorable, restant a l'alta una lleu parèsia facial central esq. i hipocinèsia de la mà, que no el limiten per les activitats bàsiques de la vida diària, tot i que encara requereix ajuda per les instrumentals. La marxa és autònoma però més estable amb caminador. Al moment de l'alta, NIHSS 1, Rankin 2.
Des del punt de vista etiològic es considera una hemorràgia cerebral d'etiologia hipertensiva, pel que es recomana control estricte d'aquest factor de risc. Durant l'ingrés s'ha mantingut amb tensions arterials normals amb la seva dosi de 20 mg al dia, però es recomana control estricte els propers dies i, d'acord amb el seu metge de família, augmentar el tractament si cal.
Es dóna d'alta hospitalària, es recomana repòs relatiu els propers dies i reincorporació progressiva a les seves activitats a partir de la 2a setmana. Es cita a CCEE de Neurologia i seguirà rehabilitació de forma ambulatòria.
	]]></text>
</Section>
<Section span_begin="5100" span_end="5110" id="SECCION_TRATAMIENTO_HABITUAL" type="INFORMACIÓN SOBRE TRATAMIENTO">
	<name><![CDATA[TRACTAMENT]]></name>
	<text><![CDATA[
:
·	Enalapril 20 mg 1 comp. cada 24 hores.
·	
Signat per _NAME_ núm.col: _ID_ Data/ Hora:06-03-2017 11:45	]]></text>
</Section>
</ehr>