<?xml version='1.0' encoding='UTF-8'?>
<ehr id="345089871.utf8.txt">
<Section id="DEFAULT_HEADER" type="DEFAULT_HEADER" >
	<name>DEFAULT_HEADER</name>
	<text><![CDATA[
IC DE MEDICINA I DERMATOLOGIA MEDICINA INTERNA
_NAME_	NHC: _ID_
Sexo/Sexe: Fem.	Fecha nac./Data naix.: _DATE_	Edad/Edat: 73 años Dirección/Adreça: _LOCATION_	CP: _LOCATION_
Municip. (Prov.): _LOCATION_  ABS:_SS_		Tel.:_CONTACT_ HIJA L As.: SERVEI CATALA DE LA SALUT	CIP: _ID_	NASS: _ID_
Nº epis.: _ID_	Tipo/Tipus: HOSPIT.	Ingres.: 20.02.2017 Serv: MEDICINA INTERNA	UO Enf.: G092 SALA G DE MED. INT.	Hora: 14:05:42 Facult. de ref.: _NAME_
	]]></text>
</Section>
<Section span_begin="444" span_end="469" id="SECCION_TIPO_DE_INGRESO" type="TIPO DE INGRESO">
	<name><![CDATA[Tipo ingreso/Tipus ingrés]]></name>
	<text><![CDATA[
: Urgent	Motivo/Motiu alta: Dom. Familiar
Diag.:
EMERGENCIA HIPERTENSIVA () BRONQUITIS AGUDA () DIABETES MELLITUS ()
Proc.:
TAC craneal () Analítica sanguínea () Radiografía de tórax () Gasometría ()
INFORME CLÍNICO ALTA / INFORME CLÍNIC ALTA
	]]></text>
</Section>
<Section span_begin="717" span_end="755" id="SECCION_MOTIVO_DE_INGRESO" type="MOTIVO DEL INGRESO">
	<name><![CDATA[Motivo de consulta / Motiu de consulta]]></name>
	<text><![CDATA[
Disminución del nivel de consciencia.
	]]></text>
</Section>
<Section span_begin="795" span_end="857" id="SECCION_ANTECEDENTES" type="ANTECEDENTES">
	<name><![CDATA[Antecedentes e historia previa / Antecedents i història prèvia]]></name>
	<text><![CDATA[
Mujer de 73 años, sin alergias medicamentosas conocidas. Exfumadora (había fumado 2-3 paq/dia desde los 36 años, dosis acumulada: 90 p-a). Vive con dos hijos aunque no se lleva bien con ellos. Deambula sola por casa pero no sale a la calle. Dificultad para las actividades básicas de la vida diaria y manejo de la medicación (problemas de visión).
	]]></text>
</Section>
<Section span_begin="1207" span_end="1230" id="SECCION_ANTECEDENTES_PERSONALES" type="ANTECEDENTES">
	<name><![CDATA[ANTECEDENTES PERSONALES]]></name>
	<text><![CDATA[
: VALORACIÓN GERIÁTRICA
-	SÍNDROMES GERIÁTRICOS: caídas 1, polifarmacia, síndrome depresivo, déficit sensorial (disminución de la agudeza visual)
-	COMORBILIDAD: Charlson 1
-	FUNCIONAL: Barthel: 90 Deambulación: Autónoma sin ayudas técnicas, pero refiere marcha inestable
-	COGNITIVO: Pfeiffer
-	SOCIAL: vive en domicilio con 2 hijos (refiere mala relación). 2º piso con ascensor.
	]]></text>
</Section>
<Section span_begin="1612" span_end="1636" id="SECCION_ANTECEDENTES" type="ANTECEDENTES">
	<name><![CDATA[ANTECEDENTES PATOLÓGICOS]]></name>
	<text><![CDATA[
:
1.	HIPERTENSIÓN ARTERIAL en tratamiento médico.
2.	DISLIPEMIA en tratamiento médico.
3.	DIABETES  MELLITUS  tipo  2,  en  tratamiento  con  antidiabéticos  orales.  Mal  control  metabólico. Hemoglobina glicada (03/2015): 13%.
4.	BRONQUITIS CRÓNICA. Ingreso en _SS_ el 09/2016 por infección respiratoria y agudización de
EPOC. No disponemos de pruebas funcionales respiratorias (se realizaron en _SS_, pero mala técnica).
5.	SÍNDROME ANSIOSO-DEPRESIVO en tratamiento con alprazolam.
6.	SÍNDROME TAKO-TSUBO, con insuficiencia cardiaca leve en 05/2014. * Ecocardiograma: hipocinesia marcada a nivel anterolateral, con FE conservada. Coronariografia urgente: placa inferior al 50% en DA prox- media, con resta de arterias coronarias sin lesiones. Buen flujo en todas ellas. Ventriculografia con acinesia anteroapical-inferior i hipercontractilidad de los segmentos basales, compatible con Tako-Tsubo. Ecocardiograma compatible con estos hallazgos (FEVI 36%). Realizó seguimiento incompleto con cardiólogo de zona, no acudió para ecocardio de control.
7.	NEURITIS ÓPTICA
8.	CATARATAS BILATERALES
9.	OBESIDAD
10.	FRACTURA SUBCAPITAL DE CADERA DERECHA el 03/2015. Se colocó una prótesis bipolar cementada.
	]]></text>
</Section>
<Section span_begin="2840" span_end="2861" id="SECCION_TRATAMIENTO_HABITUAL" type="INFORMACIÓN SOBRE TRATAMIENTO">
	<name><![CDATA[* MEDICACIÓN HABITUAL]]></name>
	<text><![CDATA[
 (21702/2017):  Metformina 850 mg 1-0-1; Paracetamol 1g si precisa; Seretide (Fluticasona + Salmeterol) 50/250 mcg 1-0-1; Travoprost 40mcg/ml, vía oftálmica, 2 gotas/24h; AAS 100mg 1-0-0; Idaptan (Trimetazidina) 20mg 1-1-1; Furosemida 40mg 1-0-0; Simvastatina 20mg 0-0-1; Clometiazol 192mg 0-0-1; Omeprazol 20mg 1-0-0; Sertralina 50mg 1-0-0; Ideos (Calcio + Vitamina D) 1000mg/880UI 1-0-0; Cianocobalamina 1amp al mes.
	]]></text>
</Section>
<Section span_begin="3281" span_end="3311" id="SECCION_PROCESO_ACTUAL" type="INFORMACIÓN SOBRE LA HISTORIA ACTUAL">
	<name><![CDATA[Proceso actual / Procés actual]]></name>
	<text><![CDATA[
Las dos semanas previas a su consulta en urgencias había presentado malestar general, progresión de los síntomas respiratorios habituales con mayor tos y expectoración sin síndrome febril y diarreas sin productos patológicos en cuantía de 3-5 deposiciones líquido-pastosas diarias.
El día 19/2/2017 alerta al SEM por deterioro del estado general, mareo y dificultad respiratoria.
A la llegada del SEM, consciente, orientada, hipertensa 220/110 mmHg, hiperglicémica. Delante del SEM presenta disminución brusca del nivel de consciencia con rigidez seguido de movimientos tónico clónicos, de menos de un minuto de duración. Posteriormente Glasgow 3-4, por lo que avisan a la avanzada y se procede a intubación orotraqueal y ventilación mecánica y sedación. En la monitorización presenta extrasístoles frecuentes y posible racha de taquicardia ventricular, por lo que administran amiodarona.
En urgencias, hemodinámicamente estable, afebril. Ventilación mecánica y Fi02 100% con Sat02 100%. Auscultación con roncus de predominio derecho. Requiere soporte con noradrenalina de forma secundaria, diuresis conservada.
Se realiza TC craneal urgente y, valorada conjuntamente con neurología, se descarta accidente cerebral vascular. Se inicia tratamiento anticomicial con levetiracetam.
Analítica con función renal normal, hipocalemia de 3,1 mEq/L, PCR 10 mg/dL, hiperglicemia 572, discreta colestasis disociada, troponina I 0.056 ng/mL, leucocitosis 15.070/mm3 con neutrofilia y trombocitosis, coagulación correcta.
Sedimento de orina con 5-10 leucitos por campo y cetonas +.
Gasometría arterial: acidosis respiratoria con pH 7.296, PaCO2 66, PaO2 396 (FiO2 100%), bicarbonato 31 mmol/L.
Radiografía de tórax con índice cardiotorácico conservada, sin condensaciones. Senos costofrénicos libres.
ECG en ritmo sinusal  a 68 lpm, sin alteraciones de la repolarización, mala progresión de las R en precordiales.
Ecoscopia a pie de cama muestra ligera hipertrofia de ventrículo izquierdo, sin otras alteraciones a destacar.
En el cultivo de aspirado traqueal (secreciones de aspecto purulento) se aísla S. pneumoniae.
Se inicia tratamiento broncodilatador y corticoideo, pudiendo disminuir la oxigenoterapia progresivamente. Las gasometrías de control muestra corrección de la acidosis respiratoria. Se inicia tratamiento antibiótico con levofloxacino.
Se inicia medicación antihipertensiva con enalapril y amlodipino, con control progresiva de la presión arterial.
Se inicia insulinoterapia y se corrigen las glucemias.
Se puede retirar intubación y sedación el 19/02 a las 19h. Sat02 del 93%, con Fi02 del 40%. Se puede retirar la noradrenalina. Exploración neurológica sin focalidades.
Se orienta el cuadro como: - Crisis comicial en contexto de emergencia hipertensiva, en paciente con mal cumplimiento terapéutico. - Cuadro diarreico de 15 días a estudio. - Bronquitis aguda en paciente con neumopatía crónica. - Hiperglucemia simple en contexto de paciente con mal cumplimiento terapéutico.
Se decide ingreso en medicina interna.
	]]></text>
</Section>
<Section span_begin="6340" span_end="6378" id="SECCION_EXPLORACION_FISICA" type="INFORMACIÓN SOBRE LA EXPLORACIÓN FÍSICA">
	<name><![CDATA[Exploración física / Exploració física]]></name>
	<text><![CDATA[
20/02/2017-15:00:00: PAS (mm Hg) 134, PAD (mm Hg) 66, Pulsioximetría  (%)	92, Tª axilar (ºC) 35.6. 20/02/2017-21:00:00 : Glicemia capilar (mg/dl)  214. 21/02/2017-00:00:00 : FiO2 (%) 28.
Paciente con reciente sedoanalgesia y miorrelajación, PINR, reflejo tusígeno conservado. ACR: rítmica, soplo sistólico aórtico II/VI, murmullo vesicular conservado sin agregados. Abdomen globulos, blando, depresible.
Laboratorio / Laboratori
*	ANALÍTICA EN URGENCIAS (19.02.2017):
-	GASOM ARTERIAL: Tipus de mostra: Arterial, Percentatge O: 100, pH arterial 7.296, pCO2 arterial 65.8 mmHg, pO2 arterial 396.4 mmHg, Bicarbonat actual arterial 31.4 mmol/L, Excés de base arterial 3.30 mmol/L
- BIOQUÍMICA GENERAL: Proteïna C reactiva (PCR) 10.25 mg/dL, Glucosa 572 mg/dL, Creatinina 0.91 mg/dL, Filtrat glomerular calculat [CKD-EPI] 62.81 ml/min/, Aspartat aminotransferasa (ASAT) 73.0 UI/L, Alanin aminotransferasa (ALAT) 33.0 UI/L, Gamma glutamil transpeptidasa (GGT) 63.0 UI/L, Bilirrubina total
0.40 mg/dL, Fosfatasa alcalina 123 UI/L, Troponina I 0.056 ng/mL, Sodi 138 mEq/L, Potasi 3.1 mEq/L
-	HEMATIMETRIA: Recompte de leucòcits 15.07 10^9/L, Concentració d´hemoglobina 122 g/L, Hematòcrit
0.390 L/L, VCM (Vol. corpusc. mitjana eritròcits) 90.9 fl, HCM (Hb corpusc. mitjana) 28.3 pg, Recompte plaquetes 654 10^9/L, Neutròfils abs. (analit.) 12.2 10^9/L, Limfòcits abs. (analit.) 2.1 10^9/L, Monòcits abs. (analit.) 0.5 10^9/L, Eosinòfils abs. (analit.) 0.1 10^9/L, Basòfils abs. (analit.) 0.0 10^9/L, LUC abs. (analit.) 0.2 10^9/L
- HEMOSTÀSIA GENERAL: Temps de protrombina 78.3%, Temps de protrombina, rati 1.11, Temps de tromboplastina parcial 22.9 seg, INR 1.14
* OTRAS ANALÍTICAS:
- PROTEÏNES: Prealbúmina sèrum 0.116 g/L, Transferrina 1.9 g/L, Capacitat total de lligar ferro 2.68 mg/L, Saturació de transferrina; sèrum 11.9
-  LÍPIDS:  Colesterol LDL  52  mg/dL,  Colesterol HDL  46  mg/dL,  Apolipoproteïna  A1  132  mg/dL, Apolipoproteïna B 79 mg/dL
- ESTUDIS D'HEMOGLOBINES: Hemoglobina glicada (NGPS/DCCT) 14.8%, Hemoglobina glicada (IFCC)
138.26 mmol/moL
- EIX TIROÏDAL: Tirotropina (TSH),sèrum 0.260 mUI/L, Tiroxina lliure (FT4),sèrum 1.38 ng/dL
Radiología / Radiologia
*	RADIOGRAFÍA DE TÓRAX (19.02.2017). Índice cardiotorácico <0.5. Calcificación aórtica. Senos costofrénicos libres. Infiltrado pulmonar en base derecha.
* TC CEREBRAL (19.02.2017):
TC CRANEAL BASAL: No hay signos de sangrado agudo intracraneal. No se observan desplazamientos valorables de la línea media. Cisternas de la base no colapsadas . Sistema ventricular de morfología y tamaño normales. Parénquima cerebral sin alteraciones densitométricas significativas.
TC PERFUSIÓN: Retraso difuso en el TTP predominantemente en la sustancia blanca, sin seguir un territorio vascular. No se observan alteraciones CBV ni del CBF.
ANGIO-TC  EXTRA  E  INTRACRANEAL:  Arco  aórtico  y  segmentos  proximales  de  troncos  supraórticos
peremables. Ateromatosis calcificada parietal aórtica sin estenosis significativas Origen, bifurcación y segmentos cervicales de la arteria carótida interna permeables, con focos de ateromatosis calcificadas de predominio izquierdo, sin estenosis significativas (derecha <15% e izquierda <40%). Segmentos intracavernoso y supraclinoideo de las arterias carótidas internas permeables, con focos de ateromatosis calcificada, sin estenosis significativas. Aterias vertebrales permeables con dominancia izquierda. Principales arterias cerebrales intracraneales permeables (ACAs, ACMs y ACPs). Sistema vertebrobasilar permeable.
	]]></text>
</Section>
<Section span_begin="9911" span_end="9971" id="SECCION_EXPLORACIONES_COMPLEMENTARIAS" type="INFORMACIÓN SOBRE PRUEBAS COMPLEMENTARIAS">
	<name><![CDATA[Exploraciones complementarias / Exploracions complementàries]]></name>
	<text><![CDATA[
* MICROBIOLOGÍA (19.02.2017):
1 S'aillen colònies de: Streptococcus pneumoniae. Cefotaxima S (0.125), Eritromicina S (<=0.25), Levofloxacina S (0.5), Penicilina I (0.25)
* INTERCONSULTA NEUROLOGÍA (20.02.2017):
1. CRISIS TONICO CLONICA GENERALIZADA 2. CRISIS HIPERTENSIVA 3. HIPERGLUCEMIA Nos avisan desde bparo para valorar paciente de 73 años, hipertensa, diabetica y con cardiopatía isquemica, sedada e intubada por crisis tonico-clonica. La paciente que presentaba mal estado general desde hace varios dias avisó SEM. A la llegada del personal sanitario TAS 220/110, presentó crisis tonico-clonica sin recuperarse del post critico (refieren GCS 3) por lo que porceden a IOT+VM y traen la paciente a urgencias. Se activa codigo ictus intramuro y se realiza TC multimodal que no muestra alteraciones en el TC basal, angio TC sin oclusiones y sin alteraciones en los mapas de perfusión. Se administra un bolus de levetiracetam. Analítica con hiperglucemia. Al retirar la sedación la paciente recupera el normal estado de consciencia. Se orienta como crisis tonico-clónica secundaria a crisis hipertensiva e hiperglucemia. Dado que la crisis es secundaria no se recomienda mantener el tratamiento antiepileptico.
	]]></text>
</Section>
<Section span_begin="11188" span_end="11208" id="SECCION_EVOLUCION" type="INFORMACIÓN SOBRE EVOLUCIÓN">
	<name><![CDATA[Evolución / Evolució]]></name>
	<text><![CDATA[
NOTA INGRESO (_NAME_)
1. CRISIS COMICIAL en contexto de EMERGENCIA HIPERTENSIVA. 2. SINDROME DIARREICO de 2 semanas de evolución. 3. BRONQUITIS AGUDA en paciente con NEUMOPATÍA CRÓNICA OBSTRUCTIVA.
Mujer de 73 años sin alergias medicamentosas conocidas. Exfumadora (había fumado 2-3 paq/dia desde los 36 años, DA 90 p-a). Vive con dos hijos. Deambula sola por casa pero no sale a la calle.
Como AP destacan HTA, DLP, DM2 (regular control), bronquitis crónica (probablemente EPOC, pero no PFR adecuadas realizadas), obesidad, sd ansioso-depresivo y Takostsubo con episodio de insuficiencia cardíaca en 2014 (en aquél ingreso FEVI 36%, ecocardiografía de control nunca realizada por mala adherencia al seguimiento
Las dos semanas previas a su consulta en urgencias había presentado malestar general, progresión de los síntomas respiratorios habituales con mayor tos y expectoración sin síndrome febril y diarreas sin productos patológicos en cuantía de 3-5 deposiciones líquido-pastosas diarias.
El día 19/2/2017 alerta al SEM por deterioro del estado general, mareo y dificultad respiratoria.
A la llegada del SEM, consciente, orientada, hipertensa 220/110 mmHg, hiperglicémica. DElante del SEM presenta disminución brusca del nivel de consciencia con rigidez seguido de movimientos tónico clónicos, de menos de un minuto de duración. Posteriormente Glasgow 3-4, por lo que avisan a la avanzada y se procede a IOT+VM, inducción con fentanilo, rocuronio, midazolam. En la monitorización presenta extrasístoles frecuentes y posible racha de TV, por lo que administran amiodarona. Sin otras incidencias en la monitorización (no ha repetido posteriormente).
En urgencias, hemodinámicamente estable, afebril. IOT+VM en VC con FiO2 100%, SaO2 100%. Auscultación con roncus de predominio derecho. Sin edemas ni signos de TVP. Se inicia sedoanalgesia con propofol y remifentanilo, requiere soporte con NA de forma secundaria, diuresis conservada.
Se realiza TC craneal urgente con angio y difusión por sospecha de accidente cerebrovascular, sin hallazgos patológicos. Valorada de forma conjunta con Neurología, se descarta ACV, considerando como crisis comicial, se administra keppra.
Analítica con función renal normal, K 3,1, PCR 10, hiperglicemia 572, discreta colestasis disociada, troponina I 0.056, leucocitosis 15070 con neutrofilia y trombocitosis, TP 78%. Sedimento con 5-10 leu/c, cetonas +. Gasometría en acidosis respiratoria con pH 7.296, PaCO2 66, PaO2 396 (FiO2 100%), bic 31. Rx tórax con ICT conservado, sin condensaciones, derrame in cardiomegalia.
ECG en ritmo sinusal  a 68 lpm, sin alteraciones de la repolarización, mala progresión de las R en precordiales (el primer ECG esta hecho a 20 mm/mV). Se realiza ecoescopia que muestra ligera hipertrofia de VI, sin otras alteraciones a destacar.
Durante su estancia en BPARO, se administra tratamiento broncodilatador y corticoides, pudiendo disminuir la FiO2 progresivamente, gasometrías de control con corrección de la acidosis respiratoria. Se aspiran secreciones purulentas. Corrección de glicemia con insulina.
Se realiza ventana de sedación, encontrándose la paciente sin focalidad y colaboradora, por lo que se procede a extubación sin incidencias a las 19:00h del 19/2/2017. SaO2 93% con FiO2 40%. Se mantiene estable (se retira NA al suspender la sedación), diuresis conservada. Consciente, orientada, lenguaje normofluente sin rasgos de afasia, PINR, moviliza las 4 extremidades, sin focalidad aparente.
OD) Crisis comicial en contexto de emergencia hipertensiva, en paciente con regular cumplimiento terapéutico. La paciente refiere 15 días de diarrea líquida sin dolor abdominal ni vómitos, con fiebre no termometrada. Además tos con movilización de secreciones que no logra expectorar y sensación disneica.
Durante su estancia en pur4 se mantiene estable con PA en torno a 130/70, eupneica con FiO2 40%. Sin incidencias en la monitorización. Glicemia 211.
Se inicia ATB por bronquitis aguda en paciente neumópata, tratamiento antiHTA vía ora, A las 16h de la extubación, en Helios, la paciente se encuentra con Glasgow 15, colaboradora, no disneica, precisa FiO2 35% para SatO2 92%. LA PA que estaba controlada vuelve a estar alta (PAS 130mmHg), pero sólo han dado enalapril.... añado amlodipino. Ingresa a cargo de MDI para manejo.
1.- CRISIS COMICIAL. EMERGENCIA HIPERTENSIVA.
Se orienta el cuadro como Crisis comicial en contexto de emergencia hipertensiva, en paciente con mal cumplimiento terapéutico. En la sala de medicina interna, la paciente persiste hipertensa (PAS de 150-180 mmHg) por lo que se ajusta pauta antihipertensiva. Consciente y orientada, sin presentar nuevas crisis comiciales.
2.- BRONQUITIS AGUDA. NEUMOPATÍA CRÓNICA OBSTRUCTIVA.
Se orienta como una bronquitis aguda en paciente con neumopatía crónica. Presenta disminución progresiva de los requerimientos de oxígeno, manteniéndose con Fi02 del 28% con Sat02 alrededor del 90%, con frecuencia respiratoria de 18 rpm y sin disnea. Auscultación pulmonar con hipofonesis generalizada, crepitantes húmedos en base derecha, sin roncus ni sibilancias.
Gasometría arterial basal de control muestra pH de 7.47, con pC02 del 49 mmHg y p02 de 48 mmHg. Bicarbonato de 35 mmol/L, sugiriendo que la paciente padece insuficienca respiratoria crónica y retiene C02. Refiere haber sido portadora de oxigenoterapia domiciliaria cróncica hace tiempo, que le retiró el médico de cabecera.
Cultivo de esputo positivo para S. pneumoniae. Se mantiene antibioticoterapia con levofloxacino y broncodilatadores. Deberá realizar oxigenoterapia domiciliaria por hipoxemia crónica.
3.- DIABETES MELLITUS TIPO 2.
Se orienta como una hiperglucemia simple en contexto de paciente con mal cumplimiento terapéutico. La paciente persiste HbA1% de 15. Valorado por endocrinología, se optimiza tratamiento insulínico con mejoría
de las glicemias.
5.- PROBLEMA SOCIAL
Paciente que vive  en domicilio con hijos pero con  poco soporte y dificultad para el  manejo de  la medicación. Ya había sido valorada por trabajo social de primaria. Se recontacta con trabajo social de primaria para gestionar problema social una vez en domicilio.
Dada la buena evolución, de decide alta a domicilio, explicando a la familiar y al acompañante la pauta de medicación a seguir.
Plan terapéutico / Pla terapèutic
- Amlodipino 10 mg. Vía oral. Dos veces al día: desayuno y cena. - Sertralina 50 mg. Vía oral. Una vez al día, en el desayuno. - Enalapril 10 mg. Vía oral. Dos veces al día: desayuno y cena. - Simvastatina 20 mg. Vía oral. Una vez al día, en la cena. - Metformina 850 mg. Vía oral. Dos veces al día: desayuno y cena. - Ideos unidia 1000 mg/880 ui. 1 UND. Vía oral. Cada 24 horas. - Trimetazidina 20. Vía oral. Desayuno, comida y cena. - Acido acetilsalicilico 100 mg. Vía oral. Una vez al día, en la comida.
INSULINA: Mixtard 30 innolet 100 ui/ml. Vía subcutánea. 36 UNIDADES AL DESAYUNO Y 16 UNIDADES A LA CENA.
INHALACIONES: - Seretide. 1 inhalación cada 12 horas. COLIRIO: Travatan. 1 gota cada 24 horas.
	]]></text>
</Section>
<Section span_begin="18241" span_end="18262" id="SECCION_RECOMENDACIONES" type="INFORMACIÓN SOBRE TRATAMIENTO">
	<name><![CDATA[Otras recomendaciones]]></name>
	<text><![CDATA[
 / Altres recomanacions
- Control por médico de cabecera. Acudir al CAP. - Paciente con gran problemática social. La paciente no es tributaria a centro de convalescencia por ser un problema crónico. Aún así, nos parece necesario evaluar ayudas en domicilio porque no tiene soporte social.
Firma/Signatura1: _NAME_	Firma/Signatura2: _NAME_ Categoría: Resident 1	Categoría: Consult. Senior
Nº Matrícula HCP: _ID_	Nº Matrícula HCP: _ID_ Fecha/Data Informe: 06.03.2017
Hora Informe: 15:26:09
Docum.: _ID_
Hist. Clínica: _ID_
El _SS_ ha incorporado sus datos al Fichero de Pacientes, para tratarlos con fines sanitarios.
Puede ejercer sus derechos de acceso, rectificación, cancelación y oposición, así como obtener mas información en la Unidad de Atención al Cliente.
Vers. 01
Pag. 2 de
6
	]]></text>
</Section>
<Section span_begin="19051" span_end="19057" id="SECCION_PROCESO_ACTUAL" type="INFORMACIÓN SOBRE LA HISTORIA ACTUAL">
	<name><![CDATA[Episod]]></name>
	<text><![CDATA[
.: _ID_
_SS_ ha incorporat les seves dades al Fitxer de Pacients, per a tractar-los amb finalitats sanitàries. Pot exercir els seus drets d'accés, rectificació, cancel·lació i oposició, i obtenir més informació a la Unitat d'Atenció al Client.
_SS_
_LOCATION_) _LOCATION_) Tel. _CONTACT_ Fax _CONTACT_
http://_CONTACT_/	]]></text>
</Section>
</ehr>