<?xml version='1.0' encoding='UTF-8'?>
<ehr id="345836492.utf8.txt">
<Section id="DEFAULT_HEADER" type="DEFAULT_HEADER" >
	<name>DEFAULT_HEADER</name>
	<text><![CDATA[
Informe d'Alta Hospitalària	Cognoms i nom:
_NAME_	NHC:
_ID_
	ABS:
_SS_	CIP:
_ID_	DNI:
_ID_
	Data de naixement:
_DATE_	Sexe:
Home	Edat:
92a	Telèfon:
_CONTACT_
	Finançament:
CatSalut - _LOCATION_	Procedència:
URGÈNCIES
	Admissió:
03.03.2017 - 15:05	Servei:
MEDICINA - GERIATRIA HOSP	Data entrada urg.:
02.03.2017 - 19:13
Adreça:
_LOCATION_	Població:
_LOCATION_	Codi Postal:
_LOCATION_
	]]></text>
</Section>
<Section span_begin="391" span_end="408" id="SECCION_MOTIVO_DE_INGRESO" type="MOTIVO DEL INGRESO">
	<name><![CDATA[MOTIVO DE INGRESO]]></name>
	<text><![CDATA[
-	Crisis comicial
-	Hipomagnesemia
-	GEA
	]]></text>
</Section>
<Section span_begin="452" span_end="464" id="SECCION_ANTECEDENTES" type="ANTECEDENTES">
	<name><![CDATA[ANTECEDENTES]]></name>
	<text><![CDATA[
-	No alergias.
-	No Hábitos tóxicos.
-	Hipertensión arterial
-	Dislipemia
-	Diabetes mellitus tipo 2 en tratamiento con ADO.
-	Portador de Marcapasos ( MCP VVIR SORIN ESPRIT SR ) por BAV 3er grado, en 2014
-	Litiasis renal.
-	Neo de próstata 2009 . Tratamiento quirurgico y Radioterapia. Visto en _SS_.
-	Dermatitis seborreica.
-	Gonartrosis.
-	Sd de ansiedad
-	Ingreso en diciembre de 2016 por Ictus isquémico en territorio de ACM I, tratamido con rtpa (NIHSS inicial de 6, con mejoría hasta NIHSS de 0). En el estudio etiológico no se encontró causa (no se realizó RM cerebral por ser portador de MCP).
Socio- funcional
-	Antes del ictus: Vive con esposa . Independiente para actividades de la vida diaria. Sale solo de casa, no precisa bastón. Higiene y alimentación autónoma. mRS 2 por alteración de la marcha por artrosis y leve incontinencia urinaria.
-	Después del ictus: su hija refiere dificultad para la deambulación, necesitando una muleta y ayuda de otra persona. Ayuda para transferencia, vestirse, ducharse. No sale a la calle. mRs=4.
	]]></text>
</Section>
<Section span_begin="1517" span_end="1536" id="SECCION_TRATAMIENTO_HABITUAL" type="INFORMACIÓN SOBRE TRATAMIENTO">
	<name><![CDATA[Medicación habitual]]></name>
	<text><![CDATA[
-	CASODEX 50MG  1 x 24 h.
-	ENALAPRIL 5MG  1 x 24 h.
-	LORAZEPAM 1MG  1 x 24 h.
-	METFORMINA  850MG  2 x 24 h
-	OMEPRAZOL 20MG  1 x 24 h.
-	OMNIC 0,4MG 1 x 24 h.
-	PARACETAMOL 1G  1 x 8 h.
-	ADIRO 300MG 1 x 24 h.
-	ATORVASTATINA 80MG 1 x 24 h9
-	FOLI-DOCE   1 x 24 h
	]]></text>
</Section>
<Section span_begin="1806" span_end="1830" id="SECCION_ANTECEDENTES_QUIRURGICOS" type="ANTECEDENTES">
	<name><![CDATA[Antecedentes quirúrgicps]]></name>
	<text><![CDATA[
-	19.01.2015 EXCISIO RADICAL DE LESIO CUTANIA; EXCISIO EXTENSA DE LESIO CUTANIA, AFECTANT ESTRUCTURES SUBJACENTS O ADJACENTS
-	04.08.2014 INSERCIO INICIAL DE DERIVACIO [ELECTRODE] TRANSVENOSAEN EL VENTRICLE
-	03.08.2014 CATETERITZACIO CARDIACA DRETA; CATETERITZACIO CARDIACA SAI
-	APENDICECTOMIA
-	EXTRACCIÓN DE LITIASIS RENAL DER.
-	FRACTURA DE OLECRANON
-	RTU PRÓSTATA
	]]></text>
</Section>
<Section span_begin="2204" span_end="2222" id="SECCION_PROCESO_ACTUAL" type="INFORMACIÓN SOBRE LA HISTORIA ACTUAL">
	<name><![CDATA[ENFERMEDAD  ACTUAL]]></name>
	<text><![CDATA[
-	Varón de 92 años con ingreso en Neurología en diciembre por ictus isquémico en territorio de ACM I de etiología indeterminada que es traído por el SEM como código ictus por cuadro de mutismo.
-	Su hija, que no estaba presente en el momento de inicio de la clínica (estaba la esposa del familiar, no presente en el momento actual), refiere que a las 18:30h del 2/3/17 comienza, tras emitir un sonido (que parece un pequeño grito) con mutismo y ausencia de respuestas a cualquier estímulo del medio. Niegan desviación de la comisura bucal o déficit motor claro. Niegan perdida de control de esfinteres. Niega cefealea u otra clínica prodrómica previa.
-	Su hija refiere que en las últimas 72 horas el paciente ha presentado cuadro de diarreas con más de 8 deposiciones diarias con MEG acompañante y negativa a la ingresta. NIega fiebre o productos patológicos en las heces.
-	A su llegada a urgencias a las 19:13h, se encontraba hemodinámicamente estable (TA: 124/82 FC:18 Sat 97% Glu:104)
-	A la exploración neurológica destaca ausencia de respuesta ante cualquier estímulo, no emite sonidos, apertura ocular espontánea, preferencia ocular hacia la derecha, no asimetria facial, moviliza espontáneamente las 4 extremidades, RCP flexor bilateral. NIHSS: 0.2.2.1.0/0(0.0)(0.0)/0.0.3.0.0=8
-	Se realiza TC craneal urgente que no muestra hemorragias ni isquemia aguda. Se desactiva código ictus a las 19:45 h
-	A la reexploración el paciente queda asintomático. Dado el inicio brusco con un sonido que simulaba un grito, su llegada con completa desconexión del entorno, un cuadro de afasia con preferencia ocular hacia la derecha, se orienta como probable crisis epiléptica como causa del evento epiléptico actual.
-	Se realiza analitica que muestra hipomagnesemia leve por lo que se inicia reposición. Además se impregna con levetiracetam.  Durante su estancia en urgencias permanece hemodinámicamente estable, afebril y eupneico al aire pero comienza con episodio confusional de desorientación.
Por este motivo se decide ingreso en sala de Medicina Interna para continuar manejo.
	]]></text>
</Section>
<Section span_begin="4308" span_end="4326" id="SECCION_EXPLORACION_FISICA" type="INFORMACIÓN SOBRE LA EXPLORACIÓN FÍSICA">
	<name><![CDATA[EXPLORACIÓN FÍSICA]]></name>
	<text><![CDATA[
Constantes
FC	TA	FR	Tº
69	160 /9 0	18	35,0
Global
-	Somnoliento pero reactivo a estímulos, desorientado en espacio y tiempo. REG por desorientación. Bien hidratado y perfundido. Normocoloreado.
-	Eupneico con saturación de 02 al aire
-	No ingurgitación yugular ni reflujo hepatoyugular
-	Auscultación cardíaca: ritmica, no ausculto soplos
-	Auscultación pulmonar: murmullo vesicular conservado, no ruidos sobreañadidos
-	Abdomen: peristaltismo presente, blando, depresible, no doloroso a la palpación profunda sin signos de irritación peritoneal. No palpo masas ni megalias. Puño percusión bilateral negativa.
-	Miembros inferiores: no edemas, no signos de iVC, pulsos pedios simétricos
-	Exploración neurológica: sin focalidad aguda en el momento actual. Moviliza las 4 extremidades. Habla ininteligible. Poca colaboración por parte del paciente
	]]></text>
</Section>
<Section span_begin="5176" span_end="5205" id="SECCION_EXPLORACIONES_COMPLEMENTARIAS" type="INFORMACIÓN SOBRE PRUEBAS COMPLEMENTARIAS">
	<name><![CDATA[EXPLORACIONES COMPLEMENTARIES]]></name>
	<text><![CDATA[
-	Analítica sanguínea a su llegada a urgencias: Sodi 142 mmol/L ( 136 - 145 ) Potassi 4,29 mmol/L ( 3,50 - 5,10 ) Calci 2,15 mmol/L ( 2,15 - 2,55 ) 8,60 mg/100mL  Magnesi 0,48 mmol/L ( 0,65 - 1,05 ) Fosfat 0,86
mmol/L ( 0,87 - 1,45 ) 2,66 mg/100mL Glucosa 5,8 mmol/L ( 3,0 - 6,0 ) 104,40 mg/100mL Urea 6,3 mmol/L
( 2,9 - 8,2 ) 38 mg/100mL Creatinina 106 µmol/L ( 0 - 106 )  1,20 mg/100mL Bilirubina total 9 µmol/L (< 17)
0,54 mg/100mL AST (GOT) 18 U/L ( 0 - 37 ) ALT (GPT) 12 U/L ( 0 - 41 )  Fosfatasa alcalina 114 U/L ( 40 -
130 ) GGT 13 U/L ( 0 - 54 ) Amilasa 56 U/L (< 100) Proteïna C reactiva 10,0 mg/L ( 0,0 - 5,0 ) Hemoglobina
119 g/L ( 130 - 170 ) Hematòcrit 0,37 L/L ( 0,40 - 0,50 ) Hematies 4,23 x10E12/L ( 4,50 - 5,70 ) VCM 87,5 fL
( 80,0 - 98,0 ) CCMH 322 g/L ( 320 - 360 ) HCM 28,1 pg ( 27,0 - 32,0 ) RDW 13,8 % ( 12,0 - 15,0 )
Plaquetes 188 x10E9/L ( 140 - 350 ) VPM 9,5 fL ( 7,0 - 10,5 ) Plaquetòcrit 0,20 %  Leucòcits 7,62 x10E9/L (
3,80 - 11,00 ) Neutròfils 59,3 %  Neutròfils absoluts 4,52 x10E9/L ( 1,80 - 7,00 ) Eosinòfils 1,2 %  Eosinòfils
absoluts 0,09 x10E9/L ( 0,05 - 0,50 ) Basòfils 0,7 %  Basòfils absoluts 0,05 x10E9/L ( 0,00 - 0,10 ) Monòcits
9,4 %  Monòcits absoluts 0,72 x10E9/L ( 0,30- 1,00 ) Limfòcits 29,4 %	Limfòcits absoluts 2,24 x10E9/L (
1,00 - 4,00 )  Temps de tromboplastina 0,90 RATIO ( 0,75 - 1,30 ) Temps de protrombina 1,11 INR ( 0,75 -
1,20 ) Temps de trombina 20,70 s ( 17,00 - 24,00)
-	Sedimento de orina y urocultivo x 2: negativo
-	Coprocultivo: negativo
-	ECG: ritmo de marcapasos de estimulación ventricular
-	Radiografía  de torax:  no se observan infiltrados  ni condensaciones  en parénquima pulmonar. Senos costofrénicos libres
-	TC craneal: Localización de la hemorragia: Extraxial (Subaracnoidea, Subdural, Epidural), ParenquimatosaOtras lesiones NO: Isquemia Aguda Visible SNO. Ingurgitacion parenquimatosa NOEfecto de masa sobre el sistema ventricular NODesviacion de la linea media supratentorial NODesviacion de la linea media infratentorial NOANGIO-TC (TSA E INTRACRANEAL):No se realiza por indicación clínica.mpresión diagnóstica global:No se observan signos de isquemia reciente o hiperdensidades vasculares que sugieran trombosis.
-	Estudio básico de anemia: Reticulòcits % 1,22 % ( 0,50 - 2,00 ) Reticulòcits absoluts 45,3 ( 20,0 - 100,0 ) Fracció de baixa intensitat 85,8 % ( 78,0 - 97,0 ) Fracció de mitja intensitat 10,8 % ( 3,0 - 18,0 ) Fracció d'alta intensitat 3,4 % ( 0,0 - 4,0 ) IRF 14,20 ( 3,00 - 22,00 ) RET-He 31,60 ( 29,80 - 37,70 ) Velocitat de sedimentació globular (VSG) 48 mm/hora ( 1 - 10 ) Morfologia eritrocitària Anisocitosi aïllada  Siderèmia 3,7
µmol/L ( 8,0 - 26,0 ) Capacitat total transport ferro 38,1 µmol/L ( 44,0 - 74,0 )Índex de saturació 10 % ( 15 - 45 ) Ferritina 85 µg/L ( 20 - 350 ) Receptor de la transferrina En Proceso Quocient receptor TF / log ferritina En Proceso Vitamina B12 157 pmol/L ( 150 - 650 ) Folat sèric >45,3 nmol/L ( 7,0 - 45,0 )
-	Hb glicosilada (HbA1c) 6,1 % ( 4,6 - 5,8 )
-	Analítica sanguínea previa al alta: Sodi 144 mmol/L ( 136 - 145 ) Potassi 3,96 mmol/L ( 3,50 - 5,10 ) Calci 2,10 mmol/L ( 2,15 - 2,55 ) 8,40 mg/100mL Magnesi 0,59 mmol/L ( 0,65 - 1,05 ) Fosfat 1,13 mmol/L ( 0,87 -
1,45 )  3,50 mg/100mL Glucosa 4,1 mmol/L ( 3,0 - 6,0 )  73,80 mg/100mL Urea 8,7 mmol/L ( 2,9 - 8,2 )  52
mg/100mL  Creatinina  137  µmol/L  (  0  -  106  )    1,55  mg/100mL    Filtrat  glomerular  estimat  38,33
mL/min/1.73m2  Triglicèrids 0,70 mmol/L (< 1.65)  61,95 mg/100mL  Colesterol 2,22 mmol/L (< 6.2)  85,91
mg/100mL  Proteïna total 53,0 g/L ( 64,0 - 83,0 ) Albúmina 33,2 g/L ( 34,0 - 48,0 ) Proteïna C reactiva 47,8
mg/L ( 0,0 - 5,0 ) Hemoglobina 104 g/L ( 130 - 170 ) Hematòcrit 0,32 L/L ( 0,40 - 0,50 ) Hematies 3,71
x10E12/L ( 4,50 - 5,70 ) VCM 86,5 fL ( 80,0 - 98,0 ) CCMH 324 g/L ( 320 - 360 ) HCM 28,0 pg ( 27,0 - 32,0
)RDW 14,4 % ( 12,0 - 15,0 )Plaquetes 188 x10E9/L ( 140 - 350 ) VPM 9,4 fL ( 7,0 - 10,5 ) Plaquetòcrit 0,20
% Leucòcits 7,83 x10E9/L ( 3,80 - 11,00 ) Fórmula leucocitària Neutròfils 57,3 % Neutròfils absoluts 4,48 x10E9/L ( 1,80 - 7,00 ) Temps de tromboplastina 0,85 RATIO ( 0,75 - 1,30 ) Temps de protrombina 1,11 INR ( 0,75 - 1,20 ) Temps de trombina 21,60 s ( 17,00 - 24,00 )
	]]></text>
</Section>
<Section span_begin="9428" span_end="9437" id="SECCION_EVOLUCION" type="INFORMACIÓN SOBRE EVOLUCIÓN">
	<name><![CDATA[EVOLUCIÓN]]></name>
	<text><![CDATA[
-	Hombre de 92 años que ingresa con los siguientes problemas:
Síndrome confusional
-	Durante su ingreso en sala de medicina interna, paciente presentó desorientación, agitación y confusión por que remitió con neurolépticos
Gastroenteritis aguda
-	Se realizó coprocultivo que fue negativo para gérmenes enteropatógenos
-	Cuadro de GEA autolimitada que no precisó de antibióticos.
Hipomagnesemia leve secundaria a GEA
-	Se inició reposición oral
Probable crisis comicial secundaria a hipomagnesemia y a lesión isquémica reciente (Dic 2016) en ACM izquierda
-	Se impregnó con levetiracetam y se corrigió la hipomagnesemia.
-	No volvió a presentar nuevas crisis comiciales durante su estancia en la sala
-
-	Paciente permanece hemodinámicamente estable, en buenas  condiciones generales. Se realiza IC a trabajop social para valoración, por lo que se decide su alta a domicilio habitual ya que ya se han iniciado trámites a nivel ambulatorio para acudir a centro sociosanitario.
	]]></text>
</Section>
<Section span_begin="10419" span_end="10433" id="SECCION_PROCEDIMIENTOS" type="PROCEDIMIENTO">
	<name><![CDATA[PROCEDIMIENTOS]]></name>
	<text><![CDATA[
-	Canalización de vía periférica
-	Analítica sanguínea
-	Sedimento urinario
-	Coprocultivo
-	ECG
-	Rx tórax
-	TC cerebral
	]]></text>
</Section>
<Section span_begin="10558" span_end="10570" id="SECCION_DIAGNOSTICO_PRINCIPAL" type="DIAGNÓSTICO">
	<name><![CDATA[DIAGNOSTICOS]]></name>
	<text><![CDATA[
-	Síndrome confusional agudo hiperactivo
-	Gastroenteritis aguda
-	Probable crisis comicial secundaria a hipomagnesemia y a lesión isquémica reciente
-	Hipomagnesemia secundaria a GEA
-	Anemia ferropénica
-	Hipertensión arterial
-	Dislipemia
-	Diabetes mellitus tipo 2
-	Portador de Marcapasos por BAV 3er grado
-	Litiasis renal
-	Neo de próstata en remisión completa
-	Dermatitis seborreica
-	Gonartrosis
-	Sd de ansiedad
-	Ictus isquémico en territorio de ACM izquierda
	]]></text>
</Section>
<Section span_begin="11045" span_end="11068" id="SECCION_RECOMENDACIONES" type="INFORMACIÓN SOBRE TRATAMIENTO">
	<name><![CDATA[RECOMENDACIONES AL ALTA]]></name>
	<text><![CDATA[
	]]></text>
</Section>
<Section span_begin="11069" span_end="11080" id="SECCION_TRATAMIENTO_HABITUAL" type="INFORMACIÓN SOBRE TRATAMIENTO">
	<name><![CDATA[TRATAMIENTO]]></name>
	<text><![CDATA[
Adiro (Ac acetilsalicilico - antiagregante 300 MG/dia 1-0-0
Atorvastatina 80 MG/dia 0-0-1
Enalapril 5 MG/dia 1-0-0
Lorazepam 1 MG/noche 0-0-1
Omeprazol 20 MG/dia 1-0-0
Omnic (Tamsulosina) 0,40 MG/dia 0-0-1
Metformina 850 mg/12h 1-0-1 Paracetamol 1g/8h si precisa Foli-doce 1 comp/dia
Casodex 50 mg/dia
Añadir a tratamiento habitual:
-	Levetiracetam 250 MG/12h 1-0-1
-	Fero-gradumet 1 comp/dia
-	Quetiapina 25 MG/noche si precisa
	]]></text>
</Section>
<Section span_begin="11515" span_end="11524" id="SECCION_CONTROL" type="INFORMACIÓN SOBRE TRATAMIENTO">
	<name><![CDATA[CONTROLES]]></name>
	<text><![CDATA[
Control por sus médicos habituales
Responsable clínic: Dra. _NAME_ (NºCol. _ID_)
Equip mèdic: Dra. _NAME_ (NºCol. _ID_), Dra. _NAME_ (NºCol. _ID_), Dra. _NAME_ (NºCol. _ID_), _NAME_ (NºCol. _ID_)
Servei que ha donat d'alta:
MEDICINA INTERNA HOSP	Data d'alta:
08.03.2017	Nom del metge que informa de l'alta:
Dra. _NAME_ (NºCol. _ID_)
Barcelona, 08.03.2017
Pàg. 1 de   6	]]></text>
</Section>
</ehr>