<?xml version='1.0' encoding='UTF-8'?>
<ehr id="346309858.utf8.txt">
<Section id="DEFAULT_HEADER" type="DEFAULT_HEADER" >
	<name>DEFAULT_HEADER</name>
	<text><![CDATA[
_LOCATION_
Telèfon: _CONTACT_
Nº Història Clínica: _ID_
Cognoms, Nom: _NAME_
NºEpisodi: _ID_
CIP: _ID_
Sexe: Dona
Data de Naixement: _DATE_   Edat: 75 anys
NIF/DNI: _ID_Informe d'alta d'hospitalització
CP	_LOCATION_
ABS	_SS_
Servei	NEUROLOGIA
Data d'alta  09.03.2017	12:02:33
_LOCATION_
_CONTACT_; _CONTACT_
ATEN.PRIMÀRIA 04.03.2017
_NAME_
Adreça
Telèfon Procedència Data d'ingrés Atès per
	]]></text>
</Section>
<Section span_begin="393" span_end="407" id="SECCION_MOTIVO_DE_INGRESO" type="MOTIVO DEL INGRESO">
	<name><![CDATA[MOTIU D'INGRÉS]]></name>
	<text><![CDATA[
disfasia
	]]></text>
</Section>
<Section span_begin="418" span_end="429" id="SECCION_ANTECEDENTES" type="ANTECEDENTES">
	<name><![CDATA[ANTECEDENTS]]></name>
	<text><![CDATA[
Alergia al contraste yodado EPOC
Dislipemia DM2
HTA
Independiente para ABVD
	]]></text>
</Section>
<Section span_begin="507" span_end="525" id="SECCION_TRATAMIENTO_HABITUAL" type="INFORMACIÓN SOBRE TRATAMIENTO">
	<name><![CDATA[MEDICACIÓ HABITUAL]]></name>
	<text><![CDATA[
DIANBEN 850MG 50 COMPRIMIDOS RECUBIERTOS PELICULA  METFORMINA, CLORHIDRAT DE  1 x 12 h.
Indefinida  1 25  RE-132
EFFERALGAN 1G 40 COMPRIMIDOS EFERVESCENTES PARACETAMOL 1 x 12 h. Indefinida  1  20  RE-132 SIMVASTATINA SANDOZ 40MG 28 COMPRIMIDOS RECUBIERTOS PELICULA EFG SIMVASTATINA 1 x 24 h.
Indefinida  1 28  RE-132
TRESIBA 100U/ML 5 PLUMAS PRECARGADAS DE 3ML SOLUCION INYECTABLE  INSULINA DEGLUDEC  22
x 24 h. Indefinida  1  68  RE-188
TROMALYT 150MG 28 CAPSULAS  ACID ACETILSALICILIC (ANTIAGREG)  1 x 24 h.  Indefinida  1 28  RE-132 ULCOTENAL 40MG 28 COMPRIMIDOSGASTRORRESISTENTES  PANTOPRAZOL SÒDIC  1 x 12 h.  Indefinida 1 14  RE-188
VALS 160MG 28 COMPRIMIDOS RECUBIERTOS CON PELICULA  VALSARTAN  1 x 12 h.  Indefinida  1  14 RE-47
XERISTAR 60MG 28 CAPSULAS DURAS GASTRORRESISTENTES  DULOXETINA  1 x 24 h.  Indefinida  1  28 RE-329
FOSTER   200/6MCG/PULS  1  INHALADOR  120  PULS  SOLUC  INHAL  ENV  PRES	FORMOTEROL   + BECLOMETASONA 1 x 12 h. 60 dies 1  60  RE-24
NOVORAPID FLEXPEN 100U/ML 5 PLUMAS PRECARGADAS 3ML SOLUCION INYECT
	]]></text>
</Section>
<Section span_begin="1565" span_end="1578" id="SECCION_PROCESO_ACTUAL" type="INFORMACIÓN SOBRE LA HISTORIA ACTUAL">
	<name><![CDATA[PROCÉS ACTUAL]]></name>
	<text><![CDATA[
Mujer de 75 años que es traida por el SEM por código ictus. Refiere que esta mañana, sobre las 9.00h, después de ducharse, inicia cuadro de mareo y cefalea (según la paciente) y según la familia refiere presenta disfasia y algunos movimientos descoordinados (peinarse con el peine al reves, no reconocer a su hijo, cambiarle el nombre...)
Su hijo refiere que en los úlitmos 3 meses ha sufrido 2 episodios transitorios de alteración del lenguaje. El actual podría ser el 3º.
Informe d'alta d'hospitalització
	]]></text>
</Section>
<Section span_begin="2090" span_end="2107" id="SECCION_EXPLORACION_FISICA" type="INFORMACIÓN SOBRE LA EXPLORACIÓN FÍSICA">
	<name><![CDATA[EXPLORACIÓ FÍSICA]]></name>
	<text><![CDATA[
Consciente y orientada. Normohidratada y normocoloreada AC: tonso ritmicos, soplo sistólico
AR: mvc
Pupilas  isocóricas  y  normorreactivas,  no  nistagmus.  PPCC  normales,  fuerza  y  sensibilida  conservadas,  no claudicación de extremidades. Disfasia
Exploración NRL inicial: buen nivel de conciencia. No focalidad de  PC, ni de  vias largas. Disfasia  leve de predominio sensitivo: obedece algunas ordenes sencillas, es capaz de nominar, pero con baja fluencia cuando hace una frase. NIH 2 (1b-1 y 1)
	]]></text>
</Section>
<Section span_begin="2617" span_end="2642" id="SECCION_EXPLORACIONES_COMPLEMENTARIAS" type="INFORMACIÓN SOBRE PRUEBAS COMPLEMENTARIAS">
	<name><![CDATA[EXPLORACIÓ COMPLEMENTÀRIA]]></name>
	<text><![CDATA[
ECG: rs a 75lpm
Analítica URG: glicemia 266, resto sin alteraciones. TAC craneal URG:
TC cranial sense contrast (04.03.2017 /13:23:57) TÉCNICA.:
Se realiza estudio axial craneal en cortes paralelos a la línea orbitomeatal. INFORME:
Estructuras de la línea media centradas. No se observan lesiones focales.
Sistema ventricular de morfología y tamaño normal, simétrico.
Surcos corticales, cisternas peritronculares y de la base craneal sin alteraciones. CONCLUSION:
Exploración sin hallazgos significativos
A/S PLANTA: Destaca
Glucosa serum * 188 mg/dL 76 - 110
Urea serum 45 mg/dL 10 - 50
Creatinina serum 0.84 mg/dL 0.50 - 1.10
Filtrat glomerular estimat MDRD >60.00 mL/min/1.73m2 Colesterol serum * 234 mg/dL 150 - 220
HDL colesterol serum 70.0 mg/dL 45.0 - 85.0
LDL colesterol serum (Friedewald) 130.2 mg/dL 65.0 - 160.0
Trigliceridserum 169 mg/dL 50 - 200
PCR sèrum * 7.9 mg/L 0.0 - 6.0
Cobalamina 167 pmol/L
Folat Sèric 22.68 nmol/L 7 - 45.1
TSH sèrum 1.2 mU/L 0.38 - 5.33
T4 lliure sèrum 10.5 pmol/L 7.0 - 16.0
Leucòcits 6.84 x10x9/L 4.80 - 10.80
Informe d'alta d'hospitalització
Hemoglobina 12.0 gr/dl 12.0 - 16.0
Plaquetes 409 x10x9/L. 140 - 450
V.S.G 62 mm 0 - 20 *
HbA1c (NGSP/DCCT) * 8.9 % 4.6 - 5.8
EEG: Trazado de base algo lenta sin otras anomalías valorables como patológicas en la actualidad. Telemetria ECG: sense evidència arrítmies potencialment embolígenes
DUPLEX TSA-TC:
Se realiza estudio neurosonológico que contempla:
1.	Dúplex de TSA: Se evidencias datos sugerentes de ateromatosis con la presencia de placas eminenentemente hiperecogéncias en ambos ejes carotídeos que generan una estenosis del 50-70% a nivel distal de la arteria carótida interna derecha. Eje carotideo derecho: VPS ACC 54.9 cm/s, ACI proximal 96.3 cm/s y distal 129.7 cm/s (ratio 2.36). ACE 92 cm/s. Eje carotídeo izquierdo: VPS ACC 60.9 cm/s, ACI 88.8 cm/s, ACE
89.8 cm/s.
Ambas arterias vertebrales siguen un curso en dirección cefálico en su trayecto extracraneal.
2.	Dúplex TC: No se identifica una ventana transtemporal izquierda, subooccipital que permite su valoración. A través de la ventana transtemporal derecha no se identifican estenosis a nivel de ACM ni de ACP derechas.
RMN CRANIAL-ANGIO RM POLIGON WILLIS:
No se aprecian alteraciones vasculares significativas en las secuencias de angio-RM sobre el polígono de Willis.
Focos de restos hemáticos/microsangrado, en sustancia blanca supratentorial bilateral y hemisferio cerebeloso derecho, posible angiopatia amiloide.
	]]></text>
</Section>
<Section span_begin="5130" span_end="5146" id="SECCION_EVOLUCION" type="INFORMACIÓN SOBRE EVOLUCIÓN">
	<name><![CDATA[EVOLUCIÓ CLÍNICA]]></name>
	<text><![CDATA[
S'orienta inicialment com a ictus regressiu (PACI) i ingressa a la U Ictus, on recupera el trastorn del llenguatge en 24h persistint una sensació subjectiva de disminució de la fluencia verbal. L'estudi diagnòstic no ha demsotrat lesions isquèmiques cerebrals agudes i sí signes de probable dangiopatia amiloide cerebral ( microsagnats cerebrals de predomini cortical) pel que s'orienta finalment com a probables crisis epilèptiques parcials complexes secundaries a probable AAC, i s'inicia tractament antiepilèptic oral amb bona tolerancia.
	]]></text>
</Section>
<Section span_begin="5690" span_end="5701" id="SECCION_DIAGNOSTICO_PRINCIPAL" type="DIAGNÓSTICO">
	<name><![CDATA[DIAGNÒSTICS]]></name>
	<text><![CDATA[
Crisis epilèptiques parcials complexes secundaries a probable angiopatia amiloide cerebral
	]]></text>
</Section>
<Section span_begin="5794" span_end="5806" id="SECCION_PROCEDIMIENTOS" type="PROCEDIMIENTO">
	<name><![CDATA[PROCEDIMENTS]]></name>
	<text><![CDATA[
89.08 Altra consulta
88.91 Imatge per ressonància magnètica de cervell i tronc cerebral
Informe d'alta d'hospitalització
	]]></text>
</Section>
<Section span_begin="5932" span_end="5967" id="SECCION_TRATAMIENTO_AL_ALTA" type="INFORMACIÓN SOBRE TRATAMIENTO">
	<name><![CDATA[TRACTAMENT I RECOMANACIONS A L'ALTA]]></name>
	<text><![CDATA[
KEPPRA 500 MG/12H, ORAL
MEDICACIÓ DOMICILIARIA HABITUAL SENSE CANVIS
	]]></text>
</Section>
<Section span_begin="6038" span_end="6045" id="SECCION_CONTROL" type="INFORMACIÓN SOBRE TRATAMIENTO">
	<name><![CDATA[CONTROL]]></name>
	<text><![CDATA[
CCEE NEUROLOGIA
DESTINACIÓ A L'ALTA:	A DOMICILI
Validat per: _NAME_	Col·legiat: _ID_
09.03.2017
Pàgina 1 de 4	]]></text>
</Section>
</ehr>