<?xml version='1.0' encoding='UTF-8'?>
<ehr id="348488237.utf8.txt">
<Section id="DEFAULT_HEADER" type="DEFAULT_HEADER" >
	<name>DEFAULT_HEADER</name>
	<text><![CDATA[
SERVEI DE CIRURGIA VASCULAR
INFORME DE ALTANº Historia clínica	_ID_
Fecha de nacimiento
_DATE_
C.I.P.	_ID_	Código Centro	_ID_
Teléfono	_CONTACT_	Dirección	_LOCATION_
Fecha ingreso	07/03/17		_LOCATION_
Fecha de alta	14/03/17	Teléfono	_CONTACT_
Nº Asistencia	_ID_		
UH	_ID_		
	]]></text>
</Section>
<Section span_begin="276" span_end="288" id="SECCION_DIAGNOSTICO_PRINCIPAL" type="DIAGNÓSTICO">
	<name><![CDATA[DIAGNÓSTICOS]]></name>
	<text><![CDATA[
:
1.	ICTUS ISQUEMICO EN TERRITORIO DE ACM IZQUIERDA (PACI) ETIOLOGÍA ATEROTROMBÓTICA
1.1.	ESTENOSIS SEVERA DE CARÓTIDA INTERNA IZQUIERDA. 2.- HIPERTENSIÓN ARTERIAL MAL CONTROLADA.
3.- DIABETES MELLITUS TIPO 2
4.- DISLIPEMIA
5.- IRA RESUELTA.
	]]></text>
</Section>
<Section span_begin="531" span_end="545" id="SECCION_PROCEDIMIENTOS" type="PROCEDIMIENTO">
	<name><![CDATA[PROCEDIMIENTOS]]></name>
	<text><![CDATA[
:
07/03/07 - TEA DE CARÓTIDA INTERNA IZQUIERDA CON PARCHE DE SAFENA INTERNA.
	]]></text>
</Section>
<Section span_begin="623" span_end="638" id="SECCION_MOTIVO_DE_INGRESO" type="MOTIVO DEL INGRESO">
	<name><![CDATA[MOTIVO CONSULTA]]></name>
	<text><![CDATA[
:
Ictus PACI en territorio de ACM izquierda.
	]]></text>
</Section>
<Section span_begin="684" span_end="696" id="SECCION_ANTECEDENTES" type="ANTECEDENTES">
	<name><![CDATA[ANTECEDENTES]]></name>
	<text><![CDATA[
:
SF Parcialmente dependiente ABVD. Deambula con bastón. Alergia a la penicilina.
No hábitos tóxicos.
ANTECEDENTES MÉDICOS:
1.- HIPERTENSIÓN ARTERIAL. Antecedentes de microaneurismas oculares y crisis hipertensivas. En tratamiento médico.
2.- DIABETES MELLITUS TIPO 2: en tratamiento con ADOs orales. 3.- DISLIPEMIA: en tratamiento con estatinas.
4.- ICTUS ISQUÉMICO EN TERRITORIO DE ACM IZQUIERA (PACI) de etiología aterotrombótica. Tratada con fibrinolisis ev. NIHSS 5: Afasia motora con comprensión preservada, asimetria facial y afectación leve motora EID.
5.- COLESTASIS DISOCIADA DE LARGA EVOLUCIÓN. Biopsia hepática compatible con hepatitis crónica con fibrosis focalmente severa. Serologias hepáticas negativas.
6.- Síndrome depresivo en tratamiento con DZP y Lyrica 75mg. En 2009 ingresó por intento autolítico.
	]]></text>
</Section>
<Section span_begin="1519" span_end="1538" id="SECCION_TRATAMIENTO_HABITUAL" type="INFORMACIÓN SOBRE TRATAMIENTO">
	<name><![CDATA[MEDICACIÓN HABITUAL]]></name>
	<text><![CDATA[
:
-	Adiro 100 mg, 1 cada 24 horas
-	Atorvatatina 80 mg, 1 cada 24 horas
-	Pregabalina 75 mg, 1 cada 24 horas
-	Metformina 850 mg, 1 cada 8 horas
-	Mirtazapina 30 mg, 1 cada 24 horas
-	Omeprazol 20 mg, 1 cada 24 horas
-	Valsartan/hidroclorotizaida 160/12`5 mg c/24 h
-	Clopidogrel 75 mg, 1 cada 24 horas
	]]></text>
</Section>
<Section span_begin="1842" span_end="1859" id="SECCION_PROCESO_ACTUAL" type="INFORMACIÓN SOBRE LA HISTORIA ACTUAL">
	<name><![CDATA[ENFERMEDAD ACTUAL]]></name>
	<text><![CDATA[
:
Mujer de 80 años que acude a urgencias el pasado 21/2 por alteración súbita del lenguaje, siendo diagnosticada de ictus isquémico de arteria cerebral media izquierda de etiología aterotrombótica, realizándose fibrinolisis. Se realiza eco-doppler de TSA y antioTC que objetivan estenosis > 50 % de arteria carótida interna izquierda.
Nombre	_NAME_
Nº Historia clínica	_ID_	Nº Asistencia	_ID_
C.I.P.	_ID_		
Fecha ingreso	07/03/17	UH	_ID_
Fecha de alta	14/03/17		
Se presenta el caso en sesión clínica y se considera tributaria de tratamiento mediante intervención quirúrgica.
La valoración preanestésica no contraindica la cirugía: ASA III.
	]]></text>
</Section>
<Section span_begin="2505" span_end="2523" id="SECCION_EXPLORACION_FISICA" type="INFORMACIÓN SOBRE LA EXPLORACIÓN FÍSICA">
	<name><![CDATA[EXPLORACIÓN FÍSICA]]></name>
	<text><![CDATA[
:
Pulsos 2-2-2-2 en ambas EEII. No varices, no masas pulsátiles.
	]]></text>
</Section>
<Section span_begin="2589" span_end="2618" id="SECCION_EXPLORACIONES_COMPLEMENTARIAS" type="INFORMACIÓN SOBRE PRUEBAS COMPLEMENTARIAS">
	<name><![CDATA[EXPLORACIONES COMPLEMENTARIAS]]></name>
	<text><![CDATA[
:
-	ECO TSA CII: Placa heterogénea e irregular en bulbo e inicio de CI y CE. Curva tipus D (50-69%) en CII. Arterias vertebrales y subclavies normales.
-	ANGIOTC 21/2/17: Placas de ateromatosis parcialmente calcificadas en bulbos y sifones carotídeos. Estenosis significativa en bulbo carotídeo izquierdo que alcanza el 70% de la luz.
	]]></text>
</Section>
<Section span_begin="2954" span_end="2963" id="SECCION_EVOLUCION" type="INFORMACIÓN SOBRE EVOLUCIÓN">
	<name><![CDATA[EVOLUCIÓN]]></name>
	<text><![CDATA[
:
INTERVENCIÓN QUIRÚRGICA (7/3/17) Bajo anestesia general se realiza endarterectomía carotídea izquierda + plastia con safena interna derecha.
A su salida de quirófano presentó cuadro puntual de afasia sensitiva que remitió espontáneamente en
<1h. Posteriormente presenta afasia motora ya conocida previamente sin cambios, y obedece órdenes sencillas sin dificultad. Moviliza las 4 extremidades. No presenta focalidad neurológica.
Durante su estancia en la Unidad de Reanimación se mantuvo estable hemodinámicamente (TA 120/60 mmHg) sin necesidad de drogas vasoactivas. FC 90 lpm en ritmo sinusal. Láctico normal. Primera determinación de troponina T: <14 y curva plana posterior que se solicita en contexto de ECG con descenso del ST en DI y avL que no estaba en ECG previos. Analíticamente con Hb 11.6 g/dl y empeoramiento de la función renal en paciente con riñón lábil (Urea 62mg/dl, Creat 1.31mg/dl, FG 38ml/min), Ionograma en orina no compatible con hipovolemia (Na: 68), aunque la fracción de excreción de urea sí es compatible con fallo renal pre-renal por lo que se expande volumen presentando buena respuesta, pudiendo ser trasladada a la Unidad de Hospitalización convencional para continuar seguimiento.
EVOLUCIÓN EN UNIDAD DE HOSPITALIZACIÓN:
La paciente se mantiene hemodinámicamente estable y afebril en todo momento.
Presenta correcta evolución de las heridas quirúrgicas, sin complicaciones derivadas de la técnica.
Presenta episodios de desorientación y en ocasiones mutismo, por lo que se consulta a neurología, que refiere que no se objetivan cambios respecto a exploraciones neurológicas previas, en paciente que ya presentaba fluctuaciones durante el ingreso previo en plantar de neurología y sin nuevas focalidades, por lo que se considera estable clínicamente y no tributaria de estudios complementarios.
Dada la correcta evolución tras la intervención, se decide alta a domicilio. ÍNDEX BARTHEL ALTA : 69.
	]]></text>
</Section>
<Section span_begin="4900" span_end="4911" id="SECCION_TRATAMIENTO_HABITUAL" type="INFORMACIÓN SOBRE TRATAMIENTO">
	<name><![CDATA[TRATAMIENTO]]></name>
	<text><![CDATA[
:
Cambios en la medicación habitual:
- Amlodipino 10mg por la noche
Se añado carvedilol 12`5 mg cada 24 h, por la noche. Resto de medicación sin cambios.
	]]></text>
</Section>
<Section span_begin="5066" span_end="5078" id="SECCION_RECOMENDACIONES" type="INFORMACIÓN SOBRE TRATAMIENTO">
	<name><![CDATA[INDICACIONES]]></name>
	<text><![CDATA[
:
-	Visita en Consultas Externas de Cirugía Vascular con la Dra _NAME_ el próximo 23/3 a las 11:10.
-	Recomendamos control en domicilio de la presión arterial (automedida de la presión arterial, AMPA) con aparato. Entrego hoja informativa. Dieta sin sal. Control por médico de cabecera.
Dr/a.	_NAME_	Dr/a.	_NAME_
_NAME_
Dr/a.	_NAME_
Metge/essa Adjunt
(Nº Colegiado _ID_Metge/essa _NAME_
(Nº Colegiado _ID_Metge/essa _NAME_
(Nº Colegiado _ID_
Les seves dades personals s'incorporen en un fitxer d´usuaris a fi del seu tractament sanitari. Pot exercir el seu dret d´oposició, accés i rectificació de les dades inexactes dirigint-se al Servei de Documentació Clínica.
Sus datos personales se incorporan en un fichero de usuarios para su tratamiento sanitario. Puede ejercer su derecho de oposición, acceso y rectificación de los datos inexactos dirigiéndose al Servicio de Documentación Clínica
_SS_ | NIF _ID_ |_LOCATION_ | Telèfon _CONTACT_ | Fax _CONTACT_ | _CONTACT_
Pàgina 1 de 3	]]></text>
</Section>
</ehr>