<?xml version='1.0' encoding='UTF-8'?>
<ehr id="349413001.utf8.txt">
<Section id="DEFAULT_HEADER" type="DEFAULT_HEADER" >
	<name>DEFAULT_HEADER</name>
	<text><![CDATA[
_LOCATION_
email: _CONTACT_ Telèfon _CONTACT_
Nº Història Clínica: _ID_
Cognoms, Nom: _NAME_
NºEpisodi: _ID_
CIP: _ID_
Sexe: Home
Data de Naixement: _DATE_   Edat: 86 Anys
NIF/DNI: _ID_Equipo Dr _NAME_ (Dr _NAME_, Dra _NAME_, Dr _NAME_)
Informe de Trasllat a Sociosanitari
16:00:00
16.03.2017
_LOCATION_
_SS_ NEUROLOGIA
_LOCATION_
ABS
Servei Data d'alta
_LOCATION_
_CONTACT_
DOMICIL/RES.SOC 08.03.2017
Adreça
Telèfon Procedència Data d'ingrés Atès per
	]]></text>
</Section>
<Section span_begin="455" span_end="469" id="SECCION_MOTIVO_DE_INGRESO" type="MOTIVO DEL INGRESO">
	<name><![CDATA[MOTIU D'INGRÉS]]></name>
	<text><![CDATA[
Hombre de 86 años que ingresa por ictus isquémico de ACM derecha.
	]]></text>
</Section>
<Section span_begin="537" span_end="548" id="SECCION_ANTECEDENTES" type="ANTECEDENTES">
	<name><![CDATA[ANTECEDENTS]]></name>
	<text><![CDATA[
Sin alergias medicamentosas concidas Sin hábitos tóxicos
-Hipertensión arterial esencial en tratamiento farmacológico. Buenos controles habituales con cifras en torno a 120/80mmHg. Desconoce afectación de órganos diana. Control por su médico de cabecera.
-Dislipemia en tratamiento farmacológico controlado porsu médico de cabecera.
-Diabetes mellitus tipo 2 en tratamiento con metformina. Última HbA1c 5,9% en mayo de 2015. Presenta insuficiencia renal y microalbuminuria, Desconoce afectación de otros órganos diana. Control y seguimimento por su médico de cabecera.
-Fibrilación auricular permanente en tratamiento frenador con diltiazem y digoxina y anticoagulación con eliquis.
-Hiperplasia benigna de próstata en tratamiento farmacológico, realizó seguimiento por urología hasta 2012.
-Hiperuricemia asintomática en tratamiento con alopurinol.
-Enfermedad renal crónica de causa no estudiada, última creatinina en julio de 2016 2.04mg/dL (previas en torno a 1.1mg/dL).
-Refiere alteración de la marcha en forma de bloqueos, pendiente de estudio ambulatorio por neurología.
-Consultó a urgencias en agosto de 2016 por disminución del nivel de conciencia evidenciándose bradicardia que se atribuyó a tratamiento frenador por lo que se suspendió digoxina.. Probable deterioro funcional progresivo con cuadros de somnolencia y desorientación por los que ha sido visitado en Neurología de zona encontrándose como hallazgo incidental infarto en territorio de ACP izquierda por  lo  que estaba pendiente de completar estudio mediante ecografía-Doppler de manera ambulatoria.
Situación socio-funcional: vive con su mujer. Parcialmente dependiente para las actividades de la vida diaria. Acude una asistenta a casa durante más de medio día, dicho cuidador está desde hace un mes. mRS 4.
	]]></text>
</Section>
<Section span_begin="2336" span_end="2354" id="SECCION_TRATAMIENTO_HABITUAL" type="INFORMACIÓN SOBRE TRATAMIENTO">
	<name><![CDATA[MEDICACIÓ HABITUAL]]></name>
	<text><![CDATA[
Eliquis (apixaban) 2.5 mg cada 12 horas, Alopurinol 300mg/24h, amlodipino 10mg/24h, digoxina 0.125mg/24h, diltiazem 90mg/24h, duodart 0.5/0.4mg/24h, enalapril 10mg/24h, hidrosaluretil 50mg/24h, lyrica 75 mg/24h, metformina 850mg/24h, omprazol 20mg/24h, paracetamol 1g/8h, simvastatina 40mg/24h, eliquis 2,5 mg c/12 h vo.
	]]></text>
</Section>
<Section span_begin="2677" span_end="2690" id="SECCION_PROCESO_ACTUAL" type="INFORMACIÓN SOBRE LA HISTORIA ACTUAL">
	<name><![CDATA[PROCÉS ACTUAL]]></name>
	<text><![CDATA[
Estando en su estado basal, sobre las 17.15h del día 07.03 presenta cuadro de trastorno dle habla y hemiplegia izquierda. Se activa código ictus extrahospitalario. Hora de llegada y valoración 19.46h.
	]]></text>
</Section>
<Section span_begin="2893" span_end="2910" id="SECCION_EXPLORACION_FISICA" type="INFORMACIÓN SOBRE LA EXPLORACIÓN FÍSICA">
	<name><![CDATA[EXPLORACIÓ FÍSICA]]></name>
	<text><![CDATA[
Informe de Trasllat a Sociosanitari
EXP: FÍSICA A URG: PAS176 , PAD 87  // Glucosa en sèrum2001-Glucosa-Sèrum: 135 mg/dL, 09.03.2017
Vigil. DOC a la D (2). HHI por amenaza (2). Disartria ininteligible (2). LOC Q 0/2 (2). LOC C 2/2. Hemiplejia izquierda (2+4+4). Hemianestesia I (2). Anosognosia (1). NIHSS: 21.
	]]></text>
</Section>
<Section span_begin="3227" span_end="3257" id="SECCION_EXPLORACION_FISICA_DURANTE_HOSPITALIZACION" type="INFORMACIÓN SOBRE LA EXPLORACIÓN FÍSICA">
	<name><![CDATA[Exploración en Unidad de ictus]]></name>
	<text><![CDATA[
:
160/86, afebril.
Alerta, desorientado en espacio y tiempo. Preferencia cefálica hacia la derecha (1), disartria leve (1). Nomina, repite y comprende órdenes. No alteraciones campimétricas por amenaza.  Asimetría facial derecha (1). No alteraciones sensitivas. Motor: MSI 3/5 (2), MII 4/5 (1). NIHSS 6
Exploración en planta de Neurología
Auscultación cardiaca con tonos arrítmicos sin soplos, no presenta signos de insuficienciacardiaca. Auscultación pulmonar sin hallazgos.
Neurológicamente vigil, atento, sin alteraciones del lenguaje, disartria inteligible (1), campimetría por confrontación conservada, paresia facial supranuclear izquierda (2), resto de PPCC conservados. Balance motor con hemiparesia 4/5 braquiocrural izquierdas (2). Sensitivo conservado. NIHSS: 5
	]]></text>
</Section>
<Section span_begin="4031" span_end="4056" id="SECCION_EXPLORACIONES_COMPLEMENTARIAS" type="INFORMACIÓN SOBRE PRUEBAS COMPLEMENTARIAS">
	<name><![CDATA[EXPLORACIÓ COMPLEMENTÀRIA]]></name>
	<text><![CDATA[
-AG: Hb 14.1g/dL, Hto 44.1%, VCM 96.3fL, HCM 30.8fL, ADE 14.1%, eritroblastos 0, leucocitos 9680 (N 800, L 1100, M 500), plaquetas 171000, INR 1.09, TTPA 30.5s, fibrinógeno 4.27g/L, glucosa 180mg/dL, urea 80mg/dL, creatinina 1.83mg/dL, FG 33, Na 132.1 mmol/L, K 4.73 mmol/L, Ca 9.3mg/dL, GOT 12 UI/L, GPT 12 UI/L, proteína 6.5g/dL.
-ECG: ritmo sinusal sobre 80 lpm, presencia de algiuna extrasístole auricular aislada, sin otras alteraciones.
-TC craneal multimodal: Estudio urgente que no evidencia signosde infarto agudo en el TC sin contraste. Marcada ateromatosis / trombo mural del arco distal- istmo aórtico. Estenosis suboclusiva de la ACI derecha ostial, con permeabilidad del lecho distal aunque con menor atenuación de contraste. Arteria vertebral derecha filiforme con lesión ostial subolcusiva y defecto de repleción en segmento V4 en la primera fase del estudio con repleción en las fases tardías probablmente a través de colaterales. Hipoperfusión difusa del territorio de la cerebral anterior y mediaderechas.
-Rx tórax: índice cardiotorácico no valorable por decúbito. Senos costofrénicos libres, no imágenes de condensación
-	Ecografía Doppler-dúplex color de arterias carótidas, vertebrales y transcraneal:  Placa de ateroma en bulbo carotideo derecho con imagen anecoica que condiciona una estenosis >80% de ACI D (VPS 665.8 cm/s, no se consigue insonar flujo distal a la misma). - Placa de ateroma en bulbo carotideo izquierdo sin repercusión hemodinámica.- Ausencia de ventana acústica transcraneal.- Arteria vertebral izquierda mal visualizada. - Resto de estudio sin objetivarse alteraciones (no se visualizan ostiums).
-	TC cranial sense contrast (08.03.2017) No se observa aparicion de clara hipodensidad en relacion a valoracion neurologica (ICTUS en territorio de ACM derecha) ya que se mantiene la densidad del cortex que muetra discreto borramiento de surcos en region temporal. No se observan lesiones hemorragicas. Sin cambios en el area de malacia occipital izquierda.
-	AG general del ingreso: Hties 4.86 x10E12/L, Hb 15.3 g/dL, Htc 45.8 %, VCM 94.2 fL, HCM 31.5 pg, CHCM
33.40 g/dL, ADE 14.1 %, leucocitos 7.79 x10E9/L (CAN 5300, CAL 1600, CAM 600), plaquetas 174 x10E9/L, TQ 95%, glucosa 135 mg/dL, HbA1c 6.6 %, urea 41 mg/dL, creatinina 1.02 mg/dL, FG 66 ml/min/1,73 m2, urato 3.5 mg/dL, BT 0.79 mg/dL, BD 0.37 mg/dL, Na 140.8 mmol/L, K 4.56 mmol/L, Ca 9.7 mg/dL, AST 14 UI/L, ALT 10 UI/L, FA 99 UI/L, GGT 19 UI/L, colesterol total 115 mg/dL, HDL 27 mg/dL, LDL 43 mg/dL, triglicéridos 224 mg/dL, homocisteína 9.1 mcmol/L, proteína 6.4 g/dL, albúmina 3.6 g/dL.
-Estudio de tiroides: TSH 3.187 mU/L, T3L 3.44 pg/mL, T4L 1.50 ng/dL.
-Estudio de anemias: cobalaminas 321 pg/mL, ácido fólico 5.4 ng/mL
Informe de Trasllat a Sociosanitari
	]]></text>
</Section>
<Section span_begin="6830" span_end="6846" id="SECCION_EVOLUCION" type="INFORMACIÓN SOBRE EVOLUCIÓN">
	<name><![CDATA[EVOLUCIÓ CLÍNICA]]></name>
	<text><![CDATA[
Paciente varón de 86 años con clínica de TACI ACM D, NIHSS: 21. Se realiza TC craneal multimodal que no muestra lesiones parenquimatosas agudas establecidas, con angioTC que muestra estenosis suboclusiva ACI D ostial con permeabilidad distal, mismatch en territorio ACI D, junto con ateromatosis y trombo mural del arco aórtic marcada ateromatosis / trombo mural del arco distal- istmo aórtico, lesión AV D filiforme suboclusiva. Dado el antecedente de tratamiento anticoagulante se desestima tratamiento de revascularización ev y por situación sociofuncional, se desestima procedimiento intraarterial. Inicialmente, dada la afectación clínica y la posible lesión extensa, se desestima introducir tratamiento anticoagulante. Se inician medidas de ictus agudo y se  cursa ingreso en Unidad de Ictus.
Tras 24 horas en urgencias presenta mejoría clínica NIHSS 21 a 6 por lo que se realiza nuevo TC craneal de control en el que no se evidencia la aparicion de una clara hipodensidad en territorio de ACM D, únicamente discreto borramiento de surcos en región temporal; sin cambios en el área de malacia occipital izquierda, por lo que se inicia anticoagulación y se solicita ECO doppler de control. En dicho ecodoppler se observa placa de ateroma en bulbo carotideo derecho con imagen anecoica que condiciona una estenosis >80% de ACI D sin ventana transcraneal. Se reajusta medicación dejando anticoagulación y antiagregación simple con AAS, se inicia sedestación progresiva con y tolerancia oral con buena tolerancia. Se traslada a _SS_ para convalescencia. Al alta NIHSS de 5.
	]]></text>
</Section>
<Section span_begin="8424" span_end="8435" id="SECCION_DIAGNOSTICO_PRINCIPAL" type="DIAGNÓSTICO">
	<name><![CDATA[DIAGNÒSTICS]]></name>
	<text><![CDATA[
-Ictus isquémico ACM derecha de etiologia mixta (estenosis carotídea y fibrilación auricular)
-Estenosis de ACI D > 80%
-Fibrilación auricular
-Hipertensión arterial esencial
-Dislipemia
-Diabetes mellitus tipo 2
-Enfermedad renal crónica
	]]></text>
</Section>
<Section span_begin="8676" span_end="8711" id="SECCION_TRATAMIENTO_AL_ALTA" type="INFORMACIÓN SOBRE TRATAMIENTO">
	<name><![CDATA[TRACTAMENT I RECOMANACIONS A L'ALTA]]></name>
	<text><![CDATA[
Se adjunta
	]]></text>
</Section>
<Section span_begin="8724" span_end="8731" id="SECCION_CONTROL" type="INFORMACIÓN SOBRE TRATAMIENTO">
	<name><![CDATA[CONTROL]]></name>
	<text><![CDATA[
Control con médico del ambulatorio
Acudir a CCEE Neurología según hoja adjunta.
DESTINACIÓ A L'ALTA:	SOCI SANITARI
Validat per: _NAME_	Col·legiat: _ID_
16.03.2017
Pàgina 1 de 3	]]></text>
</Section>
</ehr>