<?xml version='1.0' encoding='UTF-8'?>
<ehr id="350625921.utf8.txt">
<Section id="DEFAULT_HEADER" type="DEFAULT_HEADER" >
	<name>DEFAULT_HEADER</name>
	<text><![CDATA[
_LOCATION_
email: _CONTACT_ Telèfon _CONTACT_
Nº Història Clínica: _ID_
Cognoms, Nom: _NAME_
NºEpisodi: _ID_
CIP: _ID_
Sexe: Home
Data de Naixement: _DATE_   Edat: 69 Anys
NIF/DNI: _ID_Informe d'alta d'hospitalització
11:16:33
19.03.2017
_LOCATION_
_SS_ UNITAT D'ICTUS
CP
ABS
Servei Data d'alta
_LOCATION_
_CONTACT_
DOMICIL/RES.SOC 16.03.2017
_NAME_
Adreça
Telèfon Procedència Data d'ingrés Atès per
	]]></text>
</Section>
<Section span_begin="403" span_end="417" id="SECCION_MOTIVO_DE_INGRESO" type="MOTIVO DEL INGRESO">
	<name><![CDATA[MOTIU D'INGRÉS]]></name>
	<text><![CDATA[
Isquèmic. Infart cerebral
	]]></text>
</Section>
<Section span_begin="445" span_end="456" id="SECCION_ANTECEDENTES" type="ANTECEDENTES">
	<name><![CDATA[ANTECEDENTS]]></name>
	<text><![CDATA[
PERSONALS
Al·lèrgies:Sense al·lèrgies conegudes Exfumador.
1.-Hipertensión arterial.
2.-Cardiopatía isquémica en forma de angina por colusión crónica de CD tratada con 2 stents farmacoactivos en marzo 2009. Cx 70%; un KT de control en 09/2009 mostró permeabiliad de los stents de CD i guía de presió negativa a Cx. FE 58%. Ergomtría en 2013 normal. Eco en 05/2016 normal con FE 58%. SPECT clínica y eléctricamente negativo con patrón de isquemia leve infero lateral con FEVI 55%.
3.-Dislipemia
4.-Diabetes mellitus en tratamiento con hipoglicemiantes orales. 5.-EPOC en tratamiento broncodilatador.
6.-Valorado en CCEE de hematología por leucocitosis, sin cumplir criterios de SMPc. Alta por su parte. SSF: mRS 0.
	]]></text>
</Section>
<Section span_begin="1172" span_end="1190" id="SECCION_TRATAMIENTO_HABITUAL" type="INFORMACIÓN SOBRE TRATAMIENTO">
	<name><![CDATA[MEDICACIÓ HABITUAL]]></name>
	<text><![CDATA[
Adiro 100mg/día atorvastatina 40mg/día, budesonida, corlentor 5 mg/12h dolak retard 60 mg/24h, enalapril 20 mg/24h, ezetrol 10 mg/24h, glicazida 30 mg/24h, hidrosaluretil 25mg/24h, metformina 850 mg/8h, omeprazol 20mg/día, cafinitrina sublingual sp.
	]]></text>
</Section>
<Section span_begin="1442" span_end="1455" id="SECCION_PROCESO_ACTUAL" type="INFORMACIÓN SOBRE LA HISTORIA ACTUAL">
	<name><![CDATA[PROCÉS ACTUAL]]></name>
	<text><![CDATA[
Estando completamente asintomático, sobre las 18.45h inicia de forma súbita trastorno del lenguaje y debilidad de extremidades derechas. A su llegada a urgencias se constata dicho déficit, por lo que se activa código ictus intrahospitalario (20:05)
Els símptomes s'inicien el dia15/03/2017 a les 18:45:00.
	]]></text>
</Section>
<Section span_begin="1763" span_end="1780" id="SECCION_EXPLORACION_FISICA" type="INFORMACIÓN SOBRE LA EXPLORACIÓN FÍSICA">
	<name><![CDATA[EXPLORACIÓ FÍSICA]]></name>
	<text><![CDATA[
EXP: FÍSICA A URG: PAS148 , PAD 86 // Temperatura:35.7 // Glicèmia capil·lar:103 // NIHSS total de 4: Vigil. LOC Q 2/2. LOC C 2/2. Afasia motora leve en forma de bloqueos (1) (nomina 5/5, repite correctamente, obedece órdenes simples y complejas. No paresia facial. Paresia braquiocrural D 4/5 (1+1) con hipoestesia braquial D asociada (1). (desglossat)
EXP: FÍSICA A HOSP: PAS160, PAD 73  // FC53  // Temperatura36 // NIHSS a sala de 4: Hemiparesia leve FBC D (1+1+1), bloqueos ocasionales del lenguaje, resto normal.
Informe d'alta d'hospitalització
	]]></text>
</Section>
<Section span_begin="2338" span_end="2363" id="SECCION_EXPLORACIONES_COMPLEMENTARIAS" type="INFORMACIÓN SOBRE PRUEBAS COMPLEMENTARIAS">
	<name><![CDATA[EXPLORACIÓ COMPLEMENTÀRIA]]></name>
	<text><![CDATA[
-	AG: hemograma y bioquímica sin alteraciones.
-	ECG: ritmo sinusal a 50 lpm, PR 0.16s, QRS estrecho, sin alteraciones de la repolarización.
-	RX tórax portátil: índice cardiotorácico no valorable, senos costofrénicos libres, no imágenes de condensación.
-	TC craneal multimodal: TC craneal sin alteraciones parénquimatosas cerebrales valorables (ASPECTS 10/10). TC perfusión muestra una pequeña área de penumbra isquémica parietal superior izquierda en  el territorio vascular superficial posterior de la ACM izquierda. AngioTC con permeabilidad de las principales estructuras arteriales intracarneales.
-	AG UI: Hb A1c 6.6%, Homocisteina 14.1, serlogía negativa, resto normal
-	TC craneal control 24 horas (16/03/2017): No s'observen signes de sagnat agut intra o extra-axial. No s'observen alteracions tomodensitométriques a parènquima encefàlic, específicament no s'observen hipodensitsats cortico-subcorticals a la regió parietal esquerra, que mostrava  una alteració de la perfusió a  TC prèvia  del 15.03.2017. Sistema ventricular simètric i de mida proporcional a la profunditat dels solcs subaracnoidals. Estructures de la línia mitja centrades. Correcta disposició de las amígadales cerebel.loses. Cisternes basals i perimesencefàliques lliures. Quist aracnoïdal a fossa mitja esquerre, amb efecte massa sobre el pol anterior temporal esquerre, sense canvis. CONCLUSIÓ: Estudi que no mostra alteracions intracranials agudes significatives, ni canvis respecte TC prèvia del 15.03.2017.
-	Ecoscan Cardiaco Ictus: Ventriculo izquierdo no dilatado, hipetrófico. Fracción de eyección conservada. No alteraciones segmentarias de la contractilidad. Auricula izquierda no dilatada. Calcificación valvular aórtica. Patrón transmitral compatible con alteración de la relajación. No se observan imagenes sugestivas de trombo intrauricular ni ventricular. Placa de ateroma de 5mm distal media sin elementos móviles asociados. CONCLUSION: Ateromatosis aórtica complicada sin elementos móviles.
-	Telemetría 72 horas: no se detectan arritmias embolígenas
	]]></text>
</Section>
<Section span_begin="4416" span_end="4432" id="SECCION_EVOLUCION" type="INFORMACIÓN SOBRE EVOLUCIÓN">
	<name><![CDATA[EVOLUCIÓ CLÍNICA]]></name>
	<text><![CDATA[
Paciente varón de 69 años que a su llegada a urgencias el día 15/03/2017 presentaba clínica de PACI ACM I, NIHSS: 4. Se realiza TC craneal urgente que muestra ASPECTS 10/10, con estudio angioTC sin evidencia de oclusiones ni estenosis. En ausencia de contraindicaciones se decide administración de rt-PA bolus a las 20.35h de 6mg seguido de perfusión de 61.5mg ev (retraso en la administración del rt-PA por dudoso antecedente hematológico referido por la esposa que revisando la historia era una leucocitosis). Se solicita ingreso en UI para control evolutivo y completar estudioetiológico.
Durante su estancia en la Unidad de Ictus el paciente se ha mantenido neurológicamente estable. Ha presentado episodio de dolor precordial de características inespecíficas, que no le recuerdan a sus dolores anginosos, sin elevación enzimática ni cambios en el ECG y que han cedido con omeprazol/paracetamol. El TC craneal realizado a las 24 horas postfibrinolisis no ha mostrado alteraciones singificativas. Se ha completado el estudio etiológico con un Ecoscan Cardiaco que ha puesto de manifiesto la presencia de una ateromatosis aórtica complicada sin elementos móviles motivo por el que se ha iniciado prevención secundaria con doble antiagregación. Por otro lado, cumpliendo criterios se incluye paciente en registro CryptoFA (monitorización ambulatoria prolongada para detección de FA). En situacion de estabilidad clínica y hemodinámica, con la orientación de ictus ACM I de probable origen ateroembolico se decide alta y control en CCEE Neurovascular. Se solicita ETE ambulatorio para completar estudio. En el momento del alta NIHSS 3, mRS 2.
Informe d'alta d'hospitalització
	]]></text>
</Section>
<Section span_begin="6114" span_end="6125" id="SECCION_DIAGNOSTICO_PRINCIPAL" type="DIAGNÓSTICO">
	<name><![CDATA[DIAGNÒSTICS]]></name>
	<text><![CDATA[
Ictus ACM I de probable origen ateroembolico (ateromatosis aórtica complicada sin elementos móviles) Tratamiento fibrinolítico con rtPA
	]]></text>
</Section>
<Section span_begin="6263" span_end="6275" id="SECCION_PROCEDIMIENTOS" type="PROCEDIMIENTO">
	<name><![CDATA[PROCEDIMENTS]]></name>
	<text><![CDATA[
TC craneal multimodal urgente TC craneal control
Ecoscan cardiaco Ictus Telemetria cardiaca AG
IC RHB
Fisioterapia
	]]></text>
</Section>
<Section span_begin="6392" span_end="6427" id="SECCION_TRATAMIENTO_AL_ALTA" type="INFORMACIÓN SOBRE TRATAMIENTO">
	<name><![CDATA[TRACTAMENT I RECOMANACIONS A L'ALTA]]></name>
	<text><![CDATA[
Dieta sin sal baja diabetica baja en grasas Ejercicio fisico que tolere
Suspender Omeprazol 20mg y  Atorvastatina 40mg, 1 comprimido cada 24 horas Añadir a su medicacion habitual:
-	Ranitidina 300mg, 1 comprimido cada 24 horas
-	Clopidogrel 75mg, 1 comprimido cada 24 horas
-	Atorvastatina 80mg, 1 comprimido cada 24 horas Resto de medicación habitual sin cambios
	]]></text>
</Section>
<Section span_begin="6792" span_end="6799" id="SECCION_CONTROL" type="INFORMACIÓN SOBRE TRATAMIENTO">
	<name><![CDATA[CONTROL]]></name>
	<text><![CDATA[
Deberá acudir a control enlas consultas externas de Neurovascular en la 3ª planta anexos del _SS_ el día 26/10/2017 a las 09:30h.
Visita control en la 2ª planta del _SS_ (Unidad de ictus) para lectura y control de Holter: 6 abril a las 10 am  al gabinete ecoscan Unidad de Ictus.
Control por especialistas habituales como tenga previsto Control estrecho de factores de riesgo vascular por su CAP
DESTINACIÓ A L'ALTA:	A DOMICILI
Validat per: _NAME_	Col·legiat: _ID_
19.03.2017
Pàgina 1 de 3	]]></text>
</Section>
</ehr>