<?xml version='1.0' encoding='UTF-8'?>
<ehr id="351613361.utf8.txt">
<Section id="DEFAULT_HEADER" type="DEFAULT_HEADER" >
	<name>DEFAULT_HEADER</name>
	<text><![CDATA[
_LOCATION_
email: _CONTACT_ Telèfon _CONTACT_
Nº Història Clínica: _ID_
Cognoms, Nom: _NAME_
NºEpisodi: _ID_
CIP: _ID_
Sexe: Dona
Data de Naixement: _DATE_   Edat: 80 Anys
NIF/DNI: _ID__NAME_; _NAME_; 
_NAME_;_NAME_
Informe d'epicrisi
11:45:00
21.03.2017
_LOCATION_
_SS_ MEDICINA INTENSIVA
CP
ABS
Servei Data d'alta
_LOCATION_
_CONTACT_; _CONTACT_; _CONTACT_
DOMICIL/RES.SOC 20.03.2017
Adreça
Telèfon Procedència Data d'ingrés Atès per
	]]></text>
</Section>
<Section span_begin="439" span_end="453" id="SECCION_MOTIVO_DE_INGRESO" type="MOTIVO DEL INGRESO">
	<name><![CDATA[MOTIU D'INGRÉS]]></name>
	<text><![CDATA[
ictus isquèmic
	]]></text>
</Section>
<Section span_begin="470" span_end="481" id="SECCION_ANTECEDENTES" type="ANTECEDENTES">
	<name><![CDATA[ANTECEDENTS]]></name>
	<text><![CDATA[
Al·lèrgies: Estreptomicina y penicilina
-Hipertensió essencial inespecificada
-migraña en la juventud.
-Deterioro cognitivo leve de etiología vascular y depresión, seguimieto por  neurología  de zona (Dr _NAME_); última visita en enero de 2017 MMSE 21, GDS 3.
SSF: Rankin previ:3
	]]></text>
</Section>
<Section span_begin="764" span_end="782" id="SECCION_TRATAMIENTO_HABITUAL" type="INFORMACIÓN SOBRE TRATAMIENTO">
	<name><![CDATA[MEDICACIÓ HABITUAL]]></name>
	<text><![CDATA[
atorvastatina 80mg 1cp/día, bisoprolol 2.5mg 1cp/día, clopidogrel 75mg 1cp/día, cymbalta 30mg/día, enalapril 5mg/día, pantoprazol 20mg 1cp/día, zaldiar 37.5/325mg 1cp/día, somazina.
	]]></text>
</Section>
<Section span_begin="966" span_end="979" id="SECCION_PROCESO_ACTUAL" type="INFORMACIÓN SOBRE LA HISTORIA ACTUAL">
	<name><![CDATA[PROCÉS ACTUAL]]></name>
	<text><![CDATA[
Estando previamente asintomática, inicia hoy día 20.03.17 a las 18:30h cuadro de alteración para la emisión del lenguaje, por lo que el esposo contacta con SEM. Se activa código ictus.
Els símptomes s'inicien el dia20/03/2017 a les 18:30:00.
	]]></text>
</Section>
<Section span_begin="1223" span_end="1240" id="SECCION_EXPLORACION_FISICA" type="INFORMACIÓN SOBRE LA EXPLORACIÓN FÍSICA">
	<name><![CDATA[EXPLORACIÓ FÍSICA]]></name>
	<text><![CDATA[
FC	bpm
Tªaxi  ºC
FR	rpm Tªrec  ºC
TA s	110 mmHg SAT O2  %
TA d   80 mmHg Pes Kg
Ctes: TA 118/56mmHg, FC 63lpm, Tª 36.1, sato2 96%aa
Vigil, afasia global (7), HHD (2), PFSN D (1), paresia ESD leve (1). sensibilidad no valorable. NIHSS 11
NIHSS:11	(Vigil, afasia global (7), HHD (2), PFSN D (1), paresia ESD leve (1). sensibilidad no valorable. NIHSS 11 )
	]]></text>
</Section>
<Section span_begin="1598" span_end="1623" id="SECCION_EXPLORACIONES_COMPLEMENTARIAS" type="INFORMACIÓN SOBRE PRUEBAS COMPLEMENTARIAS">
	<name><![CDATA[EXPLORACIÓ COMPLEMENTÀRIA]]></name>
	<text><![CDATA[
-AG: sin alteraciones
-ECG: ritmo sinusal a 70lpm, eje 0º,PR 0160, QRS 120, correcta progresión en precordiales, sin alteraciones agudas de la repolarización.
-TC  craneal:  Ausencia  de  lesiones  agudas  intracraneales.  ASPECTCS:  10  /  10.  Arteriasextracraneales  e intracraneales proximales permeables. Signos de leucoaraiosis.
Informe d'epicrisi
-TC craneal control: Tc craneal que muestra aparición de múltiples e impotantes focos hemorrágicos intraparénquimatoso, en sistema ventricular y en espacios subaracnoideos (HSA). Hipodensidad difusa del parénquima cerebral de predominio en sustancia blanca en probable relación a edema. Colapso de las cisternas perimesencefálicas y descenso amigdalar.
- Eco abdominal: esteatosi hepàtica. cortical renal lleugerament aprimada.
	]]></text>
</Section>
<Section span_begin="2415" span_end="2431" id="SECCION_EVOLUCION" type="INFORMACIÓN SOBRE EVOLUCIÓN">
	<name><![CDATA[EVOLUCIÓ CLÍNICA]]></name>
	<text><![CDATA[
En ausencia de complicaciones, se administra tratamiento con rtpa endovenoso ajustado a peso (5mg bolus + 50mg perfusión) e ingresa en la unidad de ictus para control evolutivo. Posteriormente presenta rápido deterioro clínico, con taquicardia a 130lpm, disminución del nivel de conciencia y postura de descerebración. Se realiza nuevo TC craneal urgente que muestra múltiples focos hemorrágicos intraparenquimatosos, en sistema ventricular y HSA con colapso de cisternas perimesencefálicas y descenso amigdalar.
Se contacta telefónicamente con familiar para informar del deterioro clínico. Se solicita valoración por guardia de trasplantes, decidiéndose IOT y traslado a UCI.
Durante su estancia en UCI se objetiva ausencia de reflejos de tronco. Exploración: Pupilas medianas arreactivas. Corneales, ROC, ROV, tusígeno abolido. No movimientos espontáneos o sugestivos de movimientos espinales.
Test de atropina 106 (pre) y 106 (post).
Se diagnostica de muerte encefálica a las 11:45.
De acuerdo con familiares se coordina donación de órganos. Se traslada a quirófano.
	]]></text>
</Section>
<Section span_begin="3505" span_end="3516" id="SECCION_DIAGNOSTICO_PRINCIPAL" type="DIAGNÓSTICO">
	<name><![CDATA[DIAGNÒSTICS]]></name>
	<text><![CDATA[
401.9 Hipertensió essencial inespecificada
Ictus isquèmic amb transformació hemorràgica post-fibrinolisi. Mort encefàlica.
Validat per: _NAME_	Col·legiat: _ID_
22.03.2017
Pàgina 1 de 2	]]></text>
</Section>
</ehr>