<?xml version='1.0' encoding='UTF-8'?>
<ehr id="352318938.utf8.txt">
<Section id="DEFAULT_HEADER" type="DEFAULT_HEADER" >
	<name>DEFAULT_HEADER</name>
	<text><![CDATA[
_LOCATION_ Tel. _CONTACT_
e-mail: _CONTACT_
Nº Història Clínica: _ID_
Cognoms, Nom: _NAME_
NºEpisodi: _ID_
CIP: _ID_
Sexe: Home
Data de Naixement: _DATE_   Edat: 80 Anys
NIF/DNI: _ID__NAME_; _NAME_; _NAME_
Informe d'alta d'hospitalització
CP	_LOCATION_
ABS	_SS_
Servei	NEUROLOGIA
Data d'alta  23.03.2017	16:15:16
_LOCATION_
_CONTACT_; _CONTACT_
AGUTS 16.03.2017
Adreça
Telèfon Procedència Data d'ingrés Atès per
	]]></text>
</Section>
<Section span_begin="415" span_end="429" id="SECCION_MOTIVO_DE_INGRESO" type="MOTIVO DEL INGRESO">
	<name><![CDATA[MOTIU D'INGRÉS]]></name>
	<text><![CDATA[
Ictus.
	]]></text>
</Section>
<Section span_begin="438" span_end="449" id="SECCION_ANTECEDENTES" type="ANTECEDENTES">
	<name><![CDATA[ANTECEDENTS]]></name>
	<text><![CDATA[
Varón de 80 años. Independiente para ABVD, mRS 1.
No alergias medicamentosas conocidas. Consumo de enol moderado.
ANTECEDENTES PATOLÓGICOS:
-	Hipertensión arterial.
-	Dislipemia.
-	Diabetes mellitus 2 en tratamiento con insulina y ACO. No se conocen complicaciones microangiopáticas.
-	Refiere cardiopatía isquémica en 2000, no informes, parece que no se practica ningún tipo de revascularización. Consta un ingreso en por dolor torácico sin cambios eléctricos ni movimiento enzimático orientado finalmente como dolor de probable origen mecánico. Ecocardiograma transtorácico de 2015 muestra fracción de eyección conservada con hipocinesia postero-basal.
-	Marcapasos bicameral DDD (2013) por BAV de 2º sintomático. No se han realizado más controles. En visita en CCEE Cardiología el 23/6/2016 se detectó FA y se indica que el paciente tomaba sintrom, el paciente lo niega.
-	Vasculopatía periférica grave.
-	Nefrolitiasis. Cólico nefrítico izquierdo.
-	IQ: Apendicectomía, herniorrafia inquinal derecha, RTU (hipertrofia benigna de próstata), catéter doble J por nefrolitiasis, poscectomía.
	]]></text>
</Section>
<Section span_begin="1544" span_end="1562" id="SECCION_TRATAMIENTO_HABITUAL" type="INFORMACIÓN SOBRE TRATAMIENTO">
	<name><![CDATA[MEDICACIÓ HABITUAL]]></name>
	<text><![CDATA[
Valsartan 80mg/24h, Bisoprolol 5mg/24h, Uniket 40mg/8h, Metformina 850mg, Omeprazol 20mg/24h, Simvastatina 20mg/24h, Tamsulosina 0.4mg/24h, AAS 100mg, Lantus, Cafinitrina si precisa.
	]]></text>
</Section>
<Section span_begin="1747" span_end="1760" id="SECCION_PROCESO_ACTUAL" type="INFORMACIÓN SOBRE LA HISTORIA ACTUAL">
	<name><![CDATA[PROCÉS ACTUAL]]></name>
	<text><![CDATA[
Estando igresado en _SS_ para realizar arteriografía por isquemia grado III en extremidad inferior derecha (acudió el 13/03/2017 por dolor) el 16/03/2017 a las 16:35h presenta debilidad de extremidades izquierdas y dificultad de articulación del lenguaje. Se activa código ictus a las 17:07h. Llega a nuestro centro a las 18:10h.
	]]></text>
</Section>
<Section span_begin="2092" span_end="2109" id="SECCION_EXPLORACION_FISICA" type="INFORMACIÓN SOBRE LA EXPLORACIÓN FÍSICA">
	<name><![CDATA[EXPLORACIÓ FÍSICA]]></name>
	<text><![CDATA[
FC	70 bpm
Tªaxi 36.1 ºC
FR	rpm Tªrec  ºC
TA s	146 mmHg SAT O2 96 %
TA d   81 mmHg Pes Kg
En Urgencias:
Consciente, orientado, colaborador. Actitud inapropiada por momentos. Disartria leve, no elementos afásicos. Isocoria normorreactiva. Campimetría por confrontación normal. Limitación para la adducción de ojo izquierdo con infraversión de dicho ojo. Mínimo borramiento de surco nasogeniano izquierdo. Fuerza y sensibilidad táctil conservada, no extinción. Mínima dismetría de extremidades izquierdas. RCP flexor bilateral.
Informe d'alta d'hospitalització
NIHSS = 0,0,0,0,0//1,0,0,0,0//1,0,0,1,0 = 3.
Tonos cardíacos rítmicos, murmullo vesicular conservado. Abdomen blando y depresible, no doloroso. EEII: no edema ni signos de TVP, ambas EEII frías, EID levemente eritematosa, pulsos distales débiles.
En Unidad de Ictus Agudo:
Consciente y orientado en espacio y persona, algun error en tiempo (año). Nomina bien. Comprende órdenes simples y semicomplejas. Campimetría por confrontación y oculomotricidad normales. Mínima asimetría facial izquierda. Disartria leve. Sin claudicación de extremidades ni Miller-Fisher. Sin dismetría dedo-nariz. Sin alteraciones sensitivas.
NIHSS = 0.0.0.0.0/1(0.0)(0.0)/0.0.0.1.0 = 2.
	]]></text>
</Section>
<Section span_begin="3341" span_end="3366" id="SECCION_EXPLORACIONES_COMPLEMENTARIAS" type="INFORMACIÓN SOBRE PRUEBAS COMPLEMENTARIAS">
	<name><![CDATA[EXPLORACIÓ COMPLEMENTÀRIA]]></name>
	<text><![CDATA[
Analíticas:
Urgente: Hemograma: Leucocitos 3300 (58.6% neutrófilos, 28.8% linfocitos), Hemoglobina 13.9 g/dL, Plaquetas
143000. Coagulación:  TP 11.8s, 88%, ratio 1.09, INR 1.09; TTPA 33.5s, ratio 1.08; Fibrinógeno 354 mg/dL.
Bioquímica: Glucosa 104 mg/dL, Urea 29.9 mg/dL, Creatinina 0.87 mg/dL, Sodio 133.6 mmol/L, Potasio 4.5 mmol/L, PCR 1.1 mg/L.
Ingreso: Hematología: Leucocitos 3800 /µL, (N 62,4 % - L 26,5 - M 8,4 - E 1,5 - B 1,2), Htíes 5,02 mill/µL, Hb 14,4
g/dL, Hcto 45,3 %, VCM 90,2 fL, Plaquetes 158000 /µL. Bioquímica: Glucosa 78 mg/dL, HBA1c 5,5 %, Urea 24
mg/dL, Creatinina 0,75, (Filtrado glomerular estimado 87 mL/min/1.73 m2), Urato 4,1 mg/dL, Ca 8,8, Fosfato 2,8,
Mg 1,59, Na 137,5 mmol/L, K 4,2, Cl 103,5, ALT 26 U/L, GGT 150, FA 56, LDH 155, Bilirrubina 0,71 mg/dL, CK 59
U/L, Prot-C reactiva 1,2 mg/L. Lípidos.- Trigliceridos 113 mg/dL, Colesterol 155, (HDL 48,5 - LDL 84), Proteínas 62,7 g/L, Albumina 41,2. Hormonas: TSH 1,997 µUI/mL.
ECG: ritmo de marcapasos a 70 x'.
TC craneal urgente con angio-TC: pérdida del ribete insular derecho, a valorar clínicamente, lesión isquémica aguda de ramas de ACM derecha. ASPECTS=9. No lesiones hemorrágicas agudas intra o extraaxiales. Imágenes hipodensas en territorio gangliobasal bilateral compatibles con infartos isquémicos lacunares crónicos. Aumento leve del sistema ventricular, en concordancia con tamaño de surcos corticales, cambios en relación a atrofia cortical. Línea media centrada. Cisternas basales y perimesencefálicas libres. Angio-TC craneal: Arteria vertebral izquierda hipoplásica. ACI derecha filiforme desde su origen hasta segmento cavernoso con repermeabilización , probablemente por la oftálmica con ACM derecha permeable, aunque de menor calibre que la izquierda , con A1 derecho ausente. Coalterales hemisféricas intermedias. Persistencia de origen fetal de AComP derecha con P1 derecho hipoplásica. No se aprecian imagenes sugestivas de aneurismas, MAV o otras alteraciones vasculares.
Radiografía de tórax: Sin evidencia de alteraciones pleuropulmonares agudas. ICT normal. Calcificación aórtica.
TC craneal de control de 24h: no se evidencian lesiones hemorrágicas ni isquémicas agudas intra ni extraaxiales. Imágenes hipodensas en territorio gangliobasal bilateral compatibles con ictus isquémicos lacunares crónicos. Aumento leve de tamaño del sistema ventricular de forma global, en concordancia con tamaño de surcos corticales, cambios compatibles con atrofia cortical. Línea media centrada. Cisternas basales y perimesencefálicas libres. No lesiones oseas TC valorables. No otras lesiones TC valorables.
Estudio   neurosonológico:   casi   oclusión   ACI   derecha   de   causa   arterioesclerótica  con   compensación
Informe d'alta d'hospitalització
hemodinámica de ACM derecha vía a. comunicante anterior y a. oftálmica derecha. Arterioseclerosis generalizada extra e intracraneal sin evidencia de estenosis significativas en el resto de arterias.
Ecocardiograma transtorácico: VI ligeramente hipertrófico no dilatado, Función sistólica global conservada, FE 72%. Hipociensia severa segmentos inferolatrales basales y medios sugestivos de posible cardiopatía isquemica. Aurícula izquierda moderadamente dilatada.
	]]></text>
</Section>
<Section span_begin="6597" span_end="6613" id="SECCION_EVOLUCION" type="INFORMACIÓN SOBRE EVOLUCIÓN">
	<name><![CDATA[EVOLUCIÓ CLÍNICA]]></name>
	<text><![CDATA[
Paciente con los antecedentes descritos que acude a nuestro centro vía código ictus desde _SS_ por hemiplejia izquierda y disartria que recupera durante el traslado, objetivándose a su llegada únicamente alteración de oculomotora y mínima dismetría de extremidades izquierdas. ECG en ritmo de marcapasos. En la analítica de urgencias se observa leucopenia e hiponatremia leves, sin otras alteraciones. AngioTC craneal en la que se observa estenosis grave de arteria carótida interna derecha y de arteria vertebral izquierda. Se interpreta como ictus isquémico de territorio posterior. A los pocos minutos presenta nuevo empeoramiento, con reaparición de hemiparesia izquierda y mayor disartria por lo que se decide administración de tratamiento trombolítico intravenoso. Se administra bolus de rTPA (5.4mg) a las 18:45h, TA prebolus 146/81mmHg, TA postbolus 147/70mmHg, dosis total 54mg, durante la infusión mejora clínicamente, persistiendo posteriormente disartria y debilidad leves de extremidades izquierdas sin claudicación, NIHSS 1.
Se decide ingreso en Unidad de Ictus para estudio etiológico y control hemodinámico, clínico y metabólico.
Durante las primeras horas en la unidad presenta tendencia a la hipertensión arterial, con cifras de hasta 160/90 mmHg, sin precisar medicación de rescate y que se corrigieron tras la reintroducción parcial de su tratamiento domiciliario (bisoprolol). También se observaron picos aislados de glucemia de hasta 240mg/dL, en las primeras horas, antes de comenzar con su tratamiento basal. El resto de constantes se mantuvieron dentro de la normalidad. La monitorización continua no reveló alteraciones del ritmo cardíaco potencialmente embolígenas (ritmo de marcapasos).
Dentro del estudio se solicitó analítica completa, incluido proteinograma, que mostró GGT de 150 U/L, sin otras alteraciones significativas. La radiografía de tórax no muestra alteraciones significativas. Se realizó un ecocardiograma transtorácico que mostró una hipociensia severa segmentos inferolatrales basales y medios sugestivos de posible cardiopatía isquemica y una aurícula izquierda moderadamente dilatada. El estudio neurosonológico mostró una casi oclusión de ACI derecha de causa arterioesclerótica con compensación hemodinámica de ACM derecha vía comunicante anterior y oftálmica derecha, con arterioesclerosis generalizada extra e intracraneal.
Se realizó TC de control a las 24h postfibrinolisis que no mostró cambios respecto al estudio previo. Dado que el paciente es portador de marcapasos no se pudo realizar RM cerebral por incompatibilidad del implante.
Dada la recuperación clínica completa del paciente no se realizó interconsulta a Rehabilitación.
Se realizó interconsulta a Cirugía Vascular por la isquemia de extremidad inferior derecha, que al no encontrar signos de isquemia aguda indica seguimiento en su centro de referencia (_SS_).
El paciente presentó adecuada tolerancia a la reintroducción de la dieta por vía oral y a la sedestación progresiva hasta la deambulación.
Informe d'alta d'hospitalització
Clínicamente permaneció estable, sin presentar incidencias durante el ingreso salvo desorientación fluctuante de predominio nocturno, en posible relación con deterioro cognitivo incipiente. Al alta exploración neurológica normal salvo leve hipoestesia en extremidad inferior derecha en contexto de su arteriopatía periférica y leve disartria.
Se orienta como un ictus isquémico de territorio posterior por la clínica, de etiología indeterminada por doble causa (estenosis arteria vertebral + FA). Se decide prevención secundaria con tratamiento anticoagulante (sintrom), antiagregante (AAS 100mg) y estatinas a altas dosis (atorvastatina 80mg).
Ante la estabilidad clínica del paciente se decide traslado a su hospital de referencial (_SS_).
	]]></text>
</Section>
<Section span_begin="10419" span_end="10430" id="SECCION_DIAGNOSTICO_PRINCIPAL" type="DIAGNÓSTICO">
	<name><![CDATA[DIAGNÒSTICS]]></name>
	<text><![CDATA[
Ictus isquémico de territorio posterior por la clínica, de etiología indeterminada por doble causa (estenosis arteria vertebral + FA)
Fibrilación auricular
Estenosis preoclusiva ACI derecha. Hipoplasia AV izuqierda. Deterioro cognitivo a estudio.
	]]></text>
</Section>
<Section span_begin="10679" span_end="10714" id="SECCION_TRATAMIENTO_AL_ALTA" type="INFORMACIÓN SOBRE TRATAMIENTO">
	<name><![CDATA[TRACTAMENT I RECOMANACIONS A L'ALTA]]></name>
	<text><![CDATA[
Sintrom 1/2 comp el día 22, 1/2 comp el día 23 y control el día 24.03.2017 Adiro 100mg cada 24h
Atorvastatina 80mg cada 24h Omeprazol 40mg cada 24h Insulina Lantus 18 UI a las 23h Tamsulosina 1 comp cada 24h Bisoprolol 5mg cada 24h
Si TA> 185/105, labetalol 10mg bolus ev Paracetamol 1g si fiebre o dolor Clometiazol 192mg por la noche
	]]></text>
</Section>
<Section span_begin="11052" span_end="11059" id="SECCION_CONTROL" type="INFORMACIÓN SOBRE TRATAMIENTO">
	<name><![CDATA[CONTROL]]></name>
	<text><![CDATA[
Se deriva a su hospital de referencia.
DESTINACIÓ A L'ALTA:	HOSP. AGUTS/PSQ
Validat per: _NAME_	Col·legiat: _ID_
23.03.2017
Pàgina 1 de 4	]]></text>
</Section>
</ehr>