<?xml version='1.0' encoding='UTF-8'?>
<ehr id="352684694.utf8.txt">
<Section id="DEFAULT_HEADER" type="DEFAULT_HEADER" >
	<name>DEFAULT_HEADER</name>
	<text><![CDATA[
_LOCATION_) Telèfon _SS_  972 _CONTACT_
Telèfon IDI (Ressonància i TAC) _CONTACT_
Telèfon ICO _CONTACT_
Nº Història Clínica: _ID_
Cognoms, Nom: _NAME_
NºEpisodi: _ID_
CIP: _ID_
Sexe: Dona
Data de Naixement: _DATE_   Edat: 76 Anys
NIF/DNI: _ID__NAME_; _NAME_
Informe d'alta d'hospitalització
13:26:40
24.03.2017
_LOCATION_
_SS_ NEUROLOGIA
ABS
Servei Data d'alta
_CONTACT_; _CONTACT_; _CONTACT_
AGUTS 20.03.2017
_LOCATION_
Adreça
Telèfon Procedència Data d'ingrés Atès per
	]]></text>
</Section>
<Section span_begin="474" span_end="488" id="SECCION_MOTIVO_DE_INGRESO" type="MOTIVO DEL INGRESO">
	<name><![CDATA[MOTIU D'INGRÉS]]></name>
	<text><![CDATA[
Hematoma cerebral
	]]></text>
</Section>
<Section span_begin="508" span_end="519" id="SECCION_ANTECEDENTES" type="ANTECEDENTES">
	<name><![CDATA[ANTECEDENTS]]></name>
	<text><![CDATA[
	]]></text>
</Section>
<Section span_begin="520" span_end="543" id="SECCION_ANTECEDENTES_PERSONALES" type="ANTECEDENTES">
	<name><![CDATA[ANTECEDENTES PERSONALES]]></name>
	<text><![CDATA[
No alergias medicamentosas conocidas. No hábitos tóxicos
Rankin 3: des de hace 1-2 años supervision para cocinar y otras actividades complejas. Para el  resto de actividades autònoma. Natural de _LOCATION_, vive aqui des de hace años con los hijos, habla correctament Portugués y Castellano.
	]]></text>
</Section>
<Section span_begin="837" span_end="861" id="SECCION_ANTECEDENTES" type="ANTECEDENTES">
	<name><![CDATA[ANTECEDENTES PATOLÓGICOS]]></name>
	<text><![CDATA[
-	FA en tratamiento con Eliquis 5mg/12h des de hace años. En 2010 habia hecho tratamiento con Sintrom durante 1 mes que se paró por hemorragia digestiva secundária a pólipo que fue intervenido. Posteriormente en Brasil estubo 1 año en tratamiento con Pradaxa que se retiró antes de llegar a nuestro país.
-	HTA en tratamiento. Recientemente en contexto de éxitus del marido y viaje a _LOCATION_ para realizar el entierro, se aumentó medicación via oral a Losartan 1 comp/12h por mal control tensional.
-	Hipotiroidismo en tratamiento subsitutivo.
	]]></text>
</Section>
<Section span_begin="1410" span_end="1428" id="SECCION_TRATAMIENTO_HABITUAL" type="INFORMACIÓN SOBRE TRATAMIENTO">
	<name><![CDATA[MEDICACIÓ HABITUAL]]></name>
	<text><![CDATA[
Losartan 50mg/24h, Eliquis 5mg/12h, Eutirox 50mcg/24h, Digoxina 0.25mg/24h
	]]></text>
</Section>
<Section span_begin="1505" span_end="1518" id="SECCION_PROCESO_ACTUAL" type="INFORMACIÓN SOBRE LA HISTORIA ACTUAL">
	<name><![CDATA[PROCÉS ACTUAL]]></name>
	<text><![CDATA[
Paciente que inicia 20/03/2017 malestar general con cefalea al despertarse. A las 13-14h detecta la familia trastorno del lenguaje (cambiaba palabras y decia cosas incoherentes), por lo que la lleban al CAP donde detectan hipertensión. Dado la falta de respuesta al tratamiento administrado, la derivan a _SS_ para continuar manejo de la hipertensión arterial. En _SS_ se mantiene en osbervación para tratamiento, sin recuperación en ningún momento de la clínica. Se comenta con Neurologia de guárdia a las 20:15h por empeoramiento de la clínica neurológica, por lo que debido a empeoramiento se activa Codigo Ictus de
> 6h de evolución.
La paciente llega a nuestro centro a las 20:52h, siendo valorada al momento.
	]]></text>
</Section>
<Section span_begin="2235" span_end="2252" id="SECCION_EXPLORACION_FISICA" type="INFORMACIÓN SOBRE LA EXPLORACIÓN FÍSICA">
	<name><![CDATA[EXPLORACIÓ FÍSICA]]></name>
	<text><![CDATA[
En urgéncias:
AC; arrítmic, no soplos
AR: murmullo vesicular conservado
Exploración NRL: paciente vigil, desorientada, no comprende ordenes simples, no nomina ni repite ni en castellano ni en portugès... Asimetria facial derecha leve, hemianopsia homónima derecha. No déficit motor ni dismetrias, no aparente deficit sensitivo.
Informe d'alta d'hospitalització
NIHSS:  02202/10000/00200 = 9
	]]></text>
</Section>
<Section span_begin="2651" span_end="2676" id="SECCION_EXPLORACIONES_COMPLEMENTARIAS" type="INFORMACIÓN SOBRE PRUEBAS COMPLEMENTARIAS">
	<name><![CDATA[EXPLORACIÓ COMPLEMENTÀRIA]]></name>
	<text><![CDATA[
Analítica de urgéncias:
-	Hemograma: Hemoglobina 13.8 g/dL; Hematòcrit 42 %; Plaquetes 264 K/mcL.
-	Coagulación:  Tasa protrombina * 55 %; Tasa protrombina (INR) * 1.53; Temps de cefalina (TTPA) 33.3 segons; Temps de cefalina (ratio) 1.1; Fibrinogen (deduit) * 459 mg/dL;
-	Bioquimica: Glucosa * 135 mg/dL; Urea 41, mg/dL; Creatinina 0.75 mg/dL ; Urat 5.7 mg/dL; Proteïna 7.7 g/dL ; Albúmina (sèrum) 3.8 g/dL. Creatincinasa (CK) 33 U/L; Amilasa * 119 U/L, Calci (II) 8.9 mg/dL ; Ió sodi 137 mEqu/L ; Ió potasi 4.1 mEqu/L Colesterol 206 mg/dl; Colesterol HDL 51 mg/dL; Colesterol LDL (calcul) 139 mg/dL ; Triglicèrid 81 mg/dL;
Perfil hepatico correcto.
-	Troponina T hs (alta sensibili 13.2 ng/L;
ECG: FA
RX  Tórax:  ICT  levemente  augmentado,  patorn  intersticial  bibasal,  leve  calcificación  aórtica.  Augmento  de densidad perihiliar bilateral, no condensaciones, senos costofrénicos libres.
TC de cranio: Hematoma agudo lobal temporo-basal izquierdo con leve efecto de masa sobre los surcos corticales subyacentes, sin desplazamientos significativos de las estructuras de la línea media. Leve HSA en surcos cerebrales temporales adyacentes.
Analítica de control despues de 1 vial de Beriplex. Tasa protrombina * 60 %. Tasa protrombina (INR) * 1.43. Temps de cefalina (TTPA) 28.7 segons, Temps de cefalina (ratio) 1, Fibrinogen (deduit) 445 mg/dL
RM cerebral: Estabilidad del hematoma temporal izquierdo con moderado edema vasogénico asociado y leve efecto masa secundario. Sin evidencia de otros signos que sugieran angiopatía amiloide.
	]]></text>
</Section>
<Section span_begin="4226" span_end="4242" id="SECCION_EVOLUCION" type="INFORMACIÓN SOBRE EVOLUCIÓN">
	<name><![CDATA[EVOLUCIÓ CLÍNICA]]></name>
	<text><![CDATA[
Paciente con hematoma lobar de posible etiologia por angiopatia amiloide agravado por tratamiento anticoagulante y hipertensión arterial, mal controlada recientemente segun explica la familia.
Se administra 1 vial de Beriplex previ contacto con hematologia.
La paciente ingresa a la Unidad de Ictus para monitorización semi-intensiva sin tratamiento con Apixaban. A nivel neurológico se mantiene estable con afasia mixta de predominio motor, con comprensión de órdenes simples en su idioma materno (portugués) pero intoxicación, sin nominación y con lenguaje incomprensible, con resolución de la hemianopsia homónima derecha. Presenta cefalea que se controla con analgesia.
Ha iniciado logopedia durante la hospitalización.
Presenta picos hipertensivos por lo que se aumenta medicación via oral. Se realiza Rm cerebral sin evidéncia de signos de angiopatia amiloide.
Debido al riesgo de hemorragia con anticoagulación y al riesgo de ictus isquémico sin anticoagulación debido a la FA, se decide continuar tractament con Eliquis a menor dosis.
Durante el ingreso presenta FC de 60-70x' por lo que no se administra Digoxina.
Con estabilidad clínica y hemodinámica, es alta a domicilio pendiente de reiniciar Eliquis y pendiente de visita de control a Consultas Externas de Neurologia.
Informe d'alta d'hospitalització
Escalas al alta:
-NIHSS 02000/00000/00200 = 4
-	Rankin 3
-	Barthel
	]]></text>
</Section>
<Section span_begin="5636" span_end="5647" id="SECCION_DIAGNOSTICO_PRINCIPAL" type="DIAGNÓSTICO">
	<name><![CDATA[DIAGNÒSTICS]]></name>
	<text><![CDATA[
431/3 Hematoma cerebral lobar de possible etiologia por hipertensión y anticoagulación
401.9 Hipertensió essencial inespecificada
427.31 Fibril·lació auricular
	]]></text>
</Section>
<Section span_begin="5809" span_end="5844" id="SECCION_TRATAMIENTO_AL_ALTA" type="INFORMACIÓN SOBRE TRATAMIENTO">
	<name><![CDATA[TRACTAMENT I RECOMANACIONS A L'ALTA]]></name>
	<text><![CDATA[
Tratamiento al alta:
-	Losartan 50mg/12h con el almuerzo y la cena
-	Eliquis (Apixaban)  2.5mg/12h con el almuerzo y la cena a partir del 03/04/2017, posteriorment a partir del 20/04/2017 aumentar de nuevo a Eliquis 5mg/12h.
-	Eutirox 50mcg/24h en ayunas
Valorar reinicio de Digoxina en función de evolución. Recomendamos continuar logopédia de manera ambulatória.
	]]></text>
</Section>
<Section span_begin="6212" span_end="6219" id="SECCION_CONTROL" type="INFORMACIÓN SOBRE TRATAMIENTO">
	<name><![CDATA[CONTROL]]></name>
	<text><![CDATA[
Recomendamos  control  de  factores  de  riesgo  cardiovascular  por  equipo  de  atención  primária: objetivo  TA 120/80mmHg
Visita de control a Consultas Externas de Neurovascular el dia 05/07/2017 a las 14h con el Dr. _NAME_ (Edificio de Consultas Externas del _SS_, 1a planta)
DESTINACIÓ A L'ALTA:	A DOMICILI
Validat per: _NAME_	Col·legiat: _ID_
24.03.2017
Pàgina 1 de 3	]]></text>
</Section>
</ehr>