<?xml version='1.0' encoding='UTF-8'?>
<ehr id="355112459.utf8.txt">
<Section id="DEFAULT_HEADER" type="DEFAULT_HEADER" >
	<name>DEFAULT_HEADER</name>
	<text><![CDATA[
_LOCATION_
email: _CONTACT_ Telèfon _CONTACT_
Nº Història Clínica: _ID_
Cognoms, Nom: _NAME_
NºEpisodi: _ID_
CIP: _ID_
Sexe: Dona
Data de Naixement: _DATE_   Edat: 56 Anys
NIF/DNI: _ID__NAME_; _NAME_; _NAME_; _NAME_
Informe d'alta d'hospitalització
12:00:49
30.03.2017
_LOCATION_
_SS_ UNITAT D'ICTUS
CP
ABS
Servei Data d'alta
_LOCATION_
_CONTACT_; _CONTACT_
AGUTS 29.03.2017
Adreça
Telèfon Procedència Data d'ingrés Atès per
	]]></text>
</Section>
<Section span_begin="428" span_end="442" id="SECCION_MOTIVO_DE_INGRESO" type="MOTIVO DEL INGRESO">
	<name><![CDATA[MOTIU D'INGRÉS]]></name>
	<text><![CDATA[
Derivada como código ictus
	]]></text>
</Section>
<Section span_begin="471" span_end="482" id="SECCION_ANTECEDENTES" type="ANTECEDENTES">
	<name><![CDATA[ANTECEDENTS]]></name>
	<text><![CDATA[
-Alergia a pirazolonas
-Exfumadora.
-HTA
-DLP
-Enfermedad cerebrovascular de gran vaso con infartos de diferentes localizaciones de probable origen embólico secundarios a shunt con FOP.
-Aneurisma de sifón carotídeo I detectado de forma incidental, tratado en Septiembre de 2012 mediante stenting con flow diverter (Silk). Aneurisma en bifurcación de ACM I, tratado quirúrgicamente en febrero de 2016.
SSF: mRS 1
	]]></text>
</Section>
<Section span_begin="899" span_end="917" id="SECCION_TRATAMIENTO_HABITUAL" type="INFORMACIÓN SOBRE TRATAMIENTO">
	<name><![CDATA[MEDICACIÓ HABITUAL]]></name>
	<text><![CDATA[
AAS, Higrotona, Ezetrol, Enalapril, Crestor, Adiro, Seroquel, Diazepam, AAS, Cafinitrina, Higrotona, Pristiq.
	]]></text>
</Section>
<Section span_begin="1029" span_end="1042" id="SECCION_PROCESO_ACTUAL" type="INFORMACIÓN SOBRE LA HISTORIA ACTUAL">
	<name><![CDATA[PROCÉS ACTUAL]]></name>
	<text><![CDATA[
Es  traída  a  urgencias por  presentar de  forma  súnita  debilidad  de  extremidades  izquierdas  hoy  a  las  12h encontrándose previamente en su estado basal.
	]]></text>
</Section>
<Section span_begin="1207" span_end="1224" id="SECCION_EXPLORACION_FISICA" type="INFORMACIÓN SOBRE LA EXPLORACIÓN FÍSICA">
	<name><![CDATA[EXPLORACIÓ FÍSICA]]></name>
	<text><![CDATA[
Constantes: TA 152/104 mmHg, FC 74 lpm.
Vígil, alerta, orientada en las tres esferas. Lenguaje conservado. Disartria inteligible (1). HHI residual a ictus previo. No paresia ni hipoestesia facial. Claudicación de ESI que impresiona de ataxia sensitiva (1). Paresia EII (3). Extinción sensitiva izquierda (1). NIHSS 6
	]]></text>
</Section>
<Section span_begin="1544" span_end="1569" id="SECCION_EXPLORACIONES_COMPLEMENTARIAS" type="INFORMACIÓN SOBRE PRUEBAS COMPLEMENTARIAS">
	<name><![CDATA[EXPLORACIÓ COMPLEMENTÀRIA]]></name>
	<text><![CDATA[
-TC craneal multimodal:HALLAZGOS: C SIN CONTRASTE: usencia de signos de hemorragia aguda intracraneal. rtefactos metálicos en relación a stent en ACI hasta M1 izquierda yclip quirúrgico en la bifurcación de ACM izquierda.Cambios postquirúrgicos en relación a craneotomía fronto-temporal zquierda y clipaje de aneurisma. Calcificación y engrosamiento dural ubyacente a la craneotomía. Eabilidad de las hipodensidades occipital izquierda y cerebelosa
derecha en relación a infartos crónicos en territorios de la ACP zquierda y AICA derecha. Infarto lacunar crónico en tálamo izquierdo. esto del parénquima cerebral, cerebeloso y del tronco encefálico sin tras alteraciones densitométricas valorables. structuras de la línea media centradas. istema ventricular de tamaño y morfología
Informe d'alta d'hospitalització
conservada. isternas basales y perimesencefálicas libres.
TC PERFUSIÓN: entro de los parámetros de la normalidad, excepto en las áreas de losinfartos crónicos. En mapas TTPse observa prolongacion en regiones ccipitales de dificil interpretacion , no sugestiva de lesion vascular SQUEMICA, a valorar PRES?
ANGIO-TC: ermeabilidad de las arterias extracraneales, segmento intracraneal de las arterias carótidas internas, arterias vertebrales, tronco basilar y segmentos proximales de las arterias cerebrales anteriores  medias y posteriores, así como del stent intracraneal localizado desde el segmento cavernoso de la ACI izquierda hasta el tercio proximal de la ACM homolateral. Dilatación en segmento distal de la ACM derecha a nivel de bifurcacion que continua con ectasia de rama inferior de ACM de unos 4 mm sugiriendo dilatacion ya presente en angiotac previo 2012 aunque con discreto margen externo mas convexo pero sin llegas a presentar morfologia sacular ya que engloba las ramas de la bifurcacion
CONCLUSIÓN: Ausencia de lesiones agudas intracraneales valorables Permeabilidad de arterias intracraneales así como del stent intracraneal localizado desde el segmento cavernoso de la ACI izquierda - ACM homolateral. Dilatacióndel segmento distal de la ACM derecha a nivel de la bifurcación sin apenas cambios respecto angiotac previo 2012 Infartos crónicos en territorio de la ACP izquierda y AICA derecha ya conocidos. Infarto lacunar crónico en tálamo izquierdo.
-Analítica general:Hematies 4.77 x10E12/L Hemoglobina . 14.1 g/dL Hematòcrit . 43.8 %
Volum corpuscular mig (VCM) . 91.8 fL Hemoglobina corpuscular mitja (HCM) . 29.6 pg Concentració HGB Corpuscular mitja . 32.20 g/dL Ample Distribució Eritrocits (ADE) . 11.8 % Eritroblastes, f . 0.0 % Eritroblastes, c .
0.00 10E9/L Leucòcits . 7.36 x10E9/L Neutròfils % . 60.3 % Limfòcits % . 26.5 % Monòcits % . 8.7 % Eosinòfils % .
3.8 % Basòfils % . 0.7 % Neutròfils . 4.4 x10E9/L Limfòcits . 1.9 x10E9/L Monòcits . 0.6 x10E9/L Eosinòfils . 0.3 x10E9/L Basòfils . 0.1 x10E9/L Plaquetes . 221 x10E9/L Volum plaquetari mig . 10.7 fL Temps de Protrombina (ràtio) 1.03 ràtio Temps de Protrombina (%) . 96 % Temps de Protrombina (INR) . 1.03 Temps de Protrombina (s) . 12 seg TTPA (ràtio) . 1.03 ràtio -TTPA (s) . 31.1 seg -Fibrinogen derivat . 3.98 g/L Glucosa . 80 mg/dL -Urea . 27 mg/dL Creatinini . 0.71 mg/dL -Filtrat glomerular (estimació segons CKD-EPI) . >90 ml/min/1,73 Ió sodi . 137.7 mmol/L Ió potassi . 3.78 mmol/LCalci . 9.2 mg/dL Aspartat-aminotransferasa . 13 UI/L Alanina-aminotransferasa . 7 UI/L Proteïna 7.3 g/dL
-ECG: RS a 80 lpm. aQRS 0º. PR 0.12s. QRS 0.12s. Buena progresión de R en precordiales, sin alteraciones agudas de la repolarización.
	]]></text>
</Section>
<Section span_begin="5114" span_end="5130" id="SECCION_EVOLUCION" type="INFORMACIÓN SOBRE EVOLUCIÓN">
	<name><![CDATA[EVOLUCIÓ CLÍNICA]]></name>
	<text><![CDATA[
Mujer de 56 años con antecedentes de HTA, DLP, enfermedad cerebrovascular de gran vaso con infartos de diferentes localizaciones de probable origen embólico secundarios a shunt con FOP. Aneurisma de sifón carotídeo I detectado de forma incidental, tratado en Septiembre de 2012 mediante stenting con flow diverter (Silk).
Aneurisma en bifurcación de ACM I, tratado quirúrgicamente en febrero de 2016. Es traída a urgencias por presentar de forma súnita debilidad de extremidades izquierdas hoy a las 12h encontrándose previamente en su estado basal.
Durante su estancia en urgencias permanece clínica y hemodinámicamente estable, con adecuada tolerancia oral y sin incidencias.
A la exploración TA 151/99 mmHg FC 69 lpm T º36.2ºC SpO2 94% AA BMT 124. Vigil,atenta, orientada. No DOC. HHI por confrontación (secuelar). No PFNS. Balance motor globalmente conservado si bien refiere menos fuerza en EII. Parestesias braquiales izquierdas. Lenguaje y habla conservados.
Informe d'alta d'hospitalització
Dados los antecedentes creemos oportuno completar el estudio en hospital de referencia mediante RM cerebral, para descartar nuevo evento vascular. La paciente refiere ser claustrofóbica por lo que habría que realizar RM abierta.
	]]></text>
</Section>
<Section span_begin="6364" span_end="6375" id="SECCION_DIAGNOSTICO_PRINCIPAL" type="DIAGNÓSTICO">
	<name><![CDATA[DIAGNÒSTICS]]></name>
	<text><![CDATA[
Parestesias inespecíficas.
	]]></text>
</Section>
<Section span_begin="6404" span_end="6439" id="SECCION_TRATAMIENTO_AL_ALTA" type="INFORMACIÓN SOBRE TRATAMIENTO">
	<name><![CDATA[TRACTAMENT I RECOMANACIONS A L'ALTA]]></name>
	<text><![CDATA[
se adjunta hoja de tratamiento en urgencias.
DESTINACIÓ A L'ALTA:	HOSP. AGUTS/PSQ
Validat per: _NAME_	Col·legiat: _ID_
30.03.2017
Pàgina 1 de 3	]]></text>
</Section>
</ehr>