<?xml version='1.0' encoding='UTF-8'?>
<ehr id="355596008.utf8.txt">
<Section id="DEFAULT_HEADER" type="DEFAULT_HEADER" >
	<name>DEFAULT_HEADER</name>
	<text><![CDATA[
_LOCATION_
email: _CONTACT_ Telèfon _CONTACT_
Nº Història Clínica: _ID_
Cognoms, Nom: _NAME_
NºEpisodi: _ID_
CIP: _ID_
Sexe: Home
Data de Naixement: _DATE_   Edat: 73 Anys
NIF/DNI: _ID_Informe d'alta d'hospitalització
18:00:00
31.03.2017
_LOCATION_
_SS_ NEUROLOGIA
ABS
Servei Data d'alta
_CONTACT_
ATEN.PRIMÀRIA 25.03.2017
Equipo Dr _NAME_ (_NAME_, _NAME_, _NAME_)
_LOCATION_
Adreça
Telèfon Procedència Data d'ingrés Atès per
	]]></text>
</Section>
<Section span_begin="429" span_end="443" id="SECCION_MOTIVO_DE_INGRESO" type="MOTIVO DEL INGRESO">
	<name><![CDATA[MOTIU D'INGRÉS]]></name>
	<text><![CDATA[
Varón de 73 años que ingresa por hemorragia intracerebral
	]]></text>
</Section>
<Section span_begin="503" span_end="514" id="SECCION_ANTECEDENTES" type="ANTECEDENTES">
	<name><![CDATA[ANTECEDENTS]]></name>
	<text><![CDATA[
	]]></text>
</Section>
<Section span_begin="515" span_end="538" id="SECCION_ANTECEDENTES_PERSONALES" type="ANTECEDENTES">
	<name><![CDATA[Antecedentes personales]]></name>
	<text><![CDATA[
*No AMC.
*Hábito tabáquico: 10 cigarrillos/día. Hábito enólico: ocasional.
	]]></text>
</Section>
<Section span_begin="615" span_end="639" id="SECCION_ANTECEDENTES" type="ANTECEDENTES">
	<name><![CDATA[Antecedentes patológicos]]></name>
	<text><![CDATA[
-Dislipemia de tipo mixto de larga evolución en tratamiento con estatinas.
-Hipotiroidismo primario en control por su CAP. Sin sintomatologìa. Último control en mayo de 2015: TSH 2.185. En tratamiento sustitutivo con Levotiroxina.
-Neoplasia  de próstata por lo que se realizó  RTU en  2003 (Fundació Puigvert).
-EPOC  tipo  enfisema  pulmonar  en  control  por  su  médico  de  Atención  Primaria.  No  consta  historia  de exacerbaciones por dicho motivo. No aislamientos microbiológicos.No realiza tratamiento broncodilatador.
*Últimas PFR (6/2014):  FVE1/CVF: 0.68, FEV1:  104.54 % (2.56 L), CVF:  112.24 % (3.74 L).
*Nódulos pulmonares evidenciados por TAC (no se dispone de infomres). Se objetivaron 2 nódulos pulmonares milimétricos que en controles de TC posteriores no se han modificado.
-Síndrome depresivo en tratamiento farmacológico antidepresivo.
-IQ hemorroides en el 2008
	]]></text>
</Section>
<Section span_begin="1529" span_end="1553" id="SECCION_SITUACION_FUNCIONAL" type="ANTECEDENTES">
	<name><![CDATA[Situación sociofuncional]]></name>
	<text><![CDATA[
: Independiente para actividades básicas de la vida diario. mRS 1.
	]]></text>
</Section>
<Section span_begin="1621" span_end="1639" id="SECCION_TRATAMIENTO_HABITUAL" type="INFORMACIÓN SOBRE TRATAMIENTO">
	<name><![CDATA[MEDICACIÓ HABITUAL]]></name>
	<text><![CDATA[
Lorazepam 1mg (1-0-0), Mirtazapina 30 mg (1-0-0)l AAS 100mg (1-0-0), Simvastatina 40 mg (0-0-1), Paracetamol 650mg si precisa, Omeprazol 20mg (1-0-0), Eutirox (Levotiroxina) 100mcg 1-0-0
	]]></text>
</Section>
<Section span_begin="1828" span_end="1841" id="SECCION_PROCESO_ACTUAL" type="INFORMACIÓN SOBRE LA HISTORIA ACTUAL">
	<name><![CDATA[PROCÉS ACTUAL]]></name>
	<text><![CDATA[
Paciente con los antecedentes mencionados que, estando previamente asintomático, presenta el dia 25/03/2017 a las 18:15 cuadro de paresia en extremidades derechas por lo que acude al _SS_ desde donde se activa Código Ictus y se deriva a nuestro centro. Hora de llegada: 20:47 horas.
	]]></text>
</Section>
<Section span_begin="2126" span_end="2143" id="SECCION_EXPLORACION_FISICA" type="INFORMACIÓN SOBRE LA EXPLORACIÓN FÍSICA">
	<name><![CDATA[EXPLORACIÓ FÍSICA]]></name>
	<text><![CDATA[
	]]></text>
</Section>
<Section span_begin="2145" span_end="2176" id="SECCION_EXPLORACION_FISICA_EN_URGENCIAS" type="INFORMACIÓN SOBRE LA EXPLORACIÓN FÍSICA">
	<name><![CDATA[Exploración física en Urgencias]]></name>
	<text><![CDATA[
TA 153/80mmHg, FC 80lpm, SaO2 97% aa
Paciente con regular estado general, normocoloreado, normohidratado, normoperfundido.
Auscultación cardiaca con tonos rítmicos y sin soplos, no presenta edemas en miembros inferiores ni ingurgitación yugular.
Auscultación pulmonar con murmullo vesicular conservado y roncus bilaterales.
Informe d'alta d'hospitalització
Neurológicamente somnoliento (1), afasia global (2+2+3), paresia facial supranuclear derecha (2), HHD (2), plejia braquial derecha (4), paresia 3/5 crural derecha (2). Sensibilidad no valorable (1). NIHSS 19.
	]]></text>
</Section>
<Section span_begin="2749" span_end="2787" id="SECCION_EXPLORACION_FISICA_DURANTE_HOSPITALIZACION" type="INFORMACIÓN SOBRE LA EXPLORACIÓN FÍSICA">
	<name><![CDATA[Exploración física  en Unidad de Ictus]]></name>
	<text><![CDATA[
Somnoliento (1), afasia global (2+2+3), paresia facial supranuclear derecha (2), HHD (2), plejia braquial derecha (4), paresia 3/5 crural derecha (2). Sensibilidad no valorable (1). NIHSS total de19.
Exploración física en Planta de Neurología
Vigil y alerta. Disartria. Afasia global (2+2+3). No obedece órdenes sencillas. Hemianopsia derecha (2). Paresia facial supranuclear derecha (2). No alteraciones en los demás pares craneales. Plejia braquial derecha (4). Paresia 3/5 crural derecha (2). Sensibilidad no valorable (1). No extinción sensitiva valorable. No se valoran dismetrías. NIHSS total de 18.
	]]></text>
</Section>
<Section span_begin="3397" span_end="3422" id="SECCION_EXPLORACIONES_COMPLEMENTARIAS" type="INFORMACIÓN SOBRE PRUEBAS COMPLEMENTARIAS">
	<name><![CDATA[EXPLORACIÓ COMPLEMENTÀRIA]]></name>
	<text><![CDATA[
-ECG: Ritmo sinusal a 60lpm, PR 120ms, QRS 80ms, eje -30º, sin alteraciones agudas de la repolarización.
-Analítica general 26/03/17: Hb:11,8 gr/dl, HTC: 38,8%, Leucocitos: 10009,PLT: 314000, TP:12,5 seg,TTPa:28,8 seg,INR;1,07, Glucosa:133 mg/dl, Urea:30mg/dl, Creat:0,57mg/dl, Na:137mmol/L, K:3,67mmol/L, Ca: 8,9mg/dl.
-TAC de craneo 25/03/2017--> Hematoma agudo intraparenquimatoso centrado en región ganglio-basal izquierda con extensión hacia región temporal y diámetros de 56x33x39 mm (APxTVxCC) volumen de 36 cc. Se rodea de discreto edema vasogénico y condiciona efecto de masa con compresión delventrículo lateral izquierdo sin desplazamiento significativo de la línea media. El resto de sistema ventricular conserva su tamaño.No se identifican otras alteraciones densitométricas o morfológicas en parénquima cerebral. Cisternas basales y peritronculares libres. El estudio angiográfico no muestra foco de sangrado activo. Permeabilidad de estructuras vasculares arterialesen territorio vascular carotídeo y eje vertebrobasilar.
-TAC de craneo 26/03/2017--> Estabilitat de l'hematoma intraparenquimatós centrat a regió gangli-basal esquerra amb extensió cap regió temporal. S'envolta de discret edema vasogènic i condiciona un efecte de massa amb compressiódel ventrícle lateral esquerre sense desplaçament significatiu de la línia mitjana. La resta de sistema ventricular conserva la seva mida. No s'identifiquen altres alteracions densitomètriques o morfològiques en parènquima cerebral.Àrees hipodenses periventriculars en probable relació a leucoaraiosis. Correcta disposició de las amígadales cerebel.loses.Cisternes basals i perimesencefàliques lliures.Ocupació parcial de si esfenoïdal.Prominentes granulaciones aracnoideas a calota cranaloccipital dreta, afectant extensament el díploe intern i a alguns segments també el díploe extern, sense canvis.
-Analítica general 28/03/17: Hties 4.77 x10E12/L, Hb: 11.8 g/dL, Hto: 36.6 %, VCM: 76.7 fL, Leucocitos: 21.45 x10E9/L (Neutrófilos: 18.8,   Linfocitos: 1.2, Monocitos: 1.1), Plaquetes: 300 x10E9/L,  TP: 14.5 seg, INR: 1.24,
TTPAr: 0.93 r, glucosa: 146 mg/dl, HbA1C: 5.7 %,  fructosamina:  213 umol/l, urea: 14 mg/dl, Cr: 0.60 mg/dl, FG:
> 90 ml/min, uratos: 2.7 mg/dl, Bil: 0,55 mg/dl, Bil E: 0.27 mg/dl, Na: 138.4 mmol/l,  k: 3.80 mmol/l, Ca: 8.8 mg/dl,
AST: 17 UI/L, ALT: 13 UI/L,  CT: 169 mg/dl, HDL: 44 mg/dl,  LDL: 113 mg/dl, TAG: 60 mg/dl, Pt: 6.3 mg/dl, Alb:
3.5 mg/dl, PCR: 10.31 mg/dl, TSH; 2.18, T4L: 1.37 ng/ml.
-Sedimento de orina 28/03/17: leucocituria: 328, hematuria: 4.4, bacterias: 96.
-Urocultivo 28/03/17: negativo.
-Hemocultivos 26/03717: permanecen negativos.
-Radiografía de tórax 25/93/17: ICT dentro de la normalidad. No se objetivan  condensaciones parenquimatosas.
Informe d'alta d'hospitalització
	]]></text>
</Section>
<Section span_begin="6218" span_end="6234" id="SECCION_EVOLUCION" type="INFORMACIÓN SOBRE EVOLUCIÓN">
	<name><![CDATA[EVOLUCIÓ CLÍNICA]]></name>
	<text><![CDATA[
Paciente que acude por clínica de hemiplejia derecha y trastorno del lenguaje, objetivándose en el TC craneal a su llegada un hematoma de ganglios basales izquierdos, con spot-sign negativo. Se inicia tratamiento antihipertensivo intensivo, e ingresa en la Unidad de Ictus.
A las 24h, se realiza un TC craneal de control que muestra estabilidad del hematoma intraparenquimatoso, con buen control tensional posterior, aunque se inicia tratamiento antihipertensivo oral y dieta sin sal. El paciente ha iniciado la dieta oral, presentando en el momento actual disfagia a líquidos. Se ha iniciado el tratamiento rehabilitador en nuestro centro sin complicaciones.
El paciente presenta como incidencias un síndrome febril sin un claro foco, porque ha presentado abundantes secreciones respiratorias, y en el sedimento urinario presenta leucocituria leve (urocultivos negativos, hemocultivos pendientes), por lo que se ha iniciado antibioterapia empírica con Amoxicilina-Clavulánico.
Ante estabilidad clínica en el momento actual se decide traslado a Planta de Neurología  para control evolutivo. A su llegada a Planta de NRL el paciente permanece clínicamente estable. Exploración física y neurológica sin cambios. Se solicita traslado a _SS_ por criterios de sectorización, para continuar tratamiento rehabilitador y convalescencia.
Al alta NIHSS 18, mRS 5.
	]]></text>
</Section>
<Section span_begin="7590" span_end="7601" id="SECCION_DIAGNOSTICO_PRINCIPAL" type="DIAGNÓSTICO">
	<name><![CDATA[DIAGNÒSTICS]]></name>
	<text><![CDATA[
-Hemorragia de ganglios basales izquierdos de probable etiología hipertensiva
-Hipertensión arterial de debut
-EPOC
-Dislipemia
-Hipotiroidismo
	]]></text>
</Section>
<Section span_begin="7747" span_end="7782" id="SECCION_TRATAMIENTO_AL_ALTA" type="INFORMACIÓN SOBRE TRATAMIENTO">
	<name><![CDATA[TRACTAMENT I RECOMANACIONS A L'ALTA]]></name>
	<text><![CDATA[
Se adjunta
	]]></text>
</Section>
<Section span_begin="7795" span_end="7802" id="SECCION_CONTROL" type="INFORMACIÓN SOBRE TRATAMIENTO">
	<name><![CDATA[CONTROL]]></name>
	<text><![CDATA[
Control con el médico del ambulatorio y especialistas habituales Control con Neurología de zona
DESTINACIÓ A L'ALTA:	HOSP. AGUTS/PSQ
Validat per: _NAME_	Col·legiat: _ID_
31.03.2017
Pàgina 1 de 3	]]></text>
</Section>
</ehr>