<?xml version='1.0' encoding='UTF-8'?>
<ehr id="355513787.utf8.txt">
<Section id="DEFAULT_HEADER" type="DEFAULT_HEADER" >
	<name>DEFAULT_HEADER</name>
	<text><![CDATA[
_LOCATION_) Telèfon _SS_  972 _CONTACT_
Telèfon IDI (Ressonància i TAC) _CONTACT_
Telèfon ICO _CONTACT_
Nº Història Clínica: _ID_
Cognoms, Nom: _NAME_
NºEpisodi: _ID_
CIP: _ID_
Sexe: Dona
Data de Naixement: _DATE_   Edat: 68 Anys
NIF/DNI: _ID__NAME_; _NAME_
Informe d'alta d'hospitalització
CP	_LOCATION_
ABS	_SS_
Servei	NEUROLOGIA
Data d'alta  31.03.2017	12:23:58
_LOCATION_
_CONTACT_; _CONTACT_
AGUTS 29.03.2017
Adreça
Telèfon Procedència Data d'ingrés Atès per
	]]></text>
</Section>
<Section span_begin="467" span_end="481" id="SECCION_MOTIVO_DE_INGRESO" type="MOTIVO DEL INGRESO">
	<name><![CDATA[MOTIU D'INGRÉS]]></name>
	<text><![CDATA[
Sindrome queiro-oral derecho
	]]></text>
</Section>
<Section span_begin="512" span_end="523" id="SECCION_ANTECEDENTES" type="ANTECEDENTES">
	<name><![CDATA[ANTECEDENTS]]></name>
	<text><![CDATA[
	]]></text>
</Section>
<Section span_begin="524" span_end="547" id="SECCION_ANTECEDENTES_PERSONALES" type="ANTECEDENTES">
	<name><![CDATA[ANTECEDENTES PERSONALES]]></name>
	<text><![CDATA[
-Alergia a cortisona, penicilina, primperan, voltaren,
-Indpendiente para ABVD. Vive sola
-No hábitos tóxicos,
	]]></text>
</Section>
<Section span_begin="660" span_end="682" id="SECCION_ANTECEDENTES_PATOLOGICOS" type="ANTECEDENTES">
	<name><![CDATA[ANTECEDENTS PATOLÒGICS]]></name>
	<text><![CDATA[
:
-HTA en tratamient farmacológico. Buen control tensional segun la familia.
-Artrosis  de cadera derecha, con lumbociatalgia  secundaria  en tratamiento con Lyrica. Pendiente de valorar cirugía.
- Cataratas en ambos ojos, no intervenida.
-Trastorno ansioso depresivo en tratamiento con Noiafren. No DLP ni DM2 conocidas.
	]]></text>
</Section>
<Section span_begin="1005" span_end="1023" id="SECCION_TRATAMIENTO_HABITUAL" type="INFORMACIÓN SOBRE TRATAMIENTO">
	<name><![CDATA[MEDICACIÓ HABITUAL]]></name>
	<text><![CDATA[
Enalapril/Hidroclorotiazida 20/12.5mg cada 24h
Noiafren 10mg/24h, Omeprazol 20mg/24h, Lyrica 25mg/12h Nolotil 575mg/8h si precisa, Paracetamol 1g/8h si precisa
	]]></text>
</Section>
<Section span_begin="1186" span_end="1199" id="SECCION_PROCESO_ACTUAL" type="INFORMACIÓN SOBRE LA HISTORIA ACTUAL">
	<name><![CDATA[PROCÉS ACTUAL]]></name>
	<text><![CDATA[
Paciente de 68 años que el 29/03/2017 presentó episoido de inicio brusco sobre las 9:30h de alteración sensitiva (hormigueos) en dedos de la mano derecha y peribucal derecha de una media hora de duración. El episodio se repitió en tres ocasiones, de la misma duración. Último episodio a las 14:30 hs del mismo 29/03/2018
Acue al _SS_  desde donde se  activa  código  ictus  y se  deriva  a  nuestro centro  para valoración.
	]]></text>
</Section>
<Section span_begin="1625" span_end="1642" id="SECCION_EXPLORACION_FISICA" type="INFORMACIÓN SOBRE LA EXPLORACIÓN FÍSICA">
	<name><![CDATA[EXPLORACIÓ FÍSICA]]></name>
	<text><![CDATA[
TA: 166/93  FC: 80	SatO2: 98%
AC: Soplo sistólico aórtico, rítmico
AR: murmullo vesicular conservado, sin ruidos sobreañadidos.
Exploracion NRL: vigil, orientada, no alteraciones del lenguaje. Movimientos oculomotores conservados, no déficit campimétrico. No alteraciones pares craneales. No déficit motor ni sensitivo, no dismetria. RCP flexor bilateral, NIHSS: 0
Informe d'alta d'hospitalització
	]]></text>
</Section>
<Section span_begin="2046" span_end="2071" id="SECCION_EXPLORACIONES_COMPLEMENTARIAS" type="INFORMACIÓN SOBRE PRUEBAS COMPLEMENTARIAS">
	<name><![CDATA[EXPLORACIÓ COMPLEMENTÀRIA]]></name>
	<text><![CDATA[
Analítica sanguinia:
-	Hemograma:  Hemoglobina  14.4  g/dL,  Hematòcrit  44  %,  Volum  corpuscular  mitjà  88.4  fL,  Hemoglobina corpuscular mitja 29 pg
Plaquetes 155 K/mcL, Leucòcits 6.42 K/mcL
-	Tasa protrombina 93 %, Tasa protrombina (INR) 1.03, Temps de cefalina (TTPA) 25 segons, Temps de cefalina (ratio) 0.8, Fibrinogen (deduit) 293 mg/dL
-	Glucosa * 128 mg/dL, Urea 48 mg/dL, Creatinina * 1.09 mg/dL, Urat 5.6 mg/dL, Proteïna 7.4 g/dL, Albúmina (sèrum) 4.3 g/dL
Colesterol * 268 mg/dL, Colesterol HDL * 93 mg/dL, Colesterol LDL (calcul) * 151 mg/dL, Triglicèrid 119 mg/dL Perfil hepático correcto excepto GGT * 58 U/,
-	Lactat deshidrogenasa * 262 U/L, Creatincinasa (CK) 110 U/L, Amilasa * 107 U/L, Calci (II) 9.4 mg/dL, Ió sodi 141 mEqu/L, Ió potasi 4.7 mEqu/L
ECG: RS a 70 bpm, eix a -30º, PR de 0.12, ense alteracions de la repolarització
Rx de tórax: ICT correcto, no condensaciones. Senos costofrénicos libres.
TC cranial: Troballes compatibles amb meningioma calcificat infratentorial localitzat a la fossa posterior esquerra. Aquesta lesió està en contacte amb el si sigmoide esquerra, el qual és permeable, i la vora inferior del tentori ipsilateral.
Eco-doppler en urgéncias:
-	TSA: sense ateromatosi ni estenosis carotídees. Av permeables, AVe hipoplàsica respecte dreta.
-	TC: no valorable per mala finestra, aparen tment territori anterior permeable. A basilar poermeable,insono fins 9,3cm, segments V4 permeables.
EEG 30/03/2017: Traçat admissible dins la  normalitat, sense registrar  actualment paroxismes  suggestius de comicialitat.
Eco-doppler de control 31/03/2017:
DUPLEX TSA
-	Ateromatosis carotídea discreta, con alguna placa fibrosa en ambas ACCs distales, no estenosantes.
-	ICAs sin alteraciones hemodinámicas.
-	AVs normales (hipoplásica derecha)
DÚPLEX TRANSCRANEAL (estudio con contraste por VOT ausente)
-	Estudio normal, tanto territorio anterior como vertebrobasilar, con leve asimetría entre ACMs (D vs iz: 42 vs 50).
-	Ambas V4 permeables.
-	Basilar normal
CONCLUSIÓN: estudio sin alteraciones relevantes.
	]]></text>
</Section>
<Section span_begin="4126" span_end="4142" id="SECCION_EVOLUCION" type="INFORMACIÓN SOBRE EVOLUCIÓN">
	<name><![CDATA[EVOLUCIÓ CLÍNICA]]></name>
	<text><![CDATA[
Paciente con sindrome queiro-oral de repetición, con TC de craneo sin lesiones agudas y eco-doppler sin alteraciones relevantes excepto leve ateromatosis. Se inicia antiagregacion y tratamiento antilipemiante.
Se detecta como hallazgo incidental meningioma infrantentorial calcificado, siendo valorada por Neurocirurgia que solicitan TC de craneo de control (la paciente refiere claustrofobia) y visita de control a Consultas Externas de Neurocirurgia.
Informe d'alta d'hospitalització
Ingresa en la unidad de ictus para vigilancia y monitorización, con correcto control glicémico y leve hipertensión con TAS de 140 y TAD de 90mmHg sin medicacion hipotensora, normotensión con reinicio de su medicaicón habitual.. No se detectan arritmias en el monitor.
Se detecta hipercolesterolemia en analítica realizada al ingreso, manteniendo tratamiento antilipemiante.
Se detecta soplo aórtico sistólico (segun la familia ya conocido préviamente) por lo que se recomienda ecocardio TT ambulatorio.
Debido a la repetición de los episodios con resolución completa, por dudas de si puede tratarse de etiologia comicial, se realiza EEG sin alteraciones, y sin repetición de los episodios durante el ingreso no se inicia tratamiento anticomicial ante la baha sospecha.
Con estabilidad clínica y hemodinámica, es alta a domicilio con control a Consultas Externas de Neurovascular. Escalas al alta:
-	NIHSS = 0
-	Rankin 0
-	Barthel 100%
	]]></text>
</Section>
<Section span_begin="5570" span_end="5581" id="SECCION_DIAGNOSTICO_PRINCIPAL" type="DIAGNÓSTICO">
	<name><![CDATA[DIAGNÒSTICS]]></name>
	<text><![CDATA[
435.9 Isquèmia cerebral transitòria : sindrome queiro-oral, de probable etiologia lacunar 272.4/1 Dislipemia
401.9 Hipertensió essencial inespecificada 225.2/1 Meningioma infratentorial izquierdo
	]]></text>
</Section>
<Section span_begin="5779" span_end="5814" id="SECCION_TRATAMIENTO_AL_ALTA" type="INFORMACIÓN SOBRE TRATAMIENTO">
	<name><![CDATA[TRACTAMENT I RECOMANACIONS A L'ALTA]]></name>
	<text><![CDATA[
Tratamiento al alta:
-	Adiro 100mg/24h con la comida
-	Atorvastatina 40mg/24h con la cena
Resto de tratamiento sin cambios: Enalapril/Hidroclorotiazida 20/12.5mg cada 24h, Noiafren 10mg/24h, Omeprazol 20mg/24h, Lyrica 25mg/12h, Nolotil 575mg/8h si precisa, Paracetamol 1g/8h si precisa
Se recomienda dieta sin sal.
	]]></text>
</Section>
<Section span_begin="6134" span_end="6141" id="SECCION_CONTROL" type="INFORMACIÓN SOBRE TRATAMIENTO">
	<name><![CDATA[CONTROL]]></name>
	<text><![CDATA[
Se recomienda ecocardio TT ambulatorio en _SS_ (peticion a cursar por equipo de atención primária)
Pendiente de cita para TC de craneo de control en 6 meses y primera visita a Consultas Externas de Neurocirurgia para control de meningioma infratentorial.
Visita de control a Consultas Externas de Neurovascular el dia 13/07/2017 a las 18:25h con la Dra. _NAME_ (Edificio de Consultas Externas del _SS_, 1a planta)
Control de factores de riesgo por equipo de atención primária: LDL < 80mg/dl, TA 120/80mmHg
Informe d'alta d'hospitalització
DESTINACIÓ A L'ALTA:	A DOMICILI
Validat per: _NAME_	Col·legiat: _ID_
31.03.2017
Pàgina 1 de 4	]]></text>
</Section>
</ehr>