<?xml version='1.0' encoding='UTF-8'?>
<ehr id="355569594.utf8.txt">
<Section id="DEFAULT_HEADER" type="DEFAULT_HEADER" >
	<name>DEFAULT_HEADER</name>
	<text><![CDATA[
I.CLINIC DE NEUROCIÈNCIES NEUROLOGIA
_NAME_	NHC: _ID_
Sexo/Sexe: Masc.	Fecha nac./Data naix.: _DATE_	Edad/Edat: 62 años Dirección/Adreça: _LOCATION_		CP: _LOCATION_
Municip. (Prov.): _LOCATION_  ABS:_SS_		Tel.:_CONTACT_ As.: SERVEI CATALA DE LA SALUT	CIP: _ID_	NASS: _ID_
Nº epis.: _ID_	Tipo/Tipus: HOSPIT.	Inici.: 25.03.2017
Serv: NEUROLOGIA	UO Enf.: G6B4 SALA G NEUROL. CURT. E Hora: 20:15:06 Facult. de ref.: _NAME_
	]]></text>
</Section>
<Section span_begin="425" span_end="450" id="SECCION_TIPO_DE_INGRESO" type="TIPO DE INGRESO">
	<name><![CDATA[Tipo ingreso/Tipus ingrés]]></name>
	<text><![CDATA[
: Urgent	Motivo/Motiu alta: Dom. Familiar
Diag.:
VERTIGO PERIFÉRICO () EMERGENCIA HIPERTENSIVA ()
Proc.:
INFORME CLÍNICO ALTA / INFORME CLÍNIC ALTA
	]]></text>
</Section>
<Section span_begin="603" span_end="641" id="SECCION_MOTIVO_DE_INGRESO" type="MOTIVO DEL INGRESO">
	<name><![CDATA[Motivo de consulta / Motiu de consulta]]></name>
	<text><![CDATA[
Mareo y vómitos.
	]]></text>
</Section>
<Section span_begin="660" span_end="722" id="SECCION_ANTECEDENTES" type="ANTECEDENTES">
	<name><![CDATA[Antecedentes e historia previa / Antecedents i història prèvia]]></name>
	<text><![CDATA[
Hombre de 63 años, sin AMC ni hábitos tóxicos. Vive con su esposa. Autónomo para las ABVD (mRankin 0).
ANTECEDENTES PATOLÓGICOS:
1.	Insuficiencia renal crónica secundaria a poliquistosis hepatorrenal, por la que recibió trasplante renal en mayo de 2007. En agosto de 2008 presentó como complicaicón unainfección por citomegalovirus, por la que recibió tratamiento con ganciclovir., Se realizó biopsia renal de control en agosto de 2008 sin alteraciones significativas (controles UTR _SS_ Dr. _NAME_).
2.	HTA en tratamiento.
3.	Hiperparatiroidismo secundario a IRC
4.	Oclusión de la vena central de la retina del ojo derecho en el 93.
5.	Cierre de fístula arterovenosa braquial el 05/06/15.
	]]></text>
</Section>
<Section span_begin="1415" span_end="1435" id="SECCION_TRATAMIENTO_HABITUAL" type="INFORMACIÓN SOBRE TRATAMIENTO">
	<name><![CDATA[TRATAMIENTO HABITUAL]]></name>
	<text><![CDATA[
 (marzo/17):
ADVAGRAF 0,5MG/24h, ADVAGRAF 1MG MYFORTIC 360MG/24h CITALOPRAM 20MG/24h LOSARTAN 50MG/24h STILNOX 10MG/24h DOXAZOSINA 4 MG/24h
	]]></text>
</Section>
<Section span_begin="1576" span_end="1606" id="SECCION_PROCESO_ACTUAL" type="INFORMACIÓN SOBRE LA HISTORIA ACTUAL">
	<name><![CDATA[Proceso actual / Procés actual]]></name>
	<text><![CDATA[
Paciente que presenta de forma súbita a las 17h mientras estaba sentado delante del ordenador, mareo y vómitos. Acude a urgencias (triage 18:45h) y se nos avisa desde PUR2 para activación de código ictus intramuros.
	]]></text>
</Section>
<Section span_begin="1824" span_end="1862" id="SECCION_EXPLORACION_FISICA" type="INFORMACIÓN SOBRE LA EXPLORACIÓN FÍSICA">
	<name><![CDATA[Exploración física / Exploració física]]></name>
	<text><![CDATA[
25/03/2017-20:20:00: PAS (mm Hg) 176, PAD (mm Hg) 94. 25/03/2017-21:00:0 0 : Frecuencia respiratoria (rpm) 17, Pulsioximetría (%) 99. 25/03/2017- 22:00:00 : FiO2 (%) 21, Tª axilar (ºC) 36.2. 26/03/2017-06:30:00
: Glice mia capilar (mg/dl) 140.
* NRL: Consciente y orientado en las 3 esferas. Resto de funciones superiores conservadas. Ojos cerrados de forma espontánea. Presenta nistagmus horizonto-rotatorio en todas las posiciones de la mirada, de predominio a la derecha. No déficit campimétrico. No paresia facial. Balance motor conservado en las cuatro extremidades. No déficit sensitivo. No dismetrías. RCP flexor bilateral. NIHSS 0.
Laboratorio / Laboratori
*	ANALÍTICA SANGUÍNEA (se adjunta): función renal, hepática y tiroidea sin alteraciones relevantes. Colesterol LDL 132 mg/dL, Colesterol HDL 42 mg/dL, Hemoglobina glicada 5.0%. Àcid Micofenólic 7.3 µg/mL, Tacròlimus (FK506) 6.9 ng/mL.
Radiología / Radiologia
*	TC CRANEAL MULTIMODAL:
-	TC CRANEAL BASAL: No se observa hemorragia intra ni extraaxial. Parénquima cerebral sin alteraciones densitométricas. Leves signos de leucoaraiosis periventricular sugestivos de micronagiopatía crónica.
-	TC PERFUSIÓN:  No se observan alteraciones significativas en la perfusión cerebral.
-	ANGIO-TC EXTRA E INTRACRANEAL: Ateromatosis leve de troncos supraórticos sin presencia de oclusiones ni estenosis significativas a nivel intra ni extracraneal.
* RM CEREBRAL: No se aprecian alteraciones de la señal ni morfológicas a nivel de las estructuras del encéfalo tanto a nivel supra como infratentorial. No se aprecian colecciones extraaxiales. Estructuras selares y paraselares sin alteraciones valorables. Las estructuras de la base del craneo tienen un aspecto RM normal.
-	Angio-RM craneal: demuestra la existencia de una asimetría en el calibre del segmento intra craneal de las arterias vertebrales siendo el segmento C4 derecho filiforme.Resto del estudio arterial intracraneal no demuestra alteraciones significativas.
	]]></text>
</Section>
<Section span_begin="3844" span_end="3904" id="SECCION_EXPLORACIONES_COMPLEMENTARIAS" type="INFORMACIÓN SOBRE PRUEBAS COMPLEMENTARIAS">
	<name><![CDATA[Exploraciones complementarias / Exploracions complementàries]]></name>
	<text><![CDATA[
** ECG: Ritmo sinusal. PR normal. QRS sin alteraiciones. Sin signos de isquemia miocárdica.
	]]></text>
</Section>
<Section span_begin="3999" span_end="4019" id="SECCION_EVOLUCION" type="INFORMACIÓN SOBRE EVOLUCIÓN">
	<name><![CDATA[Evolución / Evolució]]></name>
	<text><![CDATA[
1. EMERGENCIA HIPERTENSIVA 2. SÍNDROME VERTIGINOSO PERIFÉRICO 3. SÍNDROME MALLORY-WEISS.
Paciente que consulta por cuadro de inestabilidad cefálica y un vómito de inicio súbito. A su llegada a Urgencias presenta hipertensión arterial grave (PAS 210 mmHg). A la exploración física destaca un nistagmus horizonto-rotatorio en todas las posiciones de la mirada, de predominio a la derecha, sin otros déficits neurológicos focales. Presenta vómitos incoercibles en poso de café. La analítica sanguínea muestra creatinina de 1.3 (FG 55 ml/min), sin otras alteraciones. Niveles de tacrolimus en rango, micofenolato elevados pero se consulta con Nefrología y se considera no significativos. El TC craneal no muestra lesiones isquémicas agudas ni hemorrágicas. El estudio vascular mediante angio-TC y angio-RM muestra hipoplasia de la arteria vertebral derecha, siendo el segmento V4 derecho filiforme, lo que podría estar en relación con placas de ateroma, sin poderse visualizar la PICA ipsilateral.
Ante la sospecha inicial de posible ictus de territorio vertebrobasilar, se inicia tratamiento antiagregante con AAS 100 mg/24h. Además, presenta cuadro de emergencia hipertensiva que requiere de medicación antihipertensiva para su normalización.
Se completa estudio con RM cerebral que no muestra lesiones isquémicas agudas ni hemorrágicas crónicas. Durante el ingreso en Unidad de ictus, el paciente presenta normalización de las cifras tensionales con el tratamiento. A la exploración neurológica persiste inicialmente el nistagmus horizontal a la mirada lateral izquierda y superior, que se resuelve a las 72h, si otros déficits focales. Se consulta por Gastroenterología y se inicia tratmiento gastroprotector, quedando el paciente asintomático y sin nuevos episodios de vómitos. Valorado por otorrinolaringología se sugiere probable vértigo periférico como causante del cuadro.
Ante la estabilidad clínica actual del paciente, es dado de alta a domicilio. Se remite para seguimiento por su médico de atención primaria. Se recomienda estricto control de factores de riesgo cardiovascular, en
especial de la presión arterial. Seguimiento por parte de otorrinolaringología.
Plan terapéutico / Pla terapèutic
- Citalopram 20 MG. Vía oral. Cada 24 horas. - Myfortic 360 MG. Vía oral. Dos veces al día: desayuno y cena. - Advagraf 1 MG. Vía oral. Cada 24 horas. - Advagraf 0, 5 MG. Vía oral. Cada 24 horas. - Omeprazol 20 MG. Vía oral. Una vez al día, en el desayuno. - Stilnox 10 MG. Vía oral. Cada 24 horas. - Primperan 10 MG. Vía oral. Desayuno, comida y cena. Si náuseas, durante 5 días, antes de las comidas - Dogmatil 200 MG. Vía oral. Dos veces al día: desayuno y cena. En caso de persistencia de vertigo, durante 5 días. - Doxazosina 4 MG. Vía oral. Dos veces al día: desayuno y cena. - Losartan 50 MG. Vía oral. Cada 24 horas. - Amlodipino 5 MG. Vía oral. Cada 12 horas. Si PAS > 140 mmHg.
	]]></text>
</Section>
<Section span_begin="6919" span_end="6940" id="SECCION_RECOMENDACIONES" type="INFORMACIÓN SOBRE TRATAMIENTO">
	<name><![CDATA[Otras recomendaciones]]></name>
	<text><![CDATA[
 / Altres recomanacions
Se remite para seguimiento por su médico de atención primaria. Se recomienda estricto control de factores de riesgfo cardiovascular, en especial la presión arterial.
Seguimiento por Otorrinolaringología. Se contactará con el paciente para programar visita ambulatoria.
Firma/Signatura1: _NAME_	Firma/Signatura2: _NAME_ Categoría: Resident 2	Categoría: Especialista
Nº Matrícula HCP: _ID_	Nº Matrícula HCP: _ID_
Fecha/Data Informe: 31.03.2017
Hora Informe: 16:12:48
Docum.: _ID_
Hist. Clínica: _ID_
El _SS_ ha incorporado sus datos al Fichero de Pacientes, para tratarlos con fines sanitarios.
Puede ejercer sus derechos de acceso, rectificación, cancelación y oposición, así como obtener mas información en la Unidad de Atención al Cliente.
Vers. 00
Pag. 2 de
3
	]]></text>
</Section>
<Section span_begin="7731" span_end="7737" id="SECCION_PROCESO_ACTUAL" type="INFORMACIÓN SOBRE LA HISTORIA ACTUAL">
	<name><![CDATA[Episod]]></name>
	<text><![CDATA[
.: _ID_
_SS_ ha incorporat les seves dades al Fitxer de Pacients, per a tractar-los amb finalitats sanitàries. Pot exercir els seus drets d'accés, rectificació, cancel·lació i oposició, i obtenir més informació a la Unitat d'Atenció al Client.
_SS_
_LOCATION_) _LOCATION_) Tel. _CONTACT_ Fax _CONTACT_
http://_CONTACT_/	]]></text>
</Section>
</ehr>