<?xml version='1.0' encoding='UTF-8'?>
<ehr id="356376139.utf8.txt">
<Section id="DEFAULT_HEADER" type="DEFAULT_HEADER" >
	<name>DEFAULT_HEADER</name>
	<text><![CDATA[
INFORME ALTA HOSPITALARIA
_NAME_
Núm. Episodi: _ID_ Núm. HC: _ID_
_SS_ _LOCATION_
_LOCATION_
Tel. _CONTACT_Adreça: _LOCATION_	C.A.P.: _SS_
Població: _LOCATION_	Sexe: HOME   Data naixement: _DATE_  Edat: 86a
Telèfon: _CONTACT_  C.P.: _LOCATION_	T.I.S.: _ID_  DNI/NIF: _ID_
Procedència:	Data Ingrés Hospital: 19/03/2017
Servei assistencial: NEUROLOGIA HOSP	Data Ingrés Servei: 20/03/2017
Metge Responsable: _NAME_	Data Alta: 27/3/2017
Paciente de 88 años que ingresa en planta de Neurología por hemilpejia completa derecha facio-braquio- crural y afasia de expresión.
	]]></text>
</Section>
<Section span_begin="568" span_end="591" id="SECCION_ANTECEDENTES_PERSONALES" type="ANTECEDENTES">
	<name><![CDATA[ANTECEDENTES PERSONALES]]></name>
	<text><![CDATA[
1.	Niega alergias medicamentosas conocidas.
2.	Hipertensión arterial.
3.	Diabetes Mellitus tipo 2.
4.	Degeneración macular asociada a la edad, en seguimiento.
5.	Síndrome prostático en seguimiento.
6.	Posible cardiopatía isquémica (consta en un informe del CST, no disponemos de más información.
7.	Exéresis de pólipo colon en 06/2016, actualmente en seguimiento.
8.	Espondilodistesis a nivel L5, se hace infiltraciones periódicas, última en enero. 2017.
9.	Probable deterioro cognitivo desde aprox set 2016 mo estudiado
-	Situación sociofuncional: autónomo para ABVD, deterioro cognitivo, Barthel 70, mRS0
-	Tratamiento crónico: enantyum 25mg/8h, lantus segons pauta, paracetamol 1g/8h, dianben 850mg/24h, lyrica 75mg/24h, rivotril gotes segons pauta, valsartan/hidroclorotiazida 320/25mg/24h, hidroferol un cop al mes, cafinitrina si precisa, tebetane /12h, AAS 100mg/24h, avidart 0.5mg/24h, omeprazol 20mg/24h, bisoprolol 2.5mg/24h
	]]></text>
</Section>
<Section span_begin="1528" span_end="1545" id="SECCION_PROCESO_ACTUAL" type="INFORMACIÓN SOBRE LA HISTORIA ACTUAL">
	<name><![CDATA[ENFERMEDAD ACTUAL]]></name>
	<text><![CDATA[
Paciente que presenta inicio de la clínica aproximadamente a las 12:45h de 19/03/17, con disartria moderada y parestesias en hemicuerpo derecho, por lo que la familia activa SEM. A su llegada a Urgencias de nuestro centro (13:15h) presenta hemiparesia profunda en hemicuerpo derecho con disartria severa y leve desviación de la mirada hacia la izquierda. Primera TA de 240/103 mm Hg, se administra tratamiento antihipertensivo con mal control. Por monitorización se evidencia ritmo sinusal a 60 lpm. En sala del TAC se comprueba evolución clínica, con hemilpejia completa derecha facio-braquio-crural y afasia de expresión y leve desviación de la mirada a la izquierda, con probable hemianopsia derecha. Finalmente se consigue controlar la TA, manteniéndose en torno a 170 mm Hg. Tras valoración de la situación clínica se decide ingreso en UCI.
Debido al  control de la TA se inicia fibrinolísis sistémica con  rTPA, sin evidenciarse mejoría a los 20 de minutos del inicio, por lo que tras comentar con neurólogo de guardia se decide traslado _SS_ para rescate intraarterial, trasladado por medio del SEM:
	]]></text>
</Section>
<Section span_begin="2653" span_end="2671" id="SECCION_EXPLORACION_FISICA" type="INFORMACIÓN SOBRE LA EXPLORACIÓN FÍSICA">
	<name><![CDATA[EXPLORACIÓN FÍSICA]]></name>
	<text><![CDATA[
A su llegada a Urgencias,  TA  169/63  mmHg,  FC  60  lpm,  FR  17  rpm,  sat  O2  basal  94%,  Tª  36ºC. AC: tonos cardiacos rítmicos sin soplos, sin roces ni signos de insuficiencia cardiaca.
AR: murmullo vesicular conservado sin otros ruidos sobreañadidos.
NRL: consciente, pupilas isocóricas reactives, hemiplejia derecha facio-braquio-crural con afasia de expresión y probable hemianopsia derecha.
	]]></text>
</Section>
<Section span_begin="3075" span_end="3106" id="SECCION_EXPLORACIONES_COMPLEMENTARIAS" type="INFORMACIÓN SOBRE PRUEBAS COMPLEMENTARIAS">
	<name><![CDATA[EXPLORACIONES   COMPLEMENTARIAS]]></name>
	<text><![CDATA[
Urgencias
Analítica general: Hto 37.7; Hb 12.9 g/dl; Plaquetes 306x1E9/L; Leucòcits 7.1x1E9/L (63% N, 25% L, 9.4%
Mo, 0% Bandes); PCR 2.4 mg/l, Glucosa 216.24 mg/dl; Urea 37.08 mg/dl; Creatinina 0.68 mg/dl; FG 87; Na
144 mmol/L; K 4.09 mmol/L; TP 89%, TTPA 30.5s, INR 1.1.
TC craneal: moderado aumento del tamaño de los surcos cerebrales y cerebelosos; dilatación ventricular supratentorial proporcionada al tamaño de los surcos; signos de leucoencefalopatía isquémica crónica en sustancia blanca profunda; no se aprecian lesiones agudas; no se identifica colección hemorrágica ni patología neoplásica intracraneal; cisternas basales y perimesencefálicas  libres;  densidad  normal  para  la edad de estructuras óseas del cráneo; quiste de retención mucosa en seno maxilar derecho.
Planta
RMN cerebral: Estudi artefactat per moviment. Estructures de la línia mitja centrades. Moderats signes d'atròfia cortical i subcortical cerebral globals. Focus alteracions de la intensitat de senyal T2 , a substància blanca periventricular esquerre per vasculopatia de petit vas. No s'observen  anomalies  de  restricció  en difusió que suggereixin patologia isquèmica aguda. No hi ha dipòsits d'hemosiderina a les seqüències de GR o susceptibilitat magnètica. Tronc i fossa posterior sense  anomalies  significatives.  Unió  crànio-cervical normal.
Cos callós de mida, morfologia i senyal normals. No es detecten eixamplaments significatius de la sella turca. Signes de sinusopatia maxilar dreta.
	]]></text>
</Section>
<Section span_begin="4595" span_end="4604" id="SECCION_EVOLUCION" type="INFORMACIÓN SOBRE EVOLUCIÓN">
	<name><![CDATA[EVOLUCIÓN]]></name>
	<text><![CDATA[
Paciente de 88 años HTA que es traído como código ictus por episodio de hemiplegia FBC derecha con afasia motoracon crisis hipertensiva 240/103 que requirió bolus de labetalol para su control y dado que no presentaba contraindicación ni sangrado en TC cráneo simple, se le administra rtpa y se derivada a _SS_ para valorar terapia endovascular.
Se descartó dicho tratamiento por no oclusión y el paciente mejoró la focalidad neurológica pero mantuvo cifras tensionales elevadas requiriendo traslado a UCI. Una vez estable en UCI, el paciente es derivado a planta de neurología, donde se le realiza RMN cerebral sin observarse lesión isquémica aguda con lo que se plantea encefalopatia hipertensiva, controlando exhaustivamente las cifras tensionales. Durante su ingreso el paciente si encuentra desorientado, confuso, agitado que requiere de la prescripción de neuroléptico para su control.
El paciente desea ser  trasladado a su _SS_, con lo que se procede al alta voluntaria  para posterior ingreso en su centro dado que requiere evolución.
Al alta el paciente se encuentra orientado en las 3 esferas con mínimo borramiento del surco nasogeniano izquierdo sin otra focalidad neurológica. Se orienta como encefalopatia hipertensiva. Paciente presenta deterioro cognitivo progresivo, se realizará valoración ambulatoria.
	]]></text>
</Section>
<Section span_begin="5928" span_end="5942" id="SECCION_DIAGNOSTICO_PRINCIPAL" type="DIAGNÓSTICO">
	<name><![CDATA[JUICIO CLÍNICO]]></name>
	<text><![CDATA[
Encefalopatía hipertensiva.
Emergencia hipertensiva con focalidad neurológica. Malatia cerebrovascular 434.11
Deterioro cognitivo
	]]></text>
</Section>
<Section span_begin="6075" span_end="6086" id="SECCION_TRATAMIENTO_HABITUAL" type="INFORMACIÓN SOBRE TRATAMIENTO">
	<name><![CDATA[TRATAMIENTO]]></name>
	<text><![CDATA[
Dieta diabética baja en sal.
Metformina 850mg cada 12 horas Quetiapina 25mg a la noche  Vasaltran 160mg cada 12 horas Hidroclorotiazida 25mg cada 24 horas AAS 100mg cada 24 horas
Bisoprolol 2.5mg cada 24 horas Omeprazol 20mg cada 24 horas Ondasetron 4mg si nauseas o vómitos Insulina Lantus 14UI/24h
Control glicemia ambulatori y dosis de insulina Supervisión de los tratamientos
Control TA diario
Citar Dr _NAME_ en 2 semanas Se programará valoración de memoria
Atentamente,	
firmado:			
Dr: _NAME_
Médico adjunto - Neurología MFyC	Dra: _NAME_	Dr: _NAME_
Médico adjunto - Neurología	Médico	
residente	
-
Núm colegiado: _ID_	Núm colegiado: _ID_	Núm	colegiado:_ID_
Hospitalització
Imprès: 03/04/2017 15:32
Pàg.: 1 de  3	]]></text>
</Section>
</ehr>