<?xml version='1.0' encoding='UTF-8'?>
<ehr id="356523806.utf8.txt">
<Section id="DEFAULT_HEADER" type="DEFAULT_HEADER" >
	<name>DEFAULT_HEADER</name>
	<text><![CDATA[
_LOCATION_) Telèfon _SS_  972 _CONTACT_
Telèfon IDI (Ressonància i TAC) _CONTACT_
Telèfon ICO _CONTACT_
Nº Història Clínica: _ID_
Cognoms, Nom: _NAME_
NºEpisodi: _ID_
CIP: _ID_
Sexe: Home
Data de Naixement: _DATE_   Edat: 54 Anys
NIF/DNI: _ID__NAME_; _NAME_; _NAME_
Informe de Trasllat a Sociosanitari
CP	_LOCATION_
ABS	_SS_
Servei	NEUROLOGIA
Data d'alta  04.04.2017	09:00:00
_LOCATION_
_CONTACT_
AGUTS 28.03.2017
Adreça
Telèfon Procedència Data d'ingrés Atès per
	]]></text>
</Section>
<Section span_begin="467" span_end="481" id="SECCION_MOTIVO_DE_INGRESO" type="MOTIVO DEL INGRESO">
	<name><![CDATA[MOTIU D'INGRÉS]]></name>
	<text><![CDATA[
Ictus vertebrobasilar indeterminat
	]]></text>
</Section>
<Section span_begin="518" span_end="529" id="SECCION_ANTECEDENTES" type="ANTECEDENTES">
	<name><![CDATA[ANTECEDENTS]]></name>
	<text><![CDATA[
	]]></text>
</Section>
<Section span_begin="530" span_end="551" id="SECCION_ANTECEDENTES_PERSONALES" type="ANTECEDENTES">
	<name><![CDATA[ANTECEDENTS PERSONALS]]></name>
	<text><![CDATA[
No al·lergies medicamentoses No hàbits tòxics
Independent per les ABD. Treballa d'economista en un despatx. Rankin 0.
	]]></text>
</Section>
<Section span_begin="670" span_end="692" id="SECCION_ANTECEDENTES_PATOLOGICOS" type="ANTECEDENTES">
	<name><![CDATA[ANTECEDENTS PATOLÒGICS]]></name>
	<text><![CDATA[
: pare amb DM2 i ictus als 85 anys. Antecedents familiars d'otoesclerosis. ANTECEDENTS PATOLÒGICS
-	HTA en tractament farmacològic, control habitual amb TA 140-170/90-95mmHg tot i medicació. Dieta amb petites quantitats de sal.
-	DMII diagnosticada fa 3 anys, sense insulina. Regulars controls per regular control dietètic.
-	Espedectomia en tres ocasions per otoesclerosis.
	]]></text>
</Section>
<Section span_begin="1068" span_end="1086" id="SECCION_TRATAMIENTO_HABITUAL" type="INFORMACIÓN SOBRE TRATAMIENTO">
	<name><![CDATA[MEDICACIÓ HABITUAL]]></name>
	<text><![CDATA[
Amlodipino 10mg/24h Lisinopril/Hidroclorotiazida 20mg/12.5mg cada 24h Metformina 850mg/12h, Diamicron 30mg/12h
	]]></text>
</Section>
<Section span_begin="1199" span_end="1212" id="SECCION_PROCESO_ACTUAL" type="INFORMACIÓN SOBRE LA HISTORIA ACTUAL">
	<name><![CDATA[PROCÉS ACTUAL]]></name>
	<text><![CDATA[
Pacient que a les 14h del 28/03/2017 presenta episodi de segons de durada d'amaurosis fugax ull dret, recupera i seguidament presenta sensacio de debilitat a extremitat inferior dreta al conduïr. Arriba al seu despatx amb persistència de debilitat de la cama dreta, i al intentar escriure nota debilitat cama dreta, en cap moment disartria ni afasia.
S'activa Codigo Ictus arribant el pacient a les 20:15h al nostre centre.
	]]></text>
</Section>
<Section span_begin="1638" span_end="1655" id="SECCION_EXPLORACION_FISICA" type="INFORMACIÓN SOBRE LA EXPLORACIÓN FÍSICA">
	<name><![CDATA[EXPLORACIÓ FÍSICA]]></name>
	<text><![CDATA[
FC 83 bpm, Tªaxi 35.1 ºC, TA s 151/90 mmHg, glicemia 137mg/dl AC: rítmic, no bufs
AR: murmuri vesicular conservat.
Exploració NRL: llenguatge normalm, vigil, orientat. Parells cranials normals, no dèficit campimètric, moviments oculomotors conservats. Hemidismetria dreta, no dèficit motor ni sensitiiu.
NIHSS = 2 (hemidismetria dreta)
	]]></text>
</Section>
<Section span_begin="1994" span_end="2019" id="SECCION_EXPLORACIONES_COMPLEMENTARIAS" type="INFORMACIÓN SOBRE PRUEBAS COMPLEMENTARIAS">
	<name><![CDATA[EXPLORACIÓ COMPLEMENTÀRIA]]></name>
	<text><![CDATA[
Analitica sanguinia:
Informe de Trasllat a Sociosanitari
-	Hemoglobina 15.2 g/dL, Hematòcrit 43 %, Volum corpuscular mitjà 86.6 fL, Hemoglobina corpuscular mitja 30 pg Plaquetes 283 K/mcL, Leucòcits * 12.19 K/mcL
-	Tasa protrombina 100 %, Tasa protrombina (INR) 1, Temps de cefalina (TTPA) 28.7 segons, Temps de cefalina (ratio) 1, Fibrinogen (deduit) 388 mg/dL
-	Glucosa * 132 mg/dL, Urea 39 mg/dL, Creatinina * 1.39 mg/dL, Urat * 7.1 mg/dL, Proteïna 7.6 g/dL, Albúmina (sèrum) 4.6 g/dL. Creatincinasa (CK) 115 U/L, Amilasa 38 U/L, Calci (II) 10 mg/dL, sodi 141 mEqu/L, potasi 3.6 mEqu/L
Perfil hepàtic correcte.
-	Colesterol 201 mg/dL, Colesterol HDL * 28 mg/dL, Colesterol HDL * 28 mg/dL,
-	Troponina T hs (alta sensibili 10.5 ng/L
ECG: ritme sinusal
Rx de tòrax: ICT correcte, no condensacions, sins costfrènics lliures.
TC de crani: Subtil hipodensitat al braç anterior de la càpsula interna esquerra de dutbós significat patològic (infart llacunar subagut?), a correlacionar amb la clínica. Resta d'estudi TC cranial sense alteracions significatives.
Eco-doppler DTSA /DTC: sense estenosis rellevants.
Monitorització a la Unitat d'Ictus: no es detecten arritmies emboligenes.
Analítica per completar estudi:
-  Hemograma:  Hemoglobina  15.8  g/dL,  Hematòcrit  45  %,  Volum  corpuscular  mitjà  86.3  fL,  Hemoglobina corpuscular mitja 30 pg
Plaquetes 182 K/mcL, Leucòcits 9.94 K/mcL
-	Tasa protrombina 100 %, Tasa protrombina (INR) 1, Temps de cefalina (TTPA) 25 segons, Temps de cefalina (ratio) 0.8, Fibrinogen (deduit) 329 mg/dL
-	Glucosa * 189 mg/dL, Urea 36 mg/dL, Creatinina 0.89 mg/dL, Ió sodi 140 mEqu/L, Ió potasi 3.6 mEqu/L, Filtrat glomerular (CKD-EPI) 96.9 mL/min
-	Colesterol 210 mg/dL, Colesterol HDL * 29 mg/dL Triglicèrid* 1158 mg/dL
-	Hemoglobina A1c (DCCT/NGSP) * 6.7 %
Eco-doppler:
DUPLEX TSA
-	Muy discretos signos de ateromatosis carotídea, sin placas de ateroma.
-	ICAs sin alteraciones hemodinámicas.
-	AVs normales (hipoplásica derecha) DÚPLEX TRANSCRANEAL
-	Estudio normal, tanto territorio anterior como vertebrobasilar.
-	Ambas V4 permeables.
-	Basilar normal ECO-C
-	Engrosamiento tabique interventricvular (16 mm).
-	leve hipocinesia apical
-	No masas ni trombos
-	FE normal (45%)
-	AI de diámetro normal (31 mm)
-	Valvulas normofuncionantes
-	
Informe de Trasllat a Sociosanitari
	]]></text>
</Section>
<Section span_begin="4341" span_end="4357" id="SECCION_EVOLUCION" type="INFORMACIÓN SOBRE EVOLUCIÓN">
	<name><![CDATA[EVOLUCIÓ CLÍNICA]]></name>
	<text><![CDATA[
Pacient amb sospita de ictus vertebrobasilar amb NIHHS de 2 de 6,5 hores d'evolució, pel que no compleix criteris per fibrinolisis.
El pacient compleix criteris d'inclusió i no d'exclusió per estudi POINT, firmant consentiment informat a les 21:10h i administrant-se medicació
Ingressa a la Unitat d'Ictus sota monitorització semiintenisiva. Presenta TAS ocasionals de 145-150, reintroduintse del tot medicació habitual amb bon control posterior. Presenta triglicèrids alts i HDL baix (no podent-se calcular nivells de LDL degut a alts triglicèrids que fan el càlcul no fiable), iniciant-se medicació antilipemiant amb estatines i ezetrol. Amb tendència a glicèmies de 150-160mg/dl tot i dieta controlada en glúcids, es realitza IC a Endocrinologia que degut a que el pacient té un bon control metabòlic (glicada de 6.7%), orienten la tendència a lleu hiperglicèmia secundària a la disminució de l'activitat fisica, i recomanen augment de Gliclazida a 3comp/dia amb posterior disminucio a 2comp/dia quan retorni a l'activitat habitual.
Es realitza eco-doppler sense alteracions destacables, trobant-se pendent de completar estudi amb ecocardioTT de manera ambulatòria.
Es nivell neurològic presenta empitjorament en context de vasovagal secudari a extracció de sang, presentat plegia distal del braç amb dèficit motor proximal lleu, amb augment de la dismetria a nivell hemicos dret de predomini crural (a nivell braquial es secundari a parèsia), sense dèficit sensitiu, sense disfagia i tolerant sedestació i deambulació.
Degut a baix estat d'ànim reactiu a la situació, es realitza valoració i seguiment per Psicologia durant l'ingrès. S'inicia rehabilitació física, decidint-se ingrès a _SS_ Intensius per continuar rehabilitació.
Amb estabilitat clínica i hemodinàmica, es trasllada a _SS_ el 04/04/2017. Escales a l'alta.
- NIHSS = 00000/11000/10010 = 4
-	Rankin 3
-	Barthel 55%
	]]></text>
</Section>
<Section span_begin="6245" span_end="6256" id="SECCION_DIAGNOSTICO_PRINCIPAL" type="DIAGNÓSTICO">
	<name><![CDATA[DIAGNÒSTICS]]></name>
	<text><![CDATA[
436/5 Ictus minor vertebrobasilar de probable etiologia per ictus lacunar secundàri a lipohialinosis per HTA i DM2
401.9 Hipertensió essencial inespecificada
249.60 Diabetis mellitus secundària amb manifestacions neurològiques, no esmentada coma incontrolada o no especificada
	]]></text>
</Section>
<Section span_begin="6535" span_end="6570" id="SECCION_TRATAMIENTO_AL_ALTA" type="INFORMACIÓN SOBRE TRATAMIENTO">
	<name><![CDATA[TRACTAMENT I RECOMANACIONS A L'ALTA]]></name>
	<text><![CDATA[
Tractament a l'alta:
-	Enalapril 20mg/24h amb l'esmorzar
-	Adiro 100mg/24h amb el dinar
-	Medicació estudi POINT/24h amb el dinar
-	Hidroclorotiazida 25mg/24h amb el dinar
-	Amlodipino 10mg/24h amb el sopar
-	Metformina 850mg/12h amb l'esmorzar i el sopar, Diamicron 60mg/8h --> quan realitzi activitat fisica habitual, valorar disminuir Glicazida a 2comp/24h si glicèmies ben controlades.
-	Atorvastatina 40mg/24h amb el sopar
-	
Informe de Trasllat a Sociosanitari
-	Ezetrol (Ezetimibe) 10mg/24h amb el sopar.
-	Insulina Actrapid segons BMT test: 140-180 mg:2 UI, 180-2420 mg:4UI, 220-260 mg:6 UI, 260-300 mg:8UI, 300-340mg: 10 UI
340-380mg: 12 UI, 380-420mg: 14 UI, > 420mg: 16 UI
Es recomana dieta asodica i controlada en glúcids. Es recomana continuar rehabilitació física
	]]></text>
</Section>
<Section span_begin="7352" span_end="7359" id="SECCION_CONTROL" type="INFORMACIÓN SOBRE TRATAMIENTO">
	<name><![CDATA[CONTROL]]></name>
	<text><![CDATA[
Visita de control a Consultes Externes de Neurovascular el dia 20/06/2016 a les 13h amb Dr. _NAME_ (Edifici de Consultes Externes de _SS_,1a planta)
Control de factors de risc cardiovascular per equip d'atenció primària: objectiu LDL < 80mg/dl, TA 120/80mmHg i bon control glicèmic.
DESTINACIÓ A L'ALTA:	SOCI SANITARI
Validat per: _NAME_	Col·legiat: _ID_
04.04.2017
Pàgina 1 de 4	]]></text>
</Section>
</ehr>