<?xml version='1.0' encoding='UTF-8'?>
<ehr id="356617240.utf8.txt">
<Section id="DEFAULT_HEADER" type="DEFAULT_HEADER" >
	<name>DEFAULT_HEADER</name>
	<text><![CDATA[
Informe d'Alta Hospitalària	Cognoms i nom:
_NAME_	NHC:
_ID_
	ABS:
_SS_	CIP:
_ID_	DNI:
_ID_
	Data de naixement:
_DATE_	Sexe:
Home	Edat:
91a	Telèfon:
_CONTACT_
	Finançament:
CatSalut - _LOCATION_	Procedència:
URGÈNCIES
	Admissió:
02.04.2017 - 23:40	Servei:
MEDICINA INTERNA HOSP	Data entrada urg.:
31.03.2017 - 11:26
Adreça:
_LOCATION_	Població:
_LOCATION_	Codi Postal:
_LOCATION_
	]]></text>
</Section>
<Section span_begin="387" span_end="404" id="SECCION_MOTIVO_DE_INGRESO" type="MOTIVO DEL INGRESO">
	<name><![CDATA[MOTIVO DE INGRESO]]></name>
	<text><![CDATA[
Ictus en territorio ACM izquierda de etiología indeterminada
	]]></text>
</Section>
<Section span_begin="468" span_end="480" id="SECCION_ANTECEDENTES" type="ANTECEDENTES">
	<name><![CDATA[ANTECEDENTES]]></name>
	<text><![CDATA[
No AMC
No hábitos tóxicos FRCV: HTA, DLP
A. neurológicos. Demencia tipo alzheimer. GDS 3-4
Carcinoma espinocelular extirpado. Poliartrosi
Hiperplasia benigna de próstata
Neoplasia de recto en 2002 tratado quirúrgicamente (No disponemos de informes). Portador de colostomía
Medicación habitual abril 2017. Captopril /hidroclorotiazida 50/25 mg 1 c/dia, Memantina 2 c/dia, Sertralina 100 mg/dia, Urosolin 0.4 mg/dia, Urotrol 2 mg cada 12h, AAS 300 mg/dia
Social abril 2017. Vive con su esposa. FFSS mínimamente deterioradas. Dependencia parcial por E. Alzheimer para AVBD.
	]]></text>
</Section>
<Section span_begin="1055" span_end="1072" id="SECCION_PROCESO_ACTUAL" type="INFORMACIÓN SOBRE LA HISTORIA ACTUAL">
	<name><![CDATA[ENFERMEDAD ACTUAL]]></name>
	<text><![CDATA[
Hombre de 91 años con antecedentes de HTA, HBP, neo de recto (en 2002, portador colostomía), deterioro cognitivo tipo Enfermedad de Alzheimer GDS 4, que vive en domicilio con su mujer, parcialmente dependiente para ABVD.
El paciente consulta a Urgencias por afasia y debilidad de EEI Derecha de 1,5 h de duración (se activó código ictus en un primer momento). No refiere náuseas, no vómitos, no otra sintomatología.
A su llegada a Urgencias, paciente con tendencia a la hipertensión arterial, valorada por NRL que orienta como afasia de inicio ictal. Se desactivó el código ictus dado la situación funcional previa y se desestima tratamiento activo. NIHSS= 5 al ingreso por afasia. TC cerebral en la que no hay lesiones intraparenquimatosas agudas, analíticamente sin alteraciones llamativas, ECG en ritmo sinusal y Rx de tórax sin hallazgos. AS sin alteraciones
Se orienta finalmente como ictus en territorio de ACM izquierda de etiología indeterminada por no realizar estudio, se administra monoantiagregacióny atorvastatina y se decide observación.
Se decide ingreso para valoración de trabajo social dado que vive sólo con su mujer quien refiere que no está en condiciones de poder cuidarlo en domicilio. A su llegada a sala paciente estable hemodinámicamente, SatO2 96%,afebril.
	]]></text>
</Section>
<Section span_begin="2358" span_end="2376" id="SECCION_EXPLORACION_FISICA" type="INFORMACIÓN SOBRE LA EXPLORACIÓN FÍSICA">
	<name><![CDATA[EXPLORACIÓN FÍSICA]]></name>
	<text><![CDATA[
Constantes
FC	TA	Tº
53	79 / 146	35,6
Global
Paciente consciente, desorientado en espacio,tiempo, no en persona. Normohidratado y normocoloreado.
Buen estado general. Tolera sedestación.
AC: rítmico, no ausculto soplos. No edemas en EEII.
AR: MVC, no ausculto ruidos sobreañadidos. SatO2 96% al aire.
NRL:   pupilas   isocóricas   y   normoreactivas,   pares   craneales   conservados,   afasia   de   expresión, diadococinesia leve, fuerza, tono y sensibilidad conservadas. Buena respuesta al decúbito.
	]]></text>
</Section>
<Section span_begin="2882" span_end="2911" id="SECCION_EXPLORACIONES_COMPLEMENTARIAS" type="INFORMACIÓN SOBRE PRUEBAS COMPLEMENTARIAS">
	<name><![CDATA[EXPLORACIONES COMPLEMENTARIAS]]></name>
	<text><![CDATA[
-Analítica sanguínea (31/03): BIOQUÍMICA SANG Sodi 142 mmol/L ( 136 - 145 ) Potassi 4,17 mmol/L ( 3,50 - 5,10 ) Calci 2,36 mmol/L ( 2,15 - 2,55 ) 9,44 mg/100mL Glucosa 6,4 mmol/L ( 3,0 - 6,0 ) 115,20
mg/100mL Urea 9,9 mmol/L ( 2,9 - 8,2 ) 59 mg/100mL Creatinina 101 µmol/L ( 0 - 106 ) 1,14 mg/100mL
Bilirubina total 12 µmol/L (< 17) 0,70 mg/100mL AST (GOT) 17 U/L ( 0 - 37 ) ALT (GPT) 15 U/L ( 0 - 41 ) Proteïna total 71,6 g/L ( 64,0 - 83,0 ) HEMATOLOGIA-HEMATIMETRIA Hemograma Hemoglobina 144 g/L ( 130 - 170 ) Hematòcrit 0,44 L/L ( 0,40 - 0,50 ) Hematies 4,88 x10E12/L ( 4,50 - 5,70 ) VCM 89,1 fL ( 80,0 - 98,0
) CCMH 331 g/L ( 320 - 360 ) HCM 29,5 pg ( 27,0 - 32,0 ) RDW 14,2 % ( 12,0 - 15,0 ) Plaquetes 144 x10E9/L (
140 - 350 ) VPM 7,9 fL ( 7,0 - 10,5 ) Plaquetòcrit 0,20 % Leucòcits 6,98 x10E9/L ( 3,80 - 11,00 ) Fórmula leucocitària Neutròfils 71,3 % Neutròfils absoluts 4,98 x10E9/L ( 1,80 - 7,00 ) Eosinòfils 2,0 % Eosinòfils absoluts 0,14 x10E9/L ( 0,05 - 0,50 ) Basòfils 1,0 % Basòfils absoluts 0,07 x10E9/L ( 0,00 - 0,10 ) Monòcits 6,9
% Monòcits absoluts 0,48 x10E9/L ( 0,30 - 1,00 ) Limfòcits 18,8 % Limfòcits absoluts 1,31 x10E9/LHEMOSTÀSIA Temps de tromboplastina 0,94 RATIO ( 0,75 - 1,30 ) Temps de protrombina 1,06 INR ( 0,75 - 1,20 ) Temps de trombina 21,30 s ( 17,00 - 24,00)
TC Craneal urgencias. No se observan colecciones extraaxiales, efectos de masa ni desplazamientos valorables a nivel de estructuras de línea media supra e infratentoriales. Hipodensidad en la sustancia blanca periventricular de aspecto hipóxicoisquémico crónico. Aumento del sistema ventricular, valles silvianos, cisternas basales y surcos corticales de la convexidad, traduciendo cambios involutivos cerebrales. No se observan imágenes sospechosas de isquemia reciente. No se observan claras hiperdensidades sospechosas de trombos en la arteria cerebral media izquierda. El estudio con ventana ósea no muestra lesiones. CONCLUSIÓN: Sin evidencia de lesiones agudas intracraneales.
	]]></text>
</Section>
<Section span_begin="4892" span_end="4901" id="SECCION_EVOLUCION" type="INFORMACIÓN SOBRE EVOLUCIÓN">
	<name><![CDATA[EVOLUCIÓN]]></name>
	<text><![CDATA[
Paciente varón de 91 años con los antecedentes anteriores a destacar E. Alzheimer GDS4 con dependencia parcial AVBD que ingresa en sala de MI por ictus en territorio de ACM izquierda de etiología indeterminada valorado por Neurología desde urgencias y tributario de optimización de tratamiento farmacológico.
A su llegada a sala de hospilización hemodinámicamente estable. Clínicamente vigil, colaborador, nominación correcta con afasia sensitiva moderada, moviliza correctamente las 4 extremidades sin paresias aparentes
Ante situación social frágil (vive con su esposa también de edad avanzada) se decide valorar con Trabajo Social. Revalorado por TS, equipo médico y la familia rechazan los Centros Sociosanitarios disponibles en el momento por lo que se decide ALTA a domicilio optimizando el tratamiento farmacológico y REHABILITACIÓN domiciliaria
El 04.04.17 se decide ante estabilidad clínica, analítica y hemodinámica, ALTA a domicilio con controles posteriores ambulatorios
DIAGNÓSTICOS AL ALTA
1.	Ictus de Arteria Cerebral Media Izquierda de etiología indeterminada NIHSS 5 (Afasia)
2.	FRCV: HTA y DLP
3.	Problema social
4.	Neoplasia de recto portador de colostomía
5.	E. Alzheimer GDS4
	]]></text>
</Section>
<Section span_begin="6105" span_end="6128" id="SECCION_RECOMENDACIONES" type="INFORMACIÓN SOBRE TRATAMIENTO">
	<name><![CDATA[RECOMENDACIONES AL ALTA]]></name>
	<text><![CDATA[
	]]></text>
</Section>
<Section span_begin="6129" span_end="6148" id="SECCION_TRATAMIENTO_AL_ALTA" type="INFORMACIÓN SOBRE TRATAMIENTO">
	<name><![CDATA[TRATAMIENTO AL ALTA]]></name>
	<text><![CDATA[
:
Mantener
Memantina 2 c/dia, Sertralina 100 mg/dia, Urosolin 0.4 mg/dia, Urotrol 2 mg cada 12h Añadir
AAS 100 mg/dia
Atorvastatina 80 mg/dia Paracetamol 1g cada8h sp
Se recomienda control tensional ambulatorio y valorar reiniciar tratamiento antihipertensivo si TAS > 130 mmHg (se recomienda IECAS o ARAII si intolerancia)
Se activa Rehabilitación Física ambulatoria
Responsable clínic: Dra. _NAME_ (NºCol. _ID_)
Equip mèdic: Dra. _NAME_ (NºCol. _ID_), _NAME_ (NºCol. _ID_)
Servei que ha donat d'alta:
MEDICINA INTERNA HOSP	Data d'alta:
04.04.2017	Nom del metge que informa de l'alta:
Dr. _NAME_ (NºCol. _ID_)
_LOCATION_, 04.04.2017
Pàg. 1 de   3	]]></text>
</Section>
</ehr>