<?xml version='1.0' encoding='UTF-8'?>
<ehr id="357073852.utf8.txt">
<Section id="DEFAULT_HEADER" type="DEFAULT_HEADER" >
	<name>DEFAULT_HEADER</name>
	<text><![CDATA[
_LOCATION_ Tel. _CONTACT_
e-mail: _CONTACT_
Nº Història Clínica: _ID_
Cognoms, Nom: _NAME_
NºEpisodi: _ID_
CIP: _ID_
Sexe: Home
Data de Naixement: _DATE_   Edat: 79 Anys
NIF/DNI: _ID__NAME_; _NAME_; 
_NAME_; _NAME_; _NAME_; _NAME_
Informe de Trasllat a Sociosanitari
13:52:02
05.04.2017
_LOCATION_
_SS_ NEUROLOGIA
CP
ABS
Servei Data d'alta
_LOCATION_
_CONTACT_; _CONTACT_; _CONTACT_
DOMICIL/RES.SOC 13.03.2017
Adreça
Telèfon Procedència Data d'ingrés Atès per
	]]></text>
</Section>
<Section span_begin="463" span_end="477" id="SECCION_MOTIVO_DE_INGRESO" type="MOTIVO DEL INGRESO">
	<name><![CDATA[MOTIU D'INGRÉS]]></name>
	<text><![CDATA[
Ictus.
	]]></text>
</Section>
<Section span_begin="486" span_end="497" id="SECCION_ANTECEDENTES" type="ANTECEDENTES">
	<name><![CDATA[ANTECEDENTS]]></name>
	<text><![CDATA[
Hombre de 79 años sin alergias medicamentosas conocidas ni hábitos tóxicos.
Independiente para las ABVD. Limitación funcional por disminución de agudeza visual, mRS 2.
ANTECEDENTES PATOLÓGICOS:
-	Hipertensión arterial en tratamiento farmacológico con buenos controles.
-	Dislipemia en tratamiento farmacológico con buenos controles.
-	Insuficiencia renal crónica leve (FG 40-50 mL/min). En controles en consutlas externas de nuestro centro (último en octubre 2016).
-	Cardiopatía isquémica hace 25 años en forma de angina. Actualmente asintomático. Dado de alta de Cardiología hace 15 años. No se disponen de informes. Nunca recibió tratamiento antiagregante como prevención de la cardiopatía isquémica.
-	Bloqueo de rama izquierda.
-	AIT en 2014 (debilidad de extremidad superior derecha y alteración de la emisión del lenguaje). ECG en ritmo sinusal, ecocardiograma mostró VI ligeramente hipertrófico con función sistólica ligeramente deprimida, hipocinesia grave septomedioapical y ateromatosis aórtica. RM cerebral y angio-RM: atrofia cerebral córtico-subcortical difusa con leucoaraiosis moderada periventricular y subcortical, ligera ateromatosis intracraneal. Se orientó como probable mecanismo embólico arterio-arterial de etiologia aterotrombótica por patologia de arco aórtico y se inició tratamiento de prevención secundaria con AAS y estatina.
-	Hiperuricemia en tratamiento farmacológico, varios episodios de gota. Glaucoma terminal en ojo derecho, sigue controles para ojo izquierdo. Grave disminución de agudeza visual. Faquectomía bilateral.
-	Adenocarcinoma de próstata, tratado con cirugía y radioterapia, sin evidencia de recidiva.
-	Carcinoma renal de tipo convencional de células claras grado 2 de Furhman, intervenido con nefrectomía parcial izquierda en 2012. Tamaño tumoral: 2,7 cm (pT1a). Sin evidencia de invasión vascular ni perineural.No se observa invasión de la cápsula renal.Márgenes de resección libres de lesión. En controles en Urocología de nuestro centro con TC anual. Último control en agosto 2016 sin evidencia de recidiva, TC control en julio 2017.
-	Cefaleas tensionales ocasionales. En la juventud, episodios de cefalea hemicraneal compatibles con migraña, que trataba con ergóticos.
Intervenciones quirúrgicas: colecistectomía (1980), prostatectomía radical (1996) con RDT postoperatoria por ADK próstata, esclerectomía (04/09), hernioplastia inguinal derecha (11/10), glaucoma OI mediante técnica de EPNP + 5FU + Teflux., nefrectomía parcial izquierda: clicectomía, resección cuneiforme de riñón (02/12).
	]]></text>
</Section>
<Section span_begin="3049" span_end="3067" id="SECCION_TRATAMIENTO_HABITUAL" type="INFORMACIÓN SOBRE TRATAMIENTO">
	<name><![CDATA[MEDICACIÓ HABITUAL]]></name>
	<text><![CDATA[
Lisinopril/Hidroclorotiazida 20/12.5mg Alopurinol 100mg
Atorvastatina 80mg Omeprazol 20mg
Informe de Trasllat a Sociosanitari
Timabak Xalatan AAS 300mg
Caverject 10 mcg.
	]]></text>
</Section>
<Section span_begin="3244" span_end="3257" id="SECCION_PROCESO_ACTUAL" type="INFORMACIÓN SOBRE LA HISTORIA ACTUAL">
	<name><![CDATA[PROCÉS ACTUAL]]></name>
	<text><![CDATA[
Paciente visto asintomático por última vez el 12.03.2017 a las 23.45h, al despertarlo a las 07.00 horas su mujer observa que no es capaz de emitir ni comprender el lenguaje y que no moviliza las extremidades derechas por lo que avisa al SEM, que tras valoración activa código ictus a las 7.30h con llegada a nuestro centro a las 7.45h.
	]]></text>
</Section>
<Section span_begin="3595" span_end="3612" id="SECCION_EXPLORACION_FISICA" type="INFORMACIÓN SOBRE LA EXPLORACIÓN FÍSICA">
	<name><![CDATA[EXPLORACIÓ FÍSICA]]></name>
	<text><![CDATA[
FC	70 bpm
Tªaxi 36.0 ºC
FR	rpm Tªrec  ºC
TA s	170 mmHg SAT O2  %
TA d   80 mmHg Pes Kg
En Urgencias:
Exploración neurológica: vigil, orientación no valorable. Lenguaje: no emite, no comprende, no repite. Desviación forzada a la izquierda que no pasa la línea media; hemianopsia homónima derecha; paresia facial central derecha. Hemiparesia derecha 3/5. Hemihipoestesia derecha. Babinski derecho.
NIHSS: (0.2.2)2.2/2(3.0)(3.0)/0.2.3.2. 0=23.
En Unidad de Ictus Agudo:
Glicemia 119 mg/dL.
Vigil. Isocoria normorreactiva. Afasia global. Hemianopsia homónima derecha por amenaza. Desviación oculocefálica a la izquierda, no cruza línea media. Paresia facial supranuclear derecha. Hemiparesia derecha: 0/5 ESD, 2/5 EID. Hemihipoestesia táctil derecha. RCP extensor derecho, flexor izquierdo.
NIHSS: 0,2,2,2,2//2,4,0,3,0//0,1,3,2,0=23.
AC: rítmico, AP: MV conservado. Abdomen; blando, depresible, no doloroso. EEII: no edema ni signos de TVP.
En planta de neurología 04.04.17: Paciente alerta, orientación no valorable por afasia, obedece varias órdenes simples, se intoxica con complejas, no nomina, no repite, preferencia ocualr hacia la izquierda, cruza parcialemtne la llínea media, hemianopsia homónima derecha por reflejo de amenaza, paresia facial supranuclear derecha, hemiplegia derecha, posible hemihipoestesia derecha. NIHSS 00212/24040/01320 = 21 Destaca respuesta en triple retirada de EID.
	]]></text>
</Section>
<Section span_begin="5017" span_end="5042" id="SECCION_EXPLORACIONES_COMPLEMENTARIAS" type="INFORMACIÓN SOBRE PRUEBAS COMPLEMENTARIAS">
	<name><![CDATA[EXPLORACIÓ COMPLEMENTÀRIA]]></name>
	<text><![CDATA[
En Urgencias:
Analítica:
Hematología: Leucocitos 7700 /µL, (N 56,1 % - L 30,4 - M 8,1 - E 4,6 - B 0,8), Htíes 4,98 mill/µL, Hb 14,8 g/dL,
Hcto 45,2 %, VCM 90,6 fL, Plaquetes 159000 /µL.
Coagulación: TP 96 %, INR 1,03 sg, TP ratio 1,03, TTPA 30,1 sg, TTPA ratio 0,97, Fibrinógeno 422 mg/dL.
Bioquímica: Glucosa 97 mg/dL, Urea 50, Cr 1,68, Na 137 mmol/L, K 4,4, PCR 1,1 mg/L.
Gasometría arterial: pH 7.36, pCO2 35.1 mmHg, pO2 75.7 mmHg, Bicarbonato 19.5 mmol/L, Exceso de base -4.8 mmol/L, SaturaciónO2 94.6%.
Informe de Trasllat a Sociosanitari
ECG: ritmo sinusal a 70 lpm. BRIHH, ya conocido.
RM cerebral multiparamètrica (13.03.2017 7:49h): infarto isquémico agudo no establecido en territorio vascular superficial de la ACM izquierda secundario a trombo que ocluye segmento M1 prebifurcación distal de la ACM izquierda.
RM cerebral multiparamétrica tras trombectomía (13.03.2017 11:47h): estudio de control que no muestra repermeabilidad de la ACM izquierda ocluida por trombo segmento M1 prebifurcación distal a origen arteria temporal anterior, el trombo parece haber disminuido de tamaño, pero existe un aumento de la extensión del territorio afectado por la isquémia aguda.
En Unidad de Ictus Agudo:
Analítica:
Hemograma: Leucocitos 15700 (86.8% neutrófilos, 6.3% linfocitos), Hemoglobina 10.9 g/dL, Hematocrito 33.3%,
VCM 91.3 fL, HCM 30 pg, Plaquetas 156000.
Bioquímica: Hemoglobina glicosilada  5.7%, Proteína 53.4 g/L, Urea 55 mg/dL, Creatinina 1.87 mg/dL (FG 33),
Urato 6 mg/dL, Calcio 8.7 mg/dL, Sodio 141.4 mmol/L, Potasio 4.1 mmol/L, Bilirrubina 0.8 mg/dL, Fosfatasa
alcalina 91 U/L, GGT 18 U/L.
Perfil lipídico: Triglicéridos105 mg/dL, Colesterol 101 mg/dL, HDL 35.1 mg/dL, LDL 45 mg/dL.
Analítica urgente:
Hemograma: Leucocitos 12200 (78.2% neutrófilos, 11.9% linfocitos), Hemoglobina 9.1 g/dL, Hematocrito 27.9%,
VCM 90 fL, HCM 29.3 pg, Plaquetas 148000.
Bioquímica: Glucosa 115 mg/dL, Urea 53.2 mg/dL, Creatinina 1.45 mg/dL, Sodio 140.8 mmol/L, Potasio 4.2 mmol/L, Proteína 49.9 g/L, ALT 16 U/L, PCR 26.7 mg/L.
Orina: Densidad 1.015, pH 5.5, Proteína 0, Glucosa 0, Acetoacetato 0, Bilirrubina 0, Hemoglobina 0, Urobilinógeno
0.2 mg/dL, Nitritos negativos, Esterasa leucocítica 0. Escasas bacterias. Hemocultivo: negativo.
Radiografía de tórax (13.03.2017): exploración rotada y mal penetrada. No se aprecian consolidaciones de espacio aéreo ni datos de derrame pleural.
Radiografía de tórax (16.03.2017): calidad técnica subóptima (especialmente por estar muy rotada). Hasta donde es posible valorar, sin infiltrados pulmonares sugestivos de neumonía en el momento actual ni derrame pleural.
Rx de tòrax (AP) (20.03.2017): Nota: Exploración radiológica de mala calidad técnica. No se aprecian imágenes evidentes de condensaciones espacio aéreo.
Ecocardiograma transtorácico: estudio de mala calidad por ventana ecocardiográfica deficiente. Ventrículo no dilatado y con función global conservada. Válvula aórtica degenerativa. Cavidades derechas no dialtades y normocontráctiles. Paciente ya estudiado por ETE con FOP.
TC de control 24h (14.03.2017 5:31h): aparición de área de baja atenuación cortico subcortical fronto-témporo-parietal izquierdo con afectación de la cápusla interna, compatible con lesión isquémica subaguda de ramas de ACM izquierda y alguna rama distal de ACA izquierda, que ejerce leve efecto masa sobre el asta occipital del ventriculo lateral izquierdo. No se aprecian signos TC de transformación hemorrágica valorable. Línea
Informe de Trasllat a Sociosanitari
media centrada. Cisternas basales y perimesencefálicas libres. Resto del sistema ventricular de tamaño normal. No se aprecia la aparición de otras lesiones intra o extraaxiales TC valorables.
RMN 20.03.17: Estudio de control que no muestra repermeabilidad de la ACM izquierda ocluida por trombo segmento M1 prebifurcación distal a origen arteria temporal anterior, con afectacion de territorio superficial practicametnte completo de ACM izquierda (excpeto areatemporobasal izquierda)
Analítica de control 20.03.17: GB 13600 (N 81%, L 7%, M10%, banda 1%),Hb 10.6g/dL, plaquetas 233000/mL. Hemostasia correcta, salvo fibrinógeno 800mg/dL, Equilibrio venoso: normal.
Bioquímica: glucosa 207mg/dL, proteína 55g/L, FG 44mL/min, creatinina/urea 1.49/49mg/dL, sodio/potasio 128.9/4.61mmoL/L, bilirrubina 0.49mg/dL, FA 97U/L, ALT U/L, AST 49U/L, PCR 45mg/L.
Analítica de control 21.03.17: GB 13100 (bajan) (N 10800, L 1200, M 700); Hb 11g/dL normo normo; plaquetas 302000/mL. Albúmina 31.5g/L, creatiinia/urea 1.53/62mg/dL FG 43mL/min, calcio 8.6mg/dL, fosfato 4mg/dL, magnesio 1.98mg/dL, sodio/potasio 131.8mmoL/L/3.89mmol/L, PCR 82mg/L, Osmolalidad 285mOsm/kg. Equilibrio venoso: pH 7.44, pCO2 37mmHg, HCO3 24.9mmol/L.
Analítica de control 24.03.17: Hemograma: GB 10400/mL (N 7200, L 2100); Hb 10g/dL (normo-normo), plaquetas 328000/mL. Equilibrio venoso: ph 7.38, HCO3 25, pCO2 43.4mmHg. Bioquímica: creatinina/urea 1.49/78mg/dL, FG 44mL/min, sodio/potasio 138/4.25mmol/L, bilirrubina 0.4mg/dL, FA 94U/L, AST 54U/L, ALT 63U/L.
	]]></text>
</Section>
<Section span_begin="10093" span_end="10109" id="SECCION_EVOLUCION" type="INFORMACIÓN SOBRE EVOLUCIÓN">
	<name><![CDATA[EVOLUCIÓ CLÍNICA]]></name>
	<text><![CDATA[
Hombre 79 años con antecedentes de hipertensión, cardiopatía isquémica estable, bloqueo de rama izquierda, adenocarcinoma de próstata tratado con cirugía y radioterapia libre de enfermedad, carcinoma de células claras con nefrectomía parcial -en controles-, insuficiencia renal crónica leve y posible accidente isquémico transitorio en 2014 en forma de alteración del lenguaje con ateromatosis aórtica y foramen oval permeable como hallazgos dentro del estudio etiológico; que el 13.03.17 es traído vía cóigo ictus por hemiapresia del despertar.
A su llegada, ocho horas después de la última hora visto asintomático (07:43 horas) presenta constantes vitales preservadas y electrocardiograma en ritmo sinusal con bloqueo de rama izquierda ya conocido. A la exploración neurológica inicial destaca clínica hemisférica izquierda completa (NIHSS 18). Dado que se trata de un ictus del despertar se realiza RM a las 08:07h que muestra lesión en secuencia de difusión en ínsula y región frontal posterior izquierda (ASPECTS 8) y oclusión de M1 distal izquierda con mismatch angio/DWI y DWI/SWI por lo que se decide realizar trombectomía mecánica. Entra en la sala de angiografía a las 08:25h y en el estudio angiográfico basal (09:12h) se confirma oclusión M1 distal. Se procede a trombectomía mecánica con el dispositivo Solitarie precisando de 7 pases (último a las 10:20h) sin llegar a conseguir recanalización arterial.
Durante la intervención presenta hipotensión y tendencia a la desaturación. Al tratarse de un paciente cardiópata isquémico y con insuficiencia renal que podría estar desarrollando un edema agudo de pulmón se da por finalizada la intervención a las 10:25h. El paciente se traslada a semicríticos de Urgencias durante las primeras horas.
En Urgencias se realiza radiografía de tórax en la que no se observan alteraciones, gasometría arterial que muestra una saturación de O2 del 94% y una analítica urgente en la que se aprecia una cierta anemización (Hematocrito 35%) y en la que no se observa empeoramiento de la función renal. La exploración neurológica no presenta cambios con respecto a la previa al intervencionismo, persistiendo la clínica hemisférica izquierda completa (NIHSS: 23). El paciente ingresa en la Unidad de Ictus Agudo para estudio etiológico y control hemodinámico, clínico y metabólico.
Informe de Trasllat a Sociosanitari
Durante su estancia en la unidad presenta cosntantes vitales normales sin necesidad de tratamiento farmacológico. Un TC de control tras 24 horas de evolución muestra lesión isquémica subaguda de ramas de ACM izquierda y alguna rama distal de ACA izquierda, sin signos de transformación hemorrágica, por lo que se inicia clopidogrel 75mg y enoxaparina 40mg.
Dentro del estudio etiológico se realizó analítica completa que muestra una elevación de leucocitos y anemización respecto a la anítica de urgencias, sin otras alteraciones significativas, con perfil glucémico y lipídico correcto. La monitorización continua no reveló alteraciones del ritmo cardíaco potencialmente embolígenas. Se solicitó un ecocardiograma transtorácico (mala ventana) que no mostró alteraciones significativas, habiéndose descrito ateromatosis aórtica severa y FOP en ecocardiograma transesofágico previo, que se decide no repetir en el momento actual ante estado clínico del paciente. Se orienta como ictus isquémico de etiología aterotrombótica y mecanismo embólico arterio-arterial por ateromatosis aórtica.
Como complicación médica presentó cuadro febril asociado a roncus respiratorios, en ausencia de otro foco se interpretó como posible broncoaspiración y se inició tratamiento empírico con amoxicilina/clavulánico con buena evolución. Se repitió radiografía de tórax que no evidenció consolidación o derrame pleural. Posteriormente la auscultación respiratoria se normalizó, satura correctamente sin oxígeno y se retiró antibioticoterapia tras veinte días de tratamietno sin presentar fiebre.
A nivel neurológico, se mantiene con clínica de infarto total de la circulación anterior izquierda, puntuando un NIHSS de 21, destaca importante espasticidad y reflejo en triple retirada de miembro inferior derecho, por lo que  se inicia baclofeno vía oral. Se realizó interconsulta a Rehabilitación que inició tratamiento específico con fisioterapia, logopedia y terapia ocupacional durante el ingreso.
Finalmente se solicita traslado a centro sociosanitario. Al alta: NIHSS 21, mRS 5, Barthel 0.
	]]></text>
</Section>
<Section span_begin="14559" span_end="14570" id="SECCION_DIAGNOSTICO_PRINCIPAL" type="DIAGNÓSTICO">
	<name><![CDATA[DIAGNÒSTICS]]></name>
	<text><![CDATA[
401.9 Hipertensió essencial inespecificada
433.10 Oclusió i estenosi artèria caròtide, sense infart cerebral
272.0 Hipercolesterolèmia pura.Hipercolesterolèmia familiar,hiperlipoproteïnèmia:tipus IIa(Fredrickson),LDL 414.9/2 Cardiopatia isquemica
	]]></text>
</Section>
<Section span_begin="14819" span_end="14831" id="SECCION_PROCEDIMIENTOS" type="PROCEDIMIENTO">
	<name><![CDATA[PROCEDIMENTS]]></name>
	<text><![CDATA[
TROMBECTOMÍA MECÁNICA (13.03.17):
ARTERIOGRAFÍA: Bajo anestesia local y vigilancia anestésica, previa asepsia y antisepsia, por punción femoral derecha, con la técnica de Seldinger, se hacen cateterismo selectivo de la ACI izquierda, y se hacen estudios angiográficos en todas las proyecciones necesarias. La exploración pone de manifiesto: 1. Oclusión del segmento M1 distal de la ACM izquierda (TIBI:0). TROMBECTOMÍA MECÁNICA: Con la ayuda de una guía de alto soporte, se hace un intercambio del catéter diagnóstico por un catéter guía 8F con balón, que  se coloca en la ACI izquierda. Con un microcatéter Rebar 18 y una microguía Synchro 14, se hace un microcateterismo de la ACM izquierda hasta el segmento M2. Se sube y despliega un stent Catch 4x20 mm, con el que se repermeabiliza la ACM izquierda y sus ramas. Se ocluye la ACI izquierda con el balón y bajo aspiración continua, se retira el stent de
Informe de Trasllat a Sociosanitari
forma lenta y cuidadosa, con el que se extrae un pequeño trombo, sin lograrse una repermeabilización significativa de la ACM izquierda. Se realizan un total de 7 pases con la técnica descrita anteriormente, sin lograrse una repermeabilización. Se hacen estudios angiográficos que demuestran una oclusión del segmento M1 distal de la ACM izquierda (TICI:0), sin cambios respecto a la arteriografía basal. Debido a lo anterior y teniendo en cuenta la situación clínica del paciente, tras discutir el caso con Neurología Vascular, se decide de forma conjunta dar por finalizado el procedimiento. Se cierra el punto de punción con una sutura mecánica (Perclose-ProGlide). No se presentan complicaciones.
CONCLUSIÓN:  1.  Oclusión  del  segmento  M1  distal  de  la  ACM  izquierda  (TICI:  0).  2.  Intento  fallido  de repermeabilización de la ACM izquierda mediante trombectomía mecánica.
	]]></text>
</Section>
<Section span_begin="16671" span_end="16706" id="SECCION_TRATAMIENTO_AL_ALTA" type="INFORMACIÓN SOBRE TRATAMIENTO">
	<name><![CDATA[TRACTAMENT I RECOMANACIONS A L'ALTA]]></name>
	<text><![CDATA[
-	Dieta normal abaj en sal, grasas y azúcares.
-	Control de constantes por turno.
-	Clopidogrel 75mg cada 24 horas vía oral.
-	Baclofeno 5mg cada 24 horas vía oral. Aumentar 5mg cada semana hasta lograr 15mg cada 12 horas, según la espasticidad del paciente.
-	Enoxaparina 40mg cada 24 horas subcutánea.
-	Alopurinol 100mg cada 24 horas vía oral.
-	Budesonida 500ug nebulizado cada 12 horas
-	Ipratropio bromuro 600ug nebulizado cada 6 horas.
-	Xalatan colirio,  una gota al día en cada ojo.
-	Timabac colirio, una gota al día en cada ojo.
-	Atorvastatina 40mg cada 24 horas vía oral
	]]></text>
</Section>
<Section span_begin="17292" span_end="17299" id="SECCION_CONTROL" type="INFORMACIÓN SOBRE TRATAMIENTO">
	<name><![CDATA[CONTROL]]></name>
	<text><![CDATA[
Control con especialistas habituales.
Control en cosnsultas externas de neurología de nuestro centro con Dra. _NAME_ el 14.06.17 a las 12.00 horas.
DESTINACIÓ A L'ALTA:	SOCI SANITARI
Validat per: _NAME_	Col·legiat: _ID_
05.04.2017
Pàgina 1 de 6	]]></text>
</Section>
</ehr>