<?xml version='1.0' encoding='UTF-8'?>
<ehr id="357012038.utf8.txt">
<Section id="DEFAULT_HEADER" type="DEFAULT_HEADER" >
	<name>DEFAULT_HEADER</name>
	<text><![CDATA[
Informe d'Alta Hospitalària	Cognoms i nom:
_NAME_	NHC:
_ID_
	ABS:
_SS_	CIP:
_ID_	DNI:
_ID_
	Data de naixement:
_DATE_	Sexe:
Home	Edat:
75a	Telèfon:
_CONTACT_
	Finançament:
CatSalut - _LOCATION_	Procedència:
URGÈNCIES
	Admissió:
28.03.2017 - 15:07	Servei:
NEURO - UNITAT ICTUS HOSP	Data entrada urg.:
28.03.2017 - 10:33
Adreça:
_LOCATION_	Població:
_LOCATION_	Codi Postal:
_LOCATION_
	]]></text>
</Section>
<Section span_begin="391" span_end="408" id="SECCION_MOTIVO_DE_INGRESO" type="MOTIVO DEL INGRESO">
	<name><![CDATA[Motivo de Ingreso]]></name>
	<text><![CDATA[
:
Ictus isquémico en territorio de ACM izquierda de probable etiología cardioembólica (prótesis mecánica aórtica).
	]]></text>
</Section>
<Section span_begin="524" span_end="548" id="SECCION_ANTECEDENTES" type="ANTECEDENTES">
	<name><![CDATA[ANTECEDENTES PATOLÓGICOS]]></name>
	<text><![CDATA[
-	No AMC
-	Exfumador de los 20 a los 60 años. Dosis total acumulada de 20 paq x año. Actualmente fuma 2-3 puritos al día.
-	HTA
-	DLP
-	DM2.
-	Valvulopatía aórtica. Intervenido con prótesis aórtica mecánica a los 65a en la clínica Teknon.
-	Insuficiencia venosa crónica
-	Intervenciones quirúrgicas: Prótesis mecánica aórtica.
-	Tratamiento habitual (Marzo de 2017): NIFEDIPINA 30MG 1 x 24 h., ATENOLOL 50MG 3 x 4 d., BOI-K 1 x
24  h,  FENOFIBRATO  160MG 1x24h,  FUROSEMIDA  40MG 1  x  24  h,  IRBESARTAN 300MG 1  x  24  h, SIMVASTATINA 20MG 1 x 24 h. SINTROM 4MG Según pauta, Metformina + alogliptina 850/12,5MG 2 x 24 h.
- Situación sociofuncional: Vive solo, no tiene hijos. Trabajó de agente comercial.Independiente para todas las ABVD. mRS = 0.
	]]></text>
</Section>
<Section span_begin="1301" span_end="1318" id="SECCION_PROCESO_ACTUAL" type="INFORMACIÓN SOBRE LA HISTORIA ACTUAL">
	<name><![CDATA[ENFERMEDAD ACTUAL]]></name>
	<text><![CDATA[
El día 27.3 fue a dormir asintomático y se ha despertado a las 4.00am notando parestesias y adormecimiento en mano derecha de distribución en guante. Se ha dormido nuevamente y al despertar ha notado los mismos síntomas por lo que ha activado teleasistencia, quienes han avisado al SEM y han activado código ictus. Llega al hospital a las 10.33.
	]]></text>
</Section>
<Section span_begin="1666" span_end="1684" id="SECCION_EXPLORACION_FISICA" type="INFORMACIÓN SOBRE LA EXPLORACIÓN FÍSICA">
	<name><![CDATA[EXPLORACIÓN FÍSICA]]></name>
	<text><![CDATA[
A su llegada, TA de 197/92, FC 71x9, FR 16x', INR 3.2, Glicemia 177.
- ENRL a su llegada a urgencias (27/3/17): Vigíl y orientado, no rasgos afásicos o disartria, campimetría por confrontación normal, oculomotricidad normal, no asimetría facial, trigemino SM normal, resto PPCC sin alteraciones, no paresia en EESS ni II (aqunque él nota sensación subjetiva de peso al levantar EII), hipoestesia F-B-C. Dismetría en ESD. NIHSS = 0.0.0.0.0/0.(0.0)(0.0)/1.1.0.0.0 = 2
-	ENRL a su llegada a unidad de ictus (28/3/17): Vigíl y orientado, no rasgos afásicos o disartria, campimetría por confrontación normal pero extinción visual con dos estímulos, oculomotricidad normal, no asimetría facial, trigemino SM normal, resto PPCC sin alteraciones, fuerza conservada en ambas extremidades, no hipoestesia, extinción sensitiva en EEII. Dismetría ESD. NIHSS = 0.0.0.0.0/0.(0.0)(0.0)/1.0.0.0.2 = 3
-	ENRL a su llegada a unidad de ictus (28/3/17): leve paresia braquial derecha NIHSS=1
	]]></text>
</Section>
<Section span_begin="2662" span_end="2691" id="SECCION_EXPLORACIONES_COMPLEMENTARIAS" type="INFORMACIÓN SOBRE PRUEBAS COMPLEMENTARIAS">
	<name><![CDATA[EXPLORACIONES COMPLEMENTARIAS]]></name>
	<text><![CDATA[
-	Analítica al ingreso (28/3/17): Sodi 141 mmol/L ( 136 - 145 ) Potassi 4,05 mmol/L ( 3,50 - 5,10 ) Glucosa 10,3 mmol/L ( 3,0 - 6,0 ) 185,40 mg/100mL Urea 9,6 mmol/L ( 2,9 - 8,2 ) 58 mg/100mL Creatinina 88 µmol/L ( 0
-	106 ) 0,99 mg/100mL HEMATOLOGIA-HEMATIMETRIA  Hemograma Hemoglobina 145 g/L ( 130 - 170 )
Hematòcrit 0,43 L/L ( 0,40 - 0,50 ) Hematies 4,63 x10E12/L ( 4,50 - 5,70 ) VCM 93,1 fL( 80,0 - 98,0 ) CCMH
336 g/L ( 320 - 360 ) HCM 31,3 pg ( 27,0 - 32,0 ) RDW 12,7 % ( 12,0 - 15,0 ) Plaquetes 237 x10E9/L ( 140 -
350 ) VPM 10,8 fL ( 7,0 - 10,5 ) Plaquetòcrit 0,30 % Leucòcits 7,63 x10E9/L ( 3,80 - 11,00 ) Fórmula leucocitària Neutròfils 70,2 % Neutròfils absoluts 5,35 x10E9/L ( 1,80 - 7,00 ) Eosinòfils 3,9 % Eosinòfils absoluts 0,30 x10E9/L ( 0,05 - 0,50 ) Basòfils 1,0 % Basòfils absoluts 0,08 x10E9/L ( 0,00 - 0,10 ) Monòcits 8,8
% Monòcits absoluts 0,67 x10E9/L ( 0,30 - 1,00 ) Limfòcits 16,1 % Limfòcits absoluts 1,23 x10E9/L ( 1,00 - 4,00
) HEMOSTÀSIA Temps de tromboplastina 1,81 RATIO ( 0,75 - 1,30 ) Temps de protrombina 3,07 INR ( 0,75 - 1,20 ) Temps de trombina 23,10 s ( 17,00 - 24,00).
- Analítica programada: Sodi 141 mmol/L ( 136 - 145 ) Potassi 4,03 mmol/L ( 3,50 - 5,10 ) Calci 2,23
mmol/L ( 2,15 - 2,55 ) 8,92 mg/100mL Fosfat 0,85 mmol/L ( 0,87 - 1,45 ) 2,63 mg/100mL Glucosa 5,1 mmol/L (
3,0 - 6,0 ) 91,80 mg/100mL Urea 8,6 mmol/L ( 2,9 - 8,2 ) 52 mg/100mL Creatinina 76 µmol/L ( 0 - 106 ) 0,86
mg/100mL Bilirubina total 7 µmol/L (< 17) 0,43 mg/100mL Triglicèrids 1,20 mmol/L (< 1.65) 106,20 mg/100mL
Colesterol 3,68 mmol/L (< 6.2) 142,42 mg/100mL AST (GOT) 17 U/L ( 0 - 37 ) ALT (GPT) 19 U/L ( 0 - 41 )
Fosfatasa alcalina 31 U/L ( 40 - 130 ) GGT 17 U/L ( 0 - 54 ) Proteïna total 62,1 g/L ( 64,0 - 83,0 ) Albúmina 36,9
g/L ( 34,0 - 48,0 ) HORMONES Tirotropina 1,97 mUI/L ( 0,30 - 5,00 ) SEROLOGIA HIV 1 i HIV 2 HIV 1 i 2
(CMIA) Negatiu SEROLOGIA LUÈTICA (TREPONEMA PALIDUM) Prova treponèmica (MEIA) 0,03 (Negatiu) HEMATOLOGIA-HEMATIMETRIA Hemograma Hemoglobina 132 g/L ( 130 - 170 ) Hematòcrit 0,39 L/L ( 0,40 -
0,50 ) Hematies 4,22 x10E12/L ( 4,50 - 5,70 ) VCM 92,9 fL ( 80,0 - 98,0 ) CCMH 337 g/L ( 320 - 360 ) HCM
31,3 pg ( 27,0 - 32,0 ) RDW 13,0 % ( 12,0 - 15,0 ) Plaquetes 211 x10E9/L ( 140 - 350 ) VPM 10,9 fL ( 7,0 - 10,5
) Plaquetòcrit 0,30 % Leucòcits 10,09 x10E9/L ( 3,80 - 11,00 ) Fórmula leucocitària Neutròfils 73,3 % Neutròfils absoluts 7,40 x10E9/L ( 1,80 - 7,00 ) Eosinòfils 3,6 % Eosinòfils absoluts 0,36 x10E9/L ( 0,05 - 0,50 ) Basòfils
0,6 % Basòfils absoluts 0,06 x10E9/L ( 0,00 - 0,10 ) Monòcits 10,3 % Monòcits absoluts 1,04 x10E9/L ( 0,30 - 1,00 ) Limfòcits 12,2 % Limfòcits absoluts 1,23 x10E9/L ( 1,00 - 4,00 ) Velocitat de sedimentació globular (VSG) 40 mm/hora ( 1 - 10 ) HEMATOLOGIA-ERITROPATOLOGIA Vitamina B12 62 pmol/L ( 150 - 650 ) Folat
sèric 16,4 nmol/L ( 7,0 - 45,0 ) Homocisteïna en sèrum En Proceso Hb glicosilada (HbA1c) 6,1
- ECG: RS a 70 lpm, PR >0.2 (BAV 1r grado), QRS estrecho con morfología de bloqueo de rama derecha, Ts negativas en cara lateral (aVL, DI, v5 y v6). No ECG previos.
-	TC craneal a su llegada (28/3/17): Pequeña lesión isquémica de aspecto reciente pero establecida con extensión cortical parietal izquierda con afectación del giro poscentral en territorio superficial de la ACM I.
Lesión isquèmica crònica con extensión cortical frontal izquierda, en territorio frontera superficial y
en hemisferio cerebeloso I(PICA I). Lacunares crónicos en ambos brazos anteriores de las capsular internas.
-	Estudio neurosonológico: Duplex de TSA con ejes carotideos y vertebrales sin alteraciones. Buena ventana transtemporal, ambas ACMs y ACPs sin alteraciones
-	RM craneal: Infarto subagudo establecido que se correlaciona con los hallazgos de la TC de localización corticosubcortical parietal izquierda con afectación de la cortical anterior de la circunvolución posterocentral, sin signos de transformación hemorrágica ni compromiso de linea media  ni del drenaje ventricular. Lesión encefalomalácica también de aspecto vascular isquémico territorial en la convexidad frontal izquierda, mínima en la convexidad parietal derecha y en el hemisferio cerebeloso izquierdo, con otras pequeñas lesiones cerebelosas tamnbién de aspecto vascular. Múltiples focos de microsangrado crónico corticales-yuxtacorticales y alguno subcortical cerebrales; foco de microsangrado también bulboprotuberancial. Impronta de AVI sobre bulbo izquierdo. Focos aislados de hiperseñal en las secuencias potenciadas en T2 distribuidos por la sustancia blanca subcortical y periventricular de ambos hemisferios cerebrales, de aspecto hipóxico-isquémico crónico en relación a microangiopatía. El estudio angiográfico IC muestra correcta permeabilidad de los sectores incluidos; como variante se aprecia una hipoplasia del segmento A1 de ACA derecha, con permeabilidad a través de AcoA. Dilatación de surcos corticales supra e infratentoriales y leve ventriculomegalia de aspecto involutivo. Línea media centrada. Cisternas de la base libres. Charnela cráneo-cervical normal. CONCLUSIÓN: Estudio craneal que muestra un infarto territorial superficial parietal izquierdo subagudo que se correlaciona en tamaño con la lesión de la TC, sin signos de transformación hemorrágica ni compromiso de linea media, y sin hallazgos significativos en el estudio angiográfico. Se aprecian antiguos infartos territoriales cerebrales y cerebelosos y múltiples focos de microsangrado crónico
-	Ecocardiograma TT/TE: Ventrículo izquierdo no dilatado con ligera-moderada hipertrofia de sus paredes. Función sistólica global conservada, sin alteraciones segmentarias. FEVI 69 % por Simpson biplanar. Patrón de llenado ventricular con alteración de la relajación. Aurícula izquierda ligeramente dilatada (volumen de 38 ml/m2 en plano apical biplanar). Septo interauricular sin aneurisma. No se aprecian imágenes sugestivas de trombosis en la aurícula izquierda ni en la orejuela izquierda.En el estudio transesofágico se administra suero fisiológico agitado con Maniobra de Valsalva sin evidenciar foramen oval permeable. V. Mitral con ligera esclerosis de valvas y calcificación del anillo con ligera insuficiencia. Raíz aórtica y aorta ascendente proximal no dilatadas.
Ateromatosis moderada de aorta torácica, comprobándose la existencia de placas de ateroma en aorta torácica descendente y cayado aórtico distal de 3.5- 3.8 mm de espesor. Prótesis valvular mecánica en posición aórtica normofuncionante y sin imágenes sugestivas de trombosis. Cavidades derechas sin alteraciones significativas. Mínima regurgitación tricúspide fisiológica que no permite calcular la PAPs. No obstante, no se registran signos indirectos que sugieran de incremento de resistencias arteriales pulmonares. Vena cava inferior no dilatada. Ausencia de derrame pericárdico.
	]]></text>
</Section>
<Section span_begin="9487" span_end="9496" id="SECCION_EVOLUCION" type="INFORMACIÓN SOBRE EVOLUCIÓN">
	<name><![CDATA[EVOLUCIÓN]]></name>
	<text><![CDATA[
A su llegada a urgencias se realiza TC craneal que muestra lesión isquémica reciente cortical parietal izquierda, congruente con los síntomas. Dado el tiempo de evolución de la clínica y la repercusión escasa de los síntomas, se decide no realizar tratamiento de reperfusión. Ingresa en la unidad de ictus para monitorización y realización de estudio etiológico con ecografía transesofágica, RM craneal y analítica.
Durante su ingreso en unidad de ictus, el paciente se mantiene muy hipertenso y precisa de varios rescates de medicación. También presenta retención aguda de orina, con varios intentos de sondaje que provocan uretrorragia, por lo que se requiere avisar a Urología para sondaje, que finalmente lo realiza con éxito. Se realiza test de disfágia a las 24h del ingreso, con buena tolerancia por lo que se inicia dieta oral. Se contacta también con hemostásia para pauta a seguir en cuanto a anticoagulación, quienes recomiendan iniciar Hibor a dosis progresivas.
Dada la estabilidad a nivel clínico y de constantes, se decide traslado del paciente a la sala convencional de neurología para completar el estudio.
En sala de neurologia clínicamente con tendencia a la mejoría, persistiendo leve paresia braquial que no puntúa en la NIHSS. En la RM se observa infarto territorial superficial parietal izquierdo subagudo y en el ETE se descarta trombosis protésica. Se orienta como ictus isquémico de etiología cardioembólica. Inicialmente anticoagulado con heparina sódica y posteriormente heparina BPM, realizandose paso a sintrom y añadiendose antiagregación con aspirina.
Dada la estabilidad clínica se decide alta a domicilio con sondaje vesical por episodio de RAO para control ambulatorio, Se inicia suplementación de B12 por niveles bajos analíticos.
Al alta NIHSS= 0 (persiste paresia distal leve mano que no puntúa) , mRS 2
	]]></text>
</Section>
<Section span_begin="11341" span_end="11355" id="SECCION_PROCEDIMIENTOS" type="PROCEDIMIENTO">
	<name><![CDATA[PROCEDIMIENTOS]]></name>
	<text><![CDATA[
-	Analítica de sangre.
-	Telemetría.
-	ECG.
-	RM craneal.
-	Ecografía transesofágica.
	]]></text>
</Section>
<Section span_begin="11444" span_end="11456" id="SECCION_DIAGNOSTICO_PRINCIPAL" type="DIAGNÓSTICO">
	<name><![CDATA[DIAGNÓSTICOS]]></name>
	<text><![CDATA[
-	Infarto  isquémico  en  territorio  de  ACM  izquierda  de  probable  mecanismo  embólico  y  etiología cardioembólica.
-	Prótesis mecánica aórtica
-	Hipovitaminosis B12
	]]></text>
</Section>
<Section span_begin="11631" span_end="11642" id="SECCION_TRATAMIENTO_HABITUAL" type="INFORMACIÓN SOBRE TRATAMIENTO">
	<name><![CDATA[TRATAMIENTO]]></name>
	<text><![CDATA[
-	Sintrom e Hibor según pauta.
-	Adiro 100 mg/día
-	Hidroclorotiazida 25 mg/día
-	Hidroxil B1B6B12 1 comprimido/12h
Resto del tratamiento habitual:
-	Simvastatina 20 mg/día
-	Furosemida 40 mg/día
-	Omeprazol 20 mg/día
-	Metformina + Alogliptina 850/12,5MG 2 comp/ 24 h.
-	Irbesartan 300MG 1 x 24 h
-	Nifedipino 30MG 1 x 24 h.
-	Atenolol 50 mg 3 x 4 d.
-	Boi-K 1 x 24 h
-	Fenofibrato 160MG 1x24h
*	Retirada de sonda vesical a los 5 días en su centro de atención primaria, según indicación de Urología de _SS_.
*	Continuar terapia ocupacional ambulatoriamente
*	Control en Consulta Externa de Rehabilitación (se adjunta)
*	Control de factores de riesgo vascular por médico de atención primaria
	]]></text>
</Section>
<Section span_begin="12342" span_end="12367" id="SECCION_RECOMENDACIONES" type="INFORMACIÓN SOBRE TRATAMIENTO">
	<name><![CDATA[Recomendaciones generales]]></name>
	<text><![CDATA[
1.	Tratamiento de la hipertensión arterial, manteniendo cifras por debajo de 140/90; en caso de ser diabético, cifras por debajo de 130/85.
2.	Abandono completo del hábito tabáquico.
3.	Control y tratamiento de las enfermedades cardiacas (cardiopatía isquémica, insuficiencia cardiaca, arritmias y valvulopatías).
4.	Evitar consumo excesivo de alcohol (se permite una o dos bebidas al día).
5.	Vigilancia y tratamiento del perfil lipídico:
Dieta pobre en grasas, actividad física apropiada.
Tratamiento farmacológico si precisa para mantener niveles de LDL<100mg/dl.
6.	Control de la glucemia, que debe ser <126mg/dl en ayunas, con dieta, antidiabéticos orales o insulina si precisa.
7.	Realizar actividad física, 30 a 60 minutos, de tres a cuatro veces a la semana.
8.	Continuar el tratamiento antiagregante y anticoagulante a las dosis recomendadas, siguiendo los controles necesarios.
Responsable clínic: Dra. _NAME_ (NºCol. _ID_)
Equip mèdic: Dr. _NAME_ (NºCol. _ID_)
Servei que ha donat d'alta:
NEUROLOGIA HOSP	Data d'alta:
05.04.2017	Nom del metge que informa de l'alta:
Dra. _NAME_ (NºCol. _ID_)
_LOCATION_, 05.04.2017
Pàg. 1 de   5	]]></text>
</Section>
</ehr>