<?xml version='1.0' encoding='UTF-8'?>
<ehr id="357060359.utf8.txt">
<Section id="DEFAULT_HEADER" type="DEFAULT_HEADER" >
	<name>DEFAULT_HEADER</name>
	<text><![CDATA[
_LOCATION_
Tel. _CONTACT_
_LOCATION_
Nº Història Clínica: _ID_
Cognoms, Nom: _NAME_
NºEpisodi: _ID_
CIP: _ID_
Sexe: Dona
Data de Naixement: _DATE_   Edat: 99 Anys
NIF/DNI: _ID__NAME_; _NAME_
Informe de Trasllat a Sociosanitari
14:22:50
05.04.2017
_LOCATION_
_SS_ MEDICINA INTERNA
CP
ABS
Servei Data d'alta
_LOCATION_
_CONTACT_
DOMICIL/RES.SOC 23.03.2017
Adreça
Telèfon Procedència Data d'ingrés Atès per
	]]></text>
</Section>
<Section span_begin="407" span_end="421" id="SECCION_MOTIVO_DE_INGRESO" type="MOTIVO DEL INGRESO">
	<name><![CDATA[MOTIU D'INGRÉS]]></name>
	<text><![CDATA[
ACV isquémico, sospecha cardioembólico.
	]]></text>
</Section>
<Section span_begin="463" span_end="474" id="SECCION_ANTECEDENTES" type="ANTECEDENTES">
	<name><![CDATA[ANTECEDENTS]]></name>
	<text><![CDATA[
Sin alergias medicamentosas conocidas.
HTA en ttº farmacológico. No DM ni DLP conocidas.
Fibrilación auricular, antiagregada con AAS 100. BRDHH+HBA. Poliartrosis.
IRC, creatina en torno a 1,5g/dl. Anemia ferropénica, ferroterapia oral. Hipoacusia moderada-severa.
Buena calidad de vida, independiente para AVD.
	]]></text>
</Section>
<Section span_begin="787" span_end="805" id="SECCION_TRATAMIENTO_HABITUAL" type="INFORMACIÓN SOBRE TRATAMIENTO">
	<name><![CDATA[MEDICACIÓ HABITUAL]]></name>
	<text><![CDATA[
AAS 100mg/ 24h, Enalapril/HCTZ 20/12,5 mg/24h,  Omeprazol 20mg/24h, Ferplex 40 mg/48h, Paracetamol sp.
	]]></text>
</Section>
<Section span_begin="910" span_end="923" id="SECCION_PROCESO_ACTUAL" type="INFORMACIÓN SOBRE LA HISTORIA ACTUAL">
	<name><![CDATA[PROCÉS ACTUAL]]></name>
	<text><![CDATA[
Paciente mujer, de 99 años de edad, que es traída a Urgencias, por ambulancia convencional por cuadro brusco de disminución de conciencia, con desviación de la mirada conjugada hacia la izda, debilidad de extremidades derechas y desviación de comisura bucal.
	]]></text>
</Section>
<Section span_begin="1184" span_end="1201" id="SECCION_EXPLORACION_FISICA" type="INFORMACIÓN SOBRE LA EXPLORACIÓN FÍSICA">
	<name><![CDATA[EXPLORACIÓ FÍSICA]]></name>
	<text><![CDATA[
AC: Arrítmica. AR: mvc ambos hemitórax. Abd. blando y depresible, no doloroso. Pulsos periféricos presentes No edemas.
Valoración NRL: A su llegada a URG presenta afasia global, desviación de la mirada conjugada, HHD por amenaza. Parálisis facial SN derecha. Plegia ESD (0/5) y paresia 2/5 de EID. Hemihipoestesia derecha. Babinski derecho. Hipoacusia.
NIHSS: 0-2-2-2-2 / 1-4-0-3-0 / 0-2-3-0-0 = 21.
	]]></text>
</Section>
<Section span_begin="1604" span_end="1629" id="SECCION_EXPLORACIONES_COMPLEMENTARIAS" type="INFORMACIÓN SOBRE PRUEBAS COMPLEMENTARIAS">
	<name><![CDATA[EXPLORACIÓ COMPLEMENTÀRIA]]></name>
	<text><![CDATA[
Urgencias:
-	TAC craneal: Signos tempranos de isquemia en región parieto temporal izquierda y nucleo lenticular y de la cabeza del caudado. ASPECTS 6. Cambios involutivos acordes para la edad del paciente.(99 años). Cambios en relación con enfermedad de pequeño vaso.
-	Analítica:  glucemia  122.  Urea  87.  Creatinina  1.71.  Coagulación  sin  alteraciones.  Hemograma:  todos  los parámetros dentro de la normalidad.
-	ECG: FA a 70 lpm. BRDHH.
-	
Informe de Trasllat a Sociosanitari
Planta:
-Analítica (24/3/17): G. 119 mg/dl, urea 75 mg/dl, creat 1,28 mg/dl, CT 203 mg/dl, HDLc 46 mg/dl, LDLc 132 mg/dl, TG 125 mg/dl, uratos 8,1 mg/dl, Ca 8,5 mg/dl (corregido 9 mg/dl), albúmina 3,5 mg/dl,, ionograma normal, Hb 10 g/dl, hcto 29,9%, NN, no leucocitosis ni neutrofilia, B12 y fólico normales. PCR 1,21 mg/dl,VSG 54 mm. TSH normal.
- Analítica (31/3/17): 104 mg/dl, urea 53 mg/dl, creat 1,06 mg/dl, AST 29 U/L, ALT 30 U/L GGT 25 U/L, LDH 435
U/L, FA 73 U/L, bilirrubina 0,4 mg/dL, albúmina 3,6 mg/dL, calcio 9,1 mg/dL, PCR 2,81 mg/dL, sodio 138 mEq/L,
potasio  4,3  mEq/L.  VSG  58  mm.  Eritrocitos  3,88,  hematocrito  33,1%,  hemoglobina  11,3,  leucocitos  4,61,
neutrófilos 2,81, linfocitos 0,82, plaquetas 267.
-	Rx tórax (31/3/17): cardiomegalia, pinzamiento de ambos senos costofrénicos, sin infiltrados.
-	Ecocardio (24/3/17): Ventrículo izquierdo no dilatado, sin hipertrofia y con función sistólica normal. Válvula mitral con esclerosis y un nódulo de 7x3 mm en valva posterior que condiciona regurgitación mitral grave. Válvula aórtica sin estenosis y con insuficiencia ligera-moderada. Aurículas dilatadas, sobre todo la izquierda. Ventrículo derecho no dilatado y con buena contractilidad. IT ligera. PAP claculada de 56 mmHg. No hay derrame pericárdico.
	]]></text>
</Section>
<Section span_begin="3408" span_end="3424" id="SECCION_EVOLUCION" type="INFORMACIÓN SOBRE EVOLUCIÓN">
	<name><![CDATA[EVOLUCIÓ CLÍNICA]]></name>
	<text><![CDATA[
Paciente femenina de 99 años que ingresa en Medicina Interna por ictus en territorio de ACM izquierda presentando hemiplegia derecha y alteraciones del habla y de la deglución.
Fue activado código ictus el 23/marzo a las 18:25. A su llegada a Urgencias presenta afasia global, desviación de la mirada conjugada, HHD por amenaza. Parálisis facial SN derecha. Plegia ESD (0/5) y paresia 2/5 de EID. Hemihipoestesia derecha. Babinski derecho. NIHSS: 0-2-2-2-2 / 1-4-0-3-0 / 0-2-3-0-0 = 21. Dada la presencia de signos tempranos de isquemia (ASPECTS 6) y la edad de la paciente, se desestima para tratamiento fibrinolítico por alto riesgo de sangrado y se decide ingreso en M.Interna para continuar control evolutivo.
La paciente está despierta, presenta mutismo e impresiona de alteración de la comprensión, aunque existe posible interferencia por hipoacusia. Moviliza hemicuerpo izquierdo con normalidad pero no presenta movilidad espontánea en hemicuerpo derecho. La paciente es valorada por Rehabilitación para estimular hemicuerpo derecho y Logopedia para evaluar deglución y habla. Comienza a movilizar las cuatro extremidades e ingiere dieta túrmix y agua con espesante con buena tolerancia; continúa con mutismo, mantiene contacto ocular y ocasionalmente se expresa con gestos.
Avanza con las sesiones de rehabilitación, llegando a deambular por el pasillo, con ayuda de una persona. Persiste afasia motora, pero recupera resto de focalidad neurológica.
Iniciamos Acenocumarol 72 h antes del alta; se retirará AAS cuando la paciente esté en rango (Control Hematología el jueves día 6/4).
Valorada por UFISS, se podrá realizar traslado miércoles 5/marzo.
	]]></text>
</Section>
<Section span_begin="5089" span_end="5100" id="SECCION_DIAGNOSTICO_PRINCIPAL" type="DIAGNÓSTICO">
	<name><![CDATA[DIAGNÒSTICS]]></name>
	<text><![CDATA[
434.91/5 Avc isquemic
427.31 Fibril·lació auricular
Informe de Trasllat a Sociosanitari
424.0/1 Insuficiencia mitral.
	]]></text>
</Section>
<Section span_begin="5225" span_end="5260" id="SECCION_TRATAMIENTO_AL_ALTA" type="INFORMACIÓN SOBRE TRATAMIENTO">
	<name><![CDATA[TRACTAMENT I RECOMANACIONS A L'ALTA]]></name>
	<text><![CDATA[
Adjunto.
DESTINACIÓ A L'ALTA:	SOCI SANITARI
Validat per: _NAME_	Col·legiat: _ID_
05.04.2017
Pàgina 1 de 3	]]></text>
</Section>
</ehr>