<?xml version='1.0' encoding='UTF-8'?>
<ehr id="357036349.utf8.txt">
<Section id="DEFAULT_HEADER" type="DEFAULT_HEADER" >
	<name>DEFAULT_HEADER</name>
	<text><![CDATA[
_LOCATION_
Telf:
_CONTACT_
_CONTACT_
Nº Història Clínica: _ID_
Cognoms, Nom: _NAME_
NºEpisodi: _ID_
CIP: _ID_
Sexe: Home
Data de Naixement: _DATE_   Edat: 77 Anys
NIF/DNI: _ID__NAME_; _NAME_; _NAME_; 
_NAME_
Informe d'alta d'hospitalització
CP	_LOCATION_
ABS	_SS_
Servei	NEUROLOGIA
Data d'alta  05.04.2017	12:31:12
_LOCATION_
_CONTACT_
DOMICIL/RES.SOC 08.03.2017
Adreça
Telèfon Procedència Data d'ingrés Atès per
	]]></text>
</Section>
<Section span_begin="416" span_end="430" id="SECCION_MOTIVO_DE_INGRESO" type="MOTIVO DEL INGRESO">
	<name><![CDATA[MOTIU D'INGRÉS]]></name>
	<text><![CDATA[
Codi Ictus del Despertar
	]]></text>
</Section>
<Section span_begin="457" span_end="468" id="SECCION_ANTECEDENTES" type="ANTECEDENTES">
	<name><![CDATA[ANTECEDENTS]]></name>
	<text><![CDATA[
-	Sin alergias medicamentosas conocidas.
-	Niega hábitos tóxicos.
-	Autónomo e independiente para AVD, Rankin 0.
-	Dislipemia.
-	Neoplasia de próstata tratada hace más de 10 años
	]]></text>
</Section>
<Section span_begin="650" span_end="668" id="SECCION_TRATAMIENTO_HABITUAL" type="INFORMACIÓN SOBRE TRATAMIENTO">
	<name><![CDATA[MEDICACIÓ HABITUAL]]></name>
	<text><![CDATA[
Niega
	]]></text>
</Section>
<Section span_begin="676" span_end="689" id="SECCION_PROCESO_ACTUAL" type="INFORMACIÓN SOBRE LA HISTORIA ACTUAL">
	<name><![CDATA[PROCÉS ACTUAL]]></name>
	<text><![CDATA[
Paciente que el dia 8.03.17 al despertar presenta clínica de hemiparesia izquierda con parálisis facial y disartria por lo que se avisa al SEM. Según refiere, se despertó a las 03:00h asintomático (última vez que fue visto bien). Se activa codigo ictus y se traslada a nuestro centro. Llegada HJ23
	]]></text>
</Section>
<Section span_begin="989" span_end="1006" id="SECCION_EXPLORACION_FISICA" type="INFORMACIÓN SOBRE LA EXPLORACIÓN FÍSICA">
	<name><![CDATA[EXPLORACIÓ FÍSICA]]></name>
	<text><![CDATA[
BEG, NC y NH
- Exploración NEUROLÓGICA:
Vigil, Consciente y orientado. Disartria leve. Hemiparesia de ESI (4/5) y EII (4+/5). Parálisis facial central completa. No hemianopsia. Sin alteración de la sensibilidad.
NIHSS 5; LACI.
-	CARDIO: Tonos rítmicos sin soplos ni extratonos.
-	RESP: Eupneico en reposo. Mantiene satO2 98% con GN a 2lpm. AR: MVC sin ruidos sobreañadidos.
-	ABD: Blando y depresible. Perisltatismo presente. Hernia abdominal. No doloroso a la palpación.
-	EEII: No edemas ni signos de TVP. Pulsos pedios presentes y simétricos
	]]></text>
</Section>
<Section span_begin="1555" span_end="1580" id="SECCION_EXPLORACIONES_COMPLEMENTARIAS" type="INFORMACIÓN SOBRE PRUEBAS COMPLEMENTARIAS">
	<name><![CDATA[EXPLORACIÓ COMPLEMENTÀRIA]]></name>
	<text><![CDATA[
-	ANALÍTICA INGRESO: GSA: pH 7.37; PO2 33.3mmHg; PCO2 48.2mmHg; Bicarbonat 27.4mmol/l; EB 2.2; SaO2
61.8%; Glucosa 132mg/dL; creatinina 0.91mg/dL; urea 30mg/dL; Na 142mE/L; K 3.7mEq/L; Leucocitos 8.000/mL; Hemoglobina 16.8g/dL; Hematocrito 48.2%; Plaquetes 255.000/mcL; Fibrinogeno 453mg/dl; INR 1.05; TTPAr 0.89. Lactato 2.29mmol/L;
-	Rx TÒRAX: Hilios prominentes. ICT>0.5.
-	
Informe d'alta d'hospitalització
-	ECG: RS a 90lpm, PR 225ms, QRS estrecho sin alteraciones en la repolarización.
-	RNM CRANEAL urgente (ensayo Wake Up): No evidencia de sangrado intra o extracraneal agudo. Focus paramagnéticos lineales y otros puntiformes en núcleos de la base, el más grande en región putaminal posterior derecha, que traducen microcalcificación y depósito hemosiderínico por sangrado crónico, este en el foco más gordo del lado derecho. Área de trastorno de la difusión con secuencia FLAIR negativa (mistmach) sobre SB periventricular-corona radiada derecha, compatible con focos de isquemia hiperaguda sobre el territorio profundo de ACMD. Existe una segunda zona de trastorno de la difusión más tenue a nivel contralateral, igualmente no identificable en FLAIR, que no descarta un segundo foco isquémico hiperagudo. Resto de estudio parenquimatoso de estructuras supratentorial y de fosa posterior sin otros hallazgos a resaltar. Línea media centrada. Cisternas de la base libres y simétricas. Ventrículo cerebral de morfología, disposición y volumen conservado. El estudio angioRM arterial intracraneal muestra discreta disminución de la señal de flujo sobre ramas distales de ACMD. hipoplasia segmento A1 de ACAD Recorrido intracraneal de ambas ACI, ACMs, tronco basilar, polígono de Willis y demás ramas dependientes de morfología y señal de flujo conservado.
-	TAC craneal control 24h postratamiento: Hemorragias agudas intraparenquimatosa y subaracnoidal a nivel parietal posterior derecho asociadas a hipodensidad retrolenticular derecha en relación a lesión isquémica reciente. Cambios involutivos de distribución difusa tanto corticales como subcorticales. Linea media centrada. Cisternas basales libres. Fosa posterior conservada.
-	EcoDoppler color TSA: Es detecta gran placa post-bifurcació carotidia dreta que origina una estenosis moderada-greu, 50-69%, de l'ACI dreta.
-AngioTAC TSA: Estenosis crítica focal en el ostium de la ACI derecha. Infarto isquèmico subagudo parietal posterior derecho (ya conocido), con reabsorcion del componente hemático visto en estudio previo.
Ecocardiograma TT: Hipocinesia basal inferior e inferolateral con función sistólica biventricular conservada Sin valvulopatias significativas Raíz aórtica ligeramente dilatada a nivel de senos de valsalva Sin masas intracardiacas Sin imagen de FOP por esta via de estudio actual
Holter 24h: Ritmo sinusal que alterna con flutter auricular atípico con conducción variable, con FVM controlada
Sedimento de orina: Normal
Urocultivo: Negativo
Analítica de ingreso: Función renal e ionograma normales, Colesterol total 116mg/dl, resto de perfil lipídico normal. Perfil tiroideo normal, LDH 384 U/L, Bilirrubina 1.8mg/dl, resto de perfil hepático normal, hemostasia sin alteraciones. Hb A1c 5.8%, Hb 15.7g/dl, Hto 45.9%; VCM 92.9fl, Leucocitos 8910 (N 60.5% L 24.5%) Plaquetas 261000
Analítica de control: Función renal e ionograma normales. Perfil hepático: Bilirrubina 0.98mg/dl, Bilirrubina esterificada 0.59mg/dl, AST 56U/L, ALT 97U/L, GGT 74U/L, LDH 408U/L, fosfatasa alcalina y albúmina normales
-	Serología negativa para VHB, VHC, VIH.
-	Hemostasia normal
-	Hemograma: Hb 15.4g/dl, Hto 46.4%, VCM 94.5fl, Leucocitos 6570 (N 53.1% L 32%) Plaquetas 329000
-	
Informe d'alta d'hospitalització
	]]></text>
</Section>
<Section span_begin="5278" span_end="5294" id="SECCION_EVOLUCION" type="INFORMACIÓN SOBRE EVOLUCIÓN">
	<name><![CDATA[EVOLUCIÓ CLÍNICA]]></name>
	<text><![CDATA[
A su llegada se encuentra consciente y orientado, parálisis facial izquierda con hemiparesia izquierda y disartria (NIHSS 5). En el contexto de ictus del despertar es valorado por Neurologia y dado que cumple los criterios de participar en el ensayo clínico WAKE UP stroke se le explica y accepta voluntaramiente participar firmando consentimiento informado. Kit medicación 0100. Se traslada a UCIm
EVOLUCIÓN EN UCI: A la llegada a la UCIm el paciente presenta tendencia a la HTA por lo que se adminsitran 30mg de labetalol. Tras control tensional se inicia tratamiento del estudio (Kit medicación 0100).
A las horas de evolución el paciente no presenta mejoría clínica con progresión con pléjia braquial, disartria y parálisis facial. Se realiza un TAC craneal de control a las 24 horas en el que se evidencia transformación hemorrágica a distancia y una infarto cerebral en territorio de las lenticulo-estradas derechas.
Durante el ingreso se mantiene estable hemodinámicamente con tendencia a la hipertensión. Valorado por rehabilitación pendiente de iniciar fisoterapia. Dada la buena evolución clínica se traslada a planta de Neurología.
PLANTA DE NEUROLOGIA:
El pacient ingresa a planta convencional de Neurologia amb plègia braquial D i parèsia crural 4/5. Resta estable sense complicacions. Tolera dieta oral i sedestació i inicia rehabilitació amb bona resposta tolerant deambulació amb crossa sense presentar milloria de la plègia braquial D.
Les exploracions complemntàries han evidenciat una estenosis crítica >70% de l'art. Carótida Interna dreta, sintomàtica, com a possible causa embólica arterior-arterial. Degut a la bona evolució funcional del pacient i bon estat general es comenta amb cirurgia vascular i es considera tributari per endarterectomia carotidia dreta. El 29/4 es realitza endarterectomia carotidia sense incidències.
Paralelament també s'ha evidenciat un flutter auricular amb area d'hipocinèsia a l'ecocardio, com a possibles causes cardioemboligenes.
Donada la bona evolució es decideix alta hospitalària, rehabilitació ambulatòria i control evolutiiu a CEX.
En resum, es tracta d'un pacient de 77 anys amb hipercolesterolèmia com a FRV, que ha presentat un infart cerebral embòlic al territori de l'ACM D, inclós en l'assaig clínic Wake Up (tractament agut amb rtPA vs placebo en ictus d'hora d'inici desconeguda), amb estenosi carotidia greu dreta com a causa ateroembòlica, operada, i amb flutter auricular com segona causa emboligena. Es recomana tractament de prevenció secundària anticoagulant amb control molt estricte dels FRV, objectius TA<130/80 i colesterol LDL<70.
Valoración funcional al alta:
Pléjia MSD sin iobjetivarse ciontracción motora voluntaria.
Hemiparesia leve EID que permite marcha con bastón de mano supervisada. No clínica de disfagia.
NIHSS 7
Rankin 3
I. Barthel 37/100. AES-C: 22
	]]></text>
</Section>
<Section span_begin="8146" span_end="8157" id="SECCION_DIAGNOSTICO_PRINCIPAL" type="DIAGNÓSTICO">
	<name><![CDATA[DIAGNÒSTICS]]></name>
	<text><![CDATA[
Informe d'alta d'hospitalització
436/5 Ictus isquèmic a territori ACM D de mecanisme embòlic indeterminat  per 2 possibles causes (embolia arterio-arterial de l'estenosis carotidia i cardiomebolic pel flutter). Wake Up stroke.
-	Estenosis Carotidia D greu >70% sintomàtica operada (endarterectomia carotidia)
-	Flutter auricular
-	Hipertensió Arterial.
	]]></text>
</Section>
<Section span_begin="8517" span_end="8529" id="SECCION_PROCEDIMIENTOS" type="PROCEDIMIENTO">
	<name><![CDATA[PROCEDIMENTS]]></name>
	<text><![CDATA[
87.03 Tomografia axial computada de cap. TAC de cap
89.52 Electrocardiograma. ECG NOS, ECG (amb 12 o més derivacions)
	]]></text>
</Section>
<Section span_begin="8649" span_end="8684" id="SECCION_TRATAMIENTO_AL_ALTA" type="INFORMACIÓN SOBRE TRATAMIENTO">
	<name><![CDATA[TRACTAMENT I RECOMANACIONS A L'ALTA]]></name>
	<text><![CDATA[
-	Clopidiogrel 75mg 1comp/dia durant 1 setmana
-	Atorvastatina 80mg 1comp/dia
-	Enalapril 10mg 1comp/dia
-	Iniciar Sintrom en una setmana i suspendre Clopidogrel.
-	Continua tratamiento de Rhb ambulatoria de fisoterapia y T. Ocupacional.
	]]></text>
</Section>
<Section span_begin="8927" span_end="8934" id="SECCION_CONTROL" type="INFORMACIÓN SOBRE TRATAMIENTO">
	<name><![CDATA[CONTROL]]></name>
	<text><![CDATA[
Seguimnet pel seu metge de familia amb control dels FRV amb objectius de TA <130/80 i colesterol LDL<70.
-	Acudirà per control evolutiu a CEX NRL segons citació.
-	Control en CCEE RHB Dra. _NAME_ segun citaciones.
DESTINACIÓ A L'ALTA:	A DOMICILI
Validat per: _NAME_	Col·legiat: _ID_
05.04.2017
Pàgina 1 de 4	]]></text>
</Section>
</ehr>