<?xml version='1.0' encoding='UTF-8'?>
<ehr id="357275983.utf8.txt">
<Section id="DEFAULT_HEADER" type="DEFAULT_HEADER" >
	<name>DEFAULT_HEADER</name>
	<text><![CDATA[
_LOCATION_
email: _CONTACT_.net Telèfon _CONTACT_
Nº Història Clínica: _ID_
Cognoms, Nom: _NAME_
NºEpisodi: _ID_
CIP: _ID_
Sexe: Home
Data de Naixement: _DATE_   Edat: 78 Anys
NIF/DNI: _ID__NAME_; _NAME_; _NAME_,
_NAME_
Informe d'alta d'hospitalització
07:34:10
06.04.2017
_LOCATION_
_SS_
ANGIOLOGIA I CIRURGIA
CP
ABS
Servei Data d'alta
_LOCATION_
_CONTACT_
AGUTS 18.03.2017
Adreça
Telèfon Procedència Data d'ingrés Atès per
	]]></text>
</Section>
<Section span_begin="428" span_end="442" id="SECCION_MOTIVO_DE_INGRESO" type="MOTIVO DEL INGRESO">
	<name><![CDATA[MOTIU D'INGRÉS]]></name>
	<text><![CDATA[
Ingresa por infarto isquémico en territorio frontera ACM-ACP derechas.
	]]></text>
</Section>
<Section span_begin="515" span_end="526" id="SECCION_ANTECEDENTES" type="ANTECEDENTES">
	<name><![CDATA[ANTECEDENTS]]></name>
	<text><![CDATA[
Sin AMC
-Hipertensión arterial en tratamiento farmacológico.
-Dislipemia
-Obesidad
-Hiperuricemia en tratamiento farmacológico
-HSA post-traumática en 2006 secundaria a síncope.
-Infarto isquémico en territorio de ACM D en 2010 quedando como secuela debilidad de mano derecha. Se evidenció en el estudio mediante Duplex de TSA una estenosis del 50% a nivel de ACI D y la angioRM mostró ateromatosis con irregularidades en ACI D que podrían corresponder a ulceración. Se decidió tratamiento médico conservador. En seguimiento por Neurología de _SS_.
SSF: mRs previo de 3. Demabula con ayuda de bastón.
	]]></text>
</Section>
<Section span_begin="1132" span_end="1150" id="SECCION_TRATAMIENTO_HABITUAL" type="INFORMACIÓN SOBRE TRATAMIENTO">
	<name><![CDATA[MEDICACIÓ HABITUAL]]></name>
	<text><![CDATA[
Cardyl 40mg/24h, Gabapentina 300mg/8h, Alopurinol 300mg/24h, Clopidogrel 75mg/24h, Pepticum 20mg/24h, Losartan 50mg/24h, Sutril 2.5mg/24h, Paracetamol 1g/8h, Colchicina 0.5mg/24h, Diclofenaco 50mg/24h.
	]]></text>
</Section>
<Section span_begin="1354" span_end="1367" id="SECCION_PROCESO_ACTUAL" type="INFORMACIÓN SOBRE LA HISTORIA ACTUAL">
	<name><![CDATA[PROCÉS ACTUAL]]></name>
	<text><![CDATA[
Última vez visto asintomático el día 18.03.17 a las 00:00h, es encontrado por la mañana del día 19.03 por su hijo alrededor de las 11h con dificultad para la articulación del lenguaje y mayor torpeza de brazo izquierdo, por lo que alerta al SEM. Es valorado en _SS_, donde se constata NIHSS 5 y se decide derivación a nuestro centro para completar estudio neurovascular. A su llegada NIHSS 9 a expensas de disartria ininteligible y paresia faciobraquial izquierda.
	]]></text>
</Section>
<Section span_begin="1835" span_end="1852" id="SECCION_EXPLORACION_FISICA" type="INFORMACIÓN SOBRE LA EXPLORACIÓN FÍSICA">
	<name><![CDATA[EXPLORACIÓ FÍSICA]]></name>
	<text><![CDATA[
	]]></text>
</Section>
<Section span_begin="1854" span_end="1878" id="SECCION_EXPLORACION_FISICA_EN_URGENCIAS" type="INFORMACIÓN SOBRE LA EXPLORACIÓN FÍSICA">
	<name><![CDATA[Exploración en urgencias]]></name>
	<text><![CDATA[
:
TA 175/80 mmHg, FC 85 lpm, Tª 36.7ºC, SatO2 98% (aa).
Estado general conservado. Normohidratado, normocoloreado, bien perfundido. ACV: tonos cardíacos rítmicos, soplo sistólico III/VI en foco aórtico irradiado a otros focos. No edemas declives. Yugulares no valorables. AR: eupneico en reposo. Auscultación anterior con MVC sin estertores sobreañadidos. Abdomen globuloso, depresible, no doloroso a la palpación, sin signos de peritonismo.
Vígil, alerta, LOC Q 0/2 (2), LOC C 2/2. No déficit campimétrico por amenaza. Disartria ininteligible (2). PFSN I (1).
Informe d'alta d'hospitalització
Paresia ESI 2/5 (3). Resto de balance motor conservado. Sensibilidad no valorable (1). NIHSS total: 9
	]]></text>
</Section>
<Section span_begin="2580" span_end="2610" id="SECCION_EXPLORACION_FISICA_DURANTE_HOSPITALIZACION" type="INFORMACIÓN SOBRE LA EXPLORACIÓN FÍSICA">
	<name><![CDATA[Exploración en Unidad de ictus]]></name>
	<text><![CDATA[
:
TA 136/76, afebril. FC 85 lpm.
Vígil, orientado. LOC Q 2/2, LOC C 2/2. No déficit campimétrico por amenaza. Disartria severa casi anartria (2). Nomina, repite y comprende órdenes. PFSN I (1). Paresia ESI 3/5 con mano caida (2+1). EII4+/5 (1). Hipoestesia izquierda (1). NIHSS 7+1
Exploración en planta de Neurología:
TA 122/74mmHg, FC 83lpm, Tª 36.6ºC, SatO2 95%aa
CV: Tonos cardiacos rítmcios auscultándose soplo sistólico en foco aórtico. Sin signos de IC derecha Respi: MVC sin estertores sobreañadidos.
NRL: Vigil, alerta, orientado en las 3 esferas. Nomina 3/3, repite, comprende órdenes simples y complejas. Disatria severa (2). PFSN I (1). Leve claudicación de la ESI con componente de ataxia sensitiva por hipoestesia en dicha extremidad (1+1), mano caída izquierda (+1). Mínima paresia de EII (1). NIHSS 6+1
	]]></text>
</Section>
<Section span_begin="3432" span_end="3457" id="SECCION_EXPLORACIONES_COMPLEMENTARIAS" type="INFORMACIÓN SOBRE PRUEBAS COMPLEMENTARIAS">
	<name><![CDATA[EXPLORACIÓ COMPLEMENTÀRIA]]></name>
	<text><![CDATA[
URGENCIAS
-TC craneal multimodal: Hipodensidad corticosubcortical temporo-parietal derecho, en territorio M2/M5-M6 (ASPECTS 8/10), observándose en el AngioTC defecto de replección en el segmento M2 de una de las ramas de las división posterior de la arteria cerebral media derecha. Estudio  de perfusión cerebral muestra área de penumbra isquémica del territorio superficial posterior de la ACM derecha. Áreas de infarto crónico parietal y occipital derecho correspondiente a territorio vascular de ACM derecha.
-Analítica general: sin alteraciones destacables.
-ECG: RS a 80lpm. PR 0.12s. Morfología de BRDHH con alteraciones secundarias de la repolarización.
	]]></text>
</Section>
<Section span_begin="4120" span_end="4143" id="SECCION_EXPLORACION_FISICA_EN_URGENCIAS" type="INFORMACIÓN SOBRE LA EXPLORACIÓN FÍSICA">
	<name><![CDATA[Exploraciones en Unidad]]></name>
	<text><![CDATA[
:
-AG de ingreso: Hematies 3.980, Hb 12.9g/dl, Hto 38.8%, VCM 97.5, HCM 32.4, leucocitos 5.800 (neutrofilos
3.600, limfocitos 1.600), plaquetas 129.000, INR 1.31, T Quik 65%, TTPAr 1.02, vitamina B12 755, ácido fólico 5.2,
glucosa 167, Hb glicada 9%, fructosamina 339, urea 45, crea 0.84, FG 84, urato 5.6, Bi total 1.61, Bi directa 0.48,
Na 136.3, K 3.95, Ca 8.8, AST 33, ALT 27, FA 97, GGT 66, colesterol 91, HDL 28, LDL 34, trigliceridos 140,
proteina 7.4, albúmina 3.7, TSH 7.294, T4L 1.1, serologiía Treponema y VIH negativas.
-Ecodoppler TSA/TC: DTSA: regular ventana cervical por cuello corto y ancho. Flujo conservado en ACI derecha con placa calcificada sin estenosis significativas. ACI izquierda con placa sobre giro y aumento de VPS hasta 160cm/s (R poco valorable), presenta sombra acustica por calcificación. DTC. mala ventana transcraneal bilateral solo se observa flujo en ACP derecha.
-Telemetria 72h: no se detectan arritmias embolígenas
-EcoScan cardiaco: Estudio subóptimo por mala ventana. Fracción de eyección conservada. Ateromatosis áortica sin placas complicadas.
Informe d'alta d'hospitalització
	]]></text>
</Section>
<Section span_begin="5266" span_end="5282" id="SECCION_EVOLUCION" type="INFORMACIÓN SOBRE EVOLUCIÓN">
	<name><![CDATA[EVOLUCIÓ CLÍNICA]]></name>
	<text><![CDATA[
Varón de 78 años de edad con los antecedentes referidos que es derivado desde _SS_ como código ictus por clínica de síndrome incompleto (PACI) de ACM derecha. Inicialmente valorado en _SS_ se evidencia NIHSS 5 y, dado el inicio indeterminado del cuadro, se desestima tratamiento fibrinolítico ev y decide derivación a nuestro centro para valoración. A su llegada a _SS_ paciente hemodinámicamente estable, NIHSS 9 a expensas de disartria ininteligible y paresia facio-braquio-crural derecha. Se realiza TC multimodal que muestra ASPECTS de 8/10 a expensas de hipodensidad a nivel de territorios M2 y M5-M6, un defecto de replección a nivel del segmento M2 de una rama de la división posterior de ACM derecha y, en el estduio de perfusió, se evidencia una área de penumbra isquémica del territorio superficial posterior de la ACM derecha. Dada la presencia de lesión subaguda en el TC simple y el escaso mismatch, se desestima así mismo tratamiento intraarterial. Se instauran medidas de ictus agudo e ingreso en Unidad de Ictus para completar estudio.
Durante su estancia en la unidad paciente hemodinámicamente estable, afebril, persistiendo a la exploración NIHSS 7+1 a expensas de disartria ininteligible muy severa y leve paresia facio-braquio-crural izquierda con mano caída. Disfagia a líquidos. Analíticamente destaca Hb glicada de 9% en paciente sin antecedentes de diabetes previos e hipotiroidismo subclínico. Anticuerpos antitiroidales débilmente elevados (Acs anti-tiroglobulina 207.9, Ac's anti-TPO <28). Por dicho hallazgos se solicita valoración por Endocrinología, quienes recomienda iniciar tratameinto con ADOs. Se completa estudio con Dúplex de TSA/TC que confirma la presencia de estenosis moderada sintomática de ACI derecha ya conocida tras estduio de ictus hemisféricos derechos previos. Telemetría y ecoscan cardiaco (a pesar de mala ventana) descartan la presencia de patología cardioembólica mayor. Dado que se trata de un infarto isquémico de etiología aterotrombótica por estenosis moderada de ACI D en varón de 78 años con las comorbilidades ya mencionadas, se decide conjuntamente con Cirugía Vascular y Angiología realización de TEA sobre ACI derecha, que tendrá lugar el próximo 31 de marzo. El paciente se mantiene bajo tratamiento preventivo con antiagregación simple y estatinas a altas dosis.
Por otro lado, durante el ingreso el paciente ha realizado RHB sin incidencias. Se recomienda al alta realización de ETT ambulatorio por parte de MAP dado que en el estudio cardiológico realizado en fase aguda no se consiguió óptima ventana transtorácica. Se cita en C. Externas de Neurovascular con realización de EcoDoppler TSA/TC de control previamente.
Se gestiona juntamente con neurologia el traslado a _SS_ para seguir con rehabilitación.
	]]></text>
</Section>
<Section span_begin="8060" span_end="8071" id="SECCION_DIAGNOSTICO_PRINCIPAL" type="DIAGNÓSTICO">
	<name><![CDATA[DIAGNÒSTICS]]></name>
	<text><![CDATA[
-Infarto iquémico aterotetrombótico en territorio de ACM derecha
-Estenosis moderada sintomática de ACI D
-Diabetes mellitus 2
-Hipotiroidismo subclínico
	]]></text>
</Section>
<Section span_begin="8227" span_end="8262" id="SECCION_TRATAMIENTO_AL_ALTA" type="INFORMACIÓN SOBRE TRATAMIENTO">
	<name><![CDATA[TRACTAMENT I RECOMANACIONS A L'ALTA]]></name>
	<text><![CDATA[
-Dieta sin sal, baja en grasas
-Ejercicio físico moderado que tolere
-Control FRCV por MAP
-SUSPENDER clopidogrel
-AÑADIR:
-Adiro 100mg, 1 comprimido en la comida.
Informe d'alta d'hospitalització
-Atorvastatina 80mg, 1 comprimido en la cena.
-Omeprazol 20mg, 1 comprimido al día en ayunas.
-Metformina 850mg, 1 comprimida después de cada comida (desayuno, comida, cena).
-Mantener resto de la medicación habitual sin cambios
- Curas con yodo de la herida quirúrgica cada 24h
	]]></text>
</Section>
<Section span_begin="8744" span_end="8751" id="SECCION_CONTROL" type="INFORMACIÓN SOBRE TRATAMIENTO">
	<name><![CDATA[CONTROL]]></name>
	<text><![CDATA[
-Control por médico de atención primaria y especialistas de referencia según programación.
-Vincular a Endocrinología de zona por parte de médico de atención primaria.
-Acudir a visita de control en C. Externas de Neurovascular (3r planta Annexos) el próximo 04 de julio de 2017 a las 10:30h, con previa realización de ecoDoppler de control a las 09:40h (Unidad de Ictus).
- Seguimiento con cirugia vascular de hospital de referencia
DESTINACIÓ A L'ALTA:	HOSP. AGUTS/PSQ
Validat per: _NAME_	Col·legiat: _ID_
06.04.2017
Pàgina 1 de 4	]]></text>
</Section>
</ehr>