<?xml version='1.0' encoding='UTF-8'?>
<ehr id="357207646.utf8.txt">
<Section id="DEFAULT_HEADER" type="DEFAULT_HEADER" >
	<name>DEFAULT_HEADER</name>
	<text><![CDATA[
_CONTACT_ Tel. _CONTACT_
e-mail: _CONTACT_
Nº Història Clínica: _ID_
Cognoms, Nom: _NAME_
NºEpisodi: _ID_
CIP: _ID_
Sexe: Dona
Data de Naixement: _DATE_   Edat: 79 Anys
NIF/DNI: _ID__NAME_; _NAME_; _NAME_
Informe d'epicrisi
CP	_LOCATION_
ABS	_SS_
Servei	NEUROLOGIA
Data d'alta  05.04.2017	23:55:00
_LOCATION_
_CONTACT_; _CONTACT_
DOMICIL/RES.SOC 02.04.2017
Adreça
Telèfon Procedència Data d'ingrés Atès per
	]]></text>
</Section>
<Section span_begin="410" span_end="424" id="SECCION_MOTIVO_DE_INGRESO" type="MOTIVO DEL INGRESO">
	<name><![CDATA[MOTIU D'INGRÉS]]></name>
	<text><![CDATA[
Ictus isquémico ACI derecha
	]]></text>
</Section>
<Section span_begin="454" span_end="465" id="SECCION_ANTECEDENTES" type="ANTECEDENTES">
	<name><![CDATA[ANTECEDENTS]]></name>
	<text><![CDATA[
	]]></text>
</Section>
<Section span_begin="466" span_end="489" id="SECCION_ANTECEDENTES_PERSONALES" type="ANTECEDENTES">
	<name><![CDATA[ANTECEDENTES PERSONALES]]></name>
	<text><![CDATA[
:
Mujer de 79 años. Sin alergias medicamentosas conocidas. Fumadora de 27 años de evolución. Independiente para actividades básicas de vida diaria, escala de Rankin 0.
	]]></text>
</Section>
<Section span_begin="658" span_end="682" id="SECCION_ANTECEDENTES" type="ANTECEDENTES">
	<name><![CDATA[ANTECEDENTES PATOLÓGICOS]]></name>
	<text><![CDATA[
:
-	Hipertensión arterial en tratamiento farmacológico con buenos controles tensionales.
-	Dislipemia en control dietético.
-	Miocardiopatía hipertrófica apical. Diagnóstico por ETT en 2016 tras ver ondas T negativas profundas en cara anterior en ECG de rutina.
-	Osteoporosis con DMO 2008 Normal en columna DE -0.9 y osteopenia en cuello de femur DE -2.4 en tratamiento farmacológico inidicado por Ginecólogo.
	]]></text>
</Section>
<Section span_begin="1095" span_end="1113" id="SECCION_TRATAMIENTO_HABITUAL" type="INFORMACIÓN SOBRE TRATAMIENTO">
	<name><![CDATA[MEDICACIÓ HABITUAL]]></name>
	<text><![CDATA[
Cleboprida cada 12 horas, Diazepam cada 24 horas, Lormetazepam 2mg cada 24 horas, 1/2 comp Hidroclartiazida+ Estalviador de Po (5mg/50mg) cada 24 horas, Calciocarbonato+Colecalciferol (1000mg/800ml) cada 24 horas.
	]]></text>
</Section>
<Section span_begin="1329" span_end="1342" id="SECCION_PROCESO_ACTUAL" type="INFORMACIÓN SOBRE LA HISTORIA ACTUAL">
	<name><![CDATA[PROCÉS ACTUAL]]></name>
	<text><![CDATA[
El 02/04/17 a las 16.00h presenta una debilidad de hemicuerpo izquierdo y dificultad para el lenguaje presenciado por sus familiares. Avisan al SEM que nos activan código ictus a a las 16.46h. Llega a nuestro centro a las 16.57h.
	]]></text>
</Section>
<Section span_begin="1574" span_end="1591" id="SECCION_EXPLORACION_FISICA" type="INFORMACIÓN SOBRE LA EXPLORACIÓN FÍSICA">
	<name><![CDATA[EXPLORACIÓ FÍSICA]]></name>
	<text><![CDATA[
FC	80 bpm Tªaxi  ºC
FR	rpm Tªrec  ºC
TA s	160 mmHg SAT O2 94 %
TA d   85 mmHg Pes Kg
Glicemia capilar. 118mg/dL.
	]]></text>
</Section>
<Section span_begin="1708" span_end="1741" id="SECCION_EXPLORACION_FISICA_EN_URGENCIAS" type="INFORMACIÓN SOBRE LA EXPLORACIÓN FÍSICA">
	<name><![CDATA[Exploración neurológica urgencias]]></name>
	<text><![CDATA[
: Vigil. Desviación forzada de la mirada a la derecha que no cruza línea media. Hemianopsia homónima izquierda. Disartria leve. Paresia facial central derecha. Hemiplejia y hemianestesia derecha. Anoso y asomatoagnosia.
NIHSS = 00022/30404/02012 = 20.
	]]></text>
</Section>
<Section span_begin="1994" span_end="2027" id="SECCION_EXPLORACION_FISICA" type="INFORMACIÓN SOBRE LA EXPLORACIÓN FÍSICA">
	<name><![CDATA[Exploración neurológica en planta]]></name>
	<text><![CDATA[
: vigil y orientada. Lenguaje sin alteraciones. Disartria leve. Desviación forzada de la mirada a la derecha que no cruza la línea media. Hemianopsia homónima izquierda. Paresia facial central izquierda. Hemiplejia y hemianestesia izquierda grave. Anosognosia y asomatognosia. Heminegligencia
Informe d'epicrisi
izquierda.
NIHSS: (0.0.0)2.2/2(0.4)(0.4)/0.2.0.1. 2=19
Exploración sistémica: Auscultación cardíaca rítmica sin soplos audibles. Auscultación respiratoria con murmullo vesicular conservado sin ruidos sobreañadidos. Abdomen blando y depresible, no doloroso a la palpación, sin masas ni megálias, sin signos de peritonismo, peristaltismo conservado. EEII sin edemas ni signos de TVP. Pulso pedio izquierdo conservado. Pulso pedio derecho no palpable.
	]]></text>
</Section>
<Section span_begin="2795" span_end="2820" id="SECCION_EXPLORACIONES_COMPLEMENTARIAS" type="INFORMACIÓN SOBRE PRUEBAS COMPLEMENTARIAS">
	<name><![CDATA[EXPLORACIÓ COMPLEMENTÀRIA]]></name>
	<text><![CDATA[
Analíticas:
Urgencias (02.04.17): Hemograma: Leucòcits 9.70 x10^9/L (N 66.1 %, L 27.5 %, M  5.5 %, E 0.4 %, B 0.5
%), Hb 14.7 g/dL, Hto 43.8 %, Plaquetes 148 x10^9/L. Coagulación: TP 94 %, INR 1.05, Fibrinogen 368 mg/dL, TTPA 27.5 seg. Bioquímica: Glucosa 147 mg/dL, Urea 27.7 mg/dL, Cr 0.65 mg/dL, Na140.2 mmol/L, K 3.6 mmol/L, PCR 2.00 mg/L
Ingreso (03.04.2017): Hemograma: leucocitos 13000 (N 77,7%, L 15,7%, M 6,1%), Hb 14,5g/dL, Hto 43%, plaquetas 129.000. Hemostasias: TP 96%, fibrinógeno 405mg/dL, TTPA 28,7seg. Bioquímica: glucosa 125mg/dL, HbA1c 5,9%, proteína 56g/L, urea 20mg/dL, FG >90 mL/min/1.73 m2, creatinina 0,42mg/dL, urato <1,0mg7dL, Ca 8,2mg7dL, P 2,6mg/dL, Na 140,9mmol/L, Bil 0,40mg7dL, ALT 16U/L, GGT 20U/L, PCR 6,6mg/L. Bioquímica lípidos: TG 48mg/dL, colesterol 167mg/dL, HDL 41,6mg/dL, LDL 116mg/dL. TSH 0,730mcUI/mL, T4 1,27ng/dL.
Analítica de ingreso (03.04.2017): Hematología: Leucocitos 13000 /µL, (N 77,7 % - L 15,7 - M 6,1 - E 0,1 - B 0,4), Htíes 4,77 mill/µL, Hb 14,5 g/dL, Hcto 43 %, VCM 90,2 fL, Plaquetes 129000 /µL, TP 96 %, INR 1,03 sg, TP
ratio 1,03, TTPA 28,7 sg, TTPA ratio 0,93, Fibrinógeno 405 mg/dL. Bioquimica (03/04/17): Glucosa 125 mg/dL, HBA1c 5,9 %, Urea 20 mg/dL, Creatinina 0,42, (Filtrado glomerular estimado 90 mL/min/1.73 m2), Uratos 1 mg/dL, Ca 8,2, Fosfato 2,6, Na 140,9 mmol/L, ALT 16 U/L, GGT 20, Bilirrubina 0,4 mg/dL, Prot-C reactiva 6,6 mg/L.
Lípidos.- Trigliceridos 48 mg/dL, Colesterol 167, (HDL 41,6 - LDL 116), Proteínas 56 g/L. Proteinograma sin alteraciones. Hormonas (03/04/17): TSH 0,73 ?UI/mL, T4-Libre 1,27 ng/dL.
Electrocardiograma: ritmo sinusal 60x' eje 60º, PR 0.16 constante, QRS estrecho con T negativas V2-V6 ya presentes en electrocardiogramas previos.
Radiografía de tórax: no se observan masas ni condensaciones
Rx extremidad superior derecha: no se observan signos de fractura.
TC craneal con angioTC urgente (01.04.17): Hipoatenuación y perdida de la diferenciación cortico-subcortical en corteza insular derecha, ganglios basales derechos, capsula interna y corteza frontal en regiones M1, M2, M4 y M5, así como corteza frontal para sagital, hallazgos todos sugestivos de isquemia aguda en territorio profundo y superficial de ACM derecha y ACA derecha, ASPECTS 2. Cisternas basales y perimesencefálicas libres. Línea media centrada. Sistema ventricular simétrico de tamaño y morfología conservados. Sin alteraciones óseas TC valorables. No se aprecian otras alteraciones intra ni extraaxiales TC valorables.
Defecto de replección que incia en ACI derecha su origen (segmento C1) y en toda su longitud, con falta de repleción de ACM y ACA (Segmento A1) derechas sin repermeabilización distal y muy mala colateralidad, hallazgos compatibles con trombosis de la ACI, ACM y ACA (A1) derechas. Persistencia de la circulación fetal de ACP derecha, con hipoplasia del segmento P1 derecho.
TC craneal de control (04.04.2017):  Mayor  extensión e hipoatenuación del área hipodensa fronto  temporo
Informe d'epicrisi
parietal derecha.que produce importante efecto masa sobre el ventriculo lateral derecho, completamente comprimido y desplazado hacia la izquierada,con desplazamiento de la línea media hacia la izquierda de 22mm con obliteración de cisternas basales y perimesencefálicas y signos de herniación uncal y subfalcial derecha en relación con lesión isquémica subaguda de ramas de ACM y ACA derecha. No se aprecian signos TC de transformación hemorrágica valorable.
	]]></text>
</Section>
<Section span_begin="6284" span_end="6300" id="SECCION_EVOLUCION" type="INFORMACIÓN SOBRE EVOLUCIÓN">
	<name><![CDATA[EVOLUCIÓ CLÍNICA]]></name>
	<text><![CDATA[
Mujer de 79 años, con antecedentes de hipertensión arterial y miocardiopatíahipertrófica apical, que es traída vía código ictus por debilidad de extremidades izquierdas de 1 hora de evolución. A su llegada se encuentra hipertensa, ECG en ritmo sinusal. A la exploración neurológica se objetiva una afectación hemisférica derecha completa (TACI) con una puntuación en la NIHSS de 19. Se realiza TC craneal con angioTC que muestra signos incipientes de isquemia practicamente la totalidad del territorio de a.cerebral media y a.cerebral anterior derechas (ASPECTS 2), con oclusión en tándem (a.carótida interna derecha en su origen y en segmento terminal) y sin evidencia de colateralidad. Dada la extensión del infarto se desestima tratamiento revascularizador e ingresa en la Unidad de Ictus para control clínico y hemodinámico. Se informa a la familia del mal pronóstico.
Durante su ingreso en la Unidad de Ictus la paciente se ha mantenido con tendencia a hipertensión arterial, con controles glicémicos regulares. No se han objetivado alteraciones del ritmo en la monitorización cardiaca. La analítica de ingreso no ha mostrado alteraciones.
Inicialmente la paciente se mantuvo con buen nivel de consciencia y se realizó test de disfagia con buena tolerancia oral e inicio de sedestación. Fue valorada por rehabilitación que pautó fisioterapia, terapia ocupacional y logopedia. Al tercer día del ingreso presenta empeoramiento del nivel de consciencia con midriasis arreactiva del ojo derecho y reflejo cutáneo plantar extensor izquierdo e indiferente derecho, por lo que se realiza TC craneal urgente en el que se observa lesión isquémica derecha panhemisférica que provoca desviamiento de la línea media de 22mm con obliteración de cisternas basales y perimesencefálicas y signos de herniación uncal y subfalcial derecha. Se informa a la familia de mal pronóstico y de acuerdo con ellos se inician medidas de confort.
Finalmente la paciente ha sido fallecida el día 05.04.2017 a las 23:55h.
	]]></text>
</Section>
<Section span_begin="8301" span_end="8312" id="SECCION_DIAGNOSTICO_PRINCIPAL" type="DIAGNÓSTICO">
	<name><![CDATA[DIAGNÒSTICS]]></name>
	<text><![CDATA[
·	Ictus isquémico de territorio carotídeo derecho de mecanismo embólico arterio-arterial y etiología aterotrombótica.
Validat per: _NAME_	Col·legiat: _ID_
06.04.2017
Pàgina 1 de 3	]]></text>
</Section>
</ehr>