<?xml version='1.0' encoding='UTF-8'?>
<ehr id="357687155.utf8.txt">
<Section id="DEFAULT_HEADER" type="DEFAULT_HEADER" >
	<name>DEFAULT_HEADER</name>
	<text><![CDATA[
_LOCATION_
Telèfon: _CONTACT_
Nº Història Clínica: _ID_
Cognoms, Nom: _NAME_
NºEpisodi: _ID_
CIP: _ID_
Sexe: Home
Data de Naixement: _DATE_   Edat: 84 anys
NIF/DNI: _ID__NAME_; _NAME_
Informe d'alta d'hospitalització
CP	_LOCATION_
ABS	_SS_
Servei	NEUROLOGIA
Data d'alta  07.04.2017	12:20:20
_LOCATION_
_CONTACT_; _CONTACT_
DOMICIL/RES.SOC 31.03.2017
Adreça
Telèfon Procedència Data d'ingrés Atès per
	]]></text>
</Section>
<Section span_begin="403" span_end="417" id="SECCION_MOTIVO_DE_INGRESO" type="MOTIVO DEL INGRESO">
	<name><![CDATA[MOTIU D'INGRÉS]]></name>
	<text><![CDATA[
Codigo ictus
	]]></text>
</Section>
<Section span_begin="432" span_end="443" id="SECCION_ANTECEDENTES" type="ANTECEDENTES">
	<name><![CDATA[ANTECEDENTS]]></name>
	<text><![CDATA[
Hombre de 84 años con antc:
-	cardiopatía isquémica revascularizada con by-pass. doble antiagregado con AAS+clopidogrel
-	arteriopatía periférica
-	DM
-	HTA
-	Rectorragias hace 2 meses. Precisó transfusión. Enterotomografia sin alteraciones.
	]]></text>
</Section>
<Section span_begin="687" span_end="705" id="SECCION_TRATAMIENTO_HABITUAL" type="INFORMACIÓN SOBRE TRATAMIENTO">
	<name><![CDATA[MEDICACIÓ HABITUAL]]></name>
	<text><![CDATA[
Carvedilol 6,25mg 1-0-1, Losartan 50mg, Daonil 5mg 0-1/2-0, Dianben 850mg 1-0-1, Pravafenix 40/160mg 0-0-1, Adiro 100mg, Clopidogrel 75mcg, Dilutol 5mg 0-0-1, Omeprazol 20mg
	]]></text>
</Section>
<Section span_begin="881" span_end="894" id="SECCION_PROCESO_ACTUAL" type="INFORMACIÓN SOBRE LA HISTORIA ACTUAL">
	<name><![CDATA[PROCÉS ACTUAL]]></name>
	<text><![CDATA[
Activación de código ictus extrahospitalaria. Clínica de inicio a las 17h.
	]]></text>
</Section>
<Section span_begin="971" span_end="988" id="SECCION_EXPLORACION_FISICA" type="INFORMACIÓN SOBRE LA EXPLORACIÓN FÍSICA">
	<name><![CDATA[EXPLORACIÓ FÍSICA]]></name>
	<text><![CDATA[
Activación de código ictus extrahospitalaria. Clínica de inicio a las 17h.
Val. NRL (18:30h): vigil. disartria muy severa. correcta compresión de órdenes. Paresia completa de III pc izdo con midriasis arreactiva. Paresia facial SN dcha. moderada. PPCC bajos normales. Hemiparesia BC dcha 3/5 brazo, 4+/5 pierna. no afectación sensitiva. NIHSS: 7.
	]]></text>
</Section>
<Section span_begin="1338" span_end="1363" id="SECCION_EXPLORACIONES_COMPLEMENTARIAS" type="INFORMACIÓN SOBRE PRUEBAS COMPLEMENTARIAS">
	<name><![CDATA[EXPLORACIÓ COMPLEMENTÀRIA]]></name>
	<text><![CDATA[
TC craneal urgente: Signes d'atròfia cerebral difusa. Estudi angioTAC: oclusió de  l'artèria cerebral  posterior esquerra en segment P1. Calcificacions murals en bifurcació carotídia dreta i en origen de l'artèria caròtida interna esquerra. Calcificació de la porció cavernosa carotídia bilateral.
Estudio neurosonológico:
1.	Dúplex de TSA: Se evidencian signos de ateromatosis con la presencia de placas de ecogeneidad mixta en ambos ejes carotídeos, aunque de predominio en el izquierdo. En el inicio de la arteria carótida interna izquierda se observa una placa alargada que condiciona una estenosis entre el 50-70% a ese nivel. Eje carotídeo derecho: VPS ACC 61.1 cm/s, ACI 54.9 cm/s, ACE 56.3 cm/s. Eje carotídeo izquierdo: VPS ACC 51.9 cm/s, ACI 128.9 cm/s (VPD 45.3 cm/s, ratio 2.48), ACE 45.9 cm/s.
Ambas arterias vertebrales siguen un curso en dirección cefálica en su trayecto extracraneal.
2.	Dúplex TC: Se obtienen datos sugerentes de una estenosis en el inicio de la arteria cerebral media izquierda
1.	
Informe d'alta d'hospitalització
(M1), obteniendo una VPS 186.6 cm/s (VPS 72.5 cm/s) a 5.7 cm de profundidad. A nivel de la arteria cerebral posterior izquierda se constata una amortiguación progresiva del flujo siendo más marcada al final de la porción P1 sugerente de estenosis a ese nivel. Se evidencia un flujo normalizado a nivel de la porción P2 izquierda. Se evidencia la permeabilidad del resto de arterias exploradas: ACAs, ACM derecha, ACP derecha, arterias vertebrales y arteria basilar (que se logra insonar hasta los 8.5 cm).
RMN cerebral:
Se observan varios focos subcentimétricos de alta señal en T2 y Flair en la sustancia blanca subcortical occipital izquierda y en la región mesencefálica periacueductal posterior  izquierda (núcleo del III par craneal), que restringen en difusión, compatibles con lesiones isquémicas agudas. Prominencia de surcos, cisuras y sistema ventricular, en relación a atrofia cerebral global cortico-subcortical en grado moderado Mínimas lesiones de hipoxia-isquémia crónica en la sustancia blanca supratentorial bihemisférica. Estructuras de la línea media centradas. Charnela occípito#cervical normal. Irregularidades parietales múltiples en ambas arterias carotidas internas intracraneales, compatibles con ateromatosis. No se aprecian otras alteraciones vasculares significativas en las secuencias de angio-RM sobre el polígono de Willis.
CONCLUSION: Varios focos subcentimétricos en la sustancia blanca subcortical occipital izquierda y en la región mesencefálica periacueductal posterior izquierda (núcleo del III par craneal), que restringen en difusión, compatibles con lesiones isquémicas agudas.
Té ecocardiograma de fa un any:
-	VI no dilatado con ligera hipertrofia concéntrica. Severa disfunción sistólica y disfunción diastólica con datos de aumento de presiones de llenado:
-	Aquinesia septal y anterior media y apical.
-	Hipoquinesia inferior media y apical.
-	Los segmentos que mejor contraen son los posterior basal y medio y lateral basal y medio.
-	AI severamente dilatada.
-	VMi con insuficiencia severa (mixta: degenerativa + funcional).
-	VAT esclerocalcificada con doble lesión:
-	Estenosis impresiona en grado severo (bajo gradiente).
-	Insuficiencia mínima.
-	Cavidades derechas no dilatadas con FEVD conservada.
-	HTPs severa.
Analítica: 04/04: glucosa 179,creat 0.97, urat 6.5, colest 120, HDL 33, LDL 54,prot tot 6.19, GGT 114, Leucos 7.84,
Hb 11.1,Plaq 186, Hb glic 6.7%, INR 1.1
Analítica 07/04: leucos 8.07, HB 11.9, Plaq 197, INR 1.1, PTTA 41.1
	]]></text>
</Section>
<Section span_begin="4912" span_end="4928" id="SECCION_EVOLUCION" type="INFORMACIÓN SOBRE EVOLUCIÓN">
	<name><![CDATA[EVOLUCIÓ CLÍNICA]]></name>
	<text><![CDATA[
Se inicia tratamiento firbinolítico con TPA ev a las 19h (6mg+52mg). TA, saturación y ECG, normales.
Desde la primera valoración se aprecia progresivo deterioro clínico a expensas de aparición de somnolencia, compromiso motor del ojo dcho y anartria.
Informe d'alta d'hospitalització
El paciente presento mejoría al final de la perfusión y desde entonces se mantiene estable.
Durante su estancia en planta de Neurologia se ha mentenido estable, progresando a dieta normal, deambulando por la planta con supervision. En el momento del alta el paciente presenta una leve ataxia de la marcha, probablemente por alteracion visual, limitación de MOES: limitacion de la supra e infraversion de la mirada bilateral. Limitacion de la ADD y ABD de ojo izquierdo, ojo derecho no presenta nistagmus con mirada lateral.
Refiere visualizacion de mancha de color amarillo en hemicampo derecho.
Dado que en la RMN se objetivan lesiones agudas de predominio en territorio de ACPI fragmentados tambien se objetiva una lesion cortical en parietal izq, lo que añadido a patologia cardíaca de base con importantes areas de acinesia consideramos que la etiologia puede ser cardioembolica por lo que iniciamos anticoagulacion, dadas las estenosis intracraneales estaría indicada la doble antiagregacion que no indicamos de manera añadida a la anticoagulacion, pero como el paciente tambien es portador de stents cardíacos mantenemos clopidogrel hasta valoracion por cardiologia y decision de retirada o mentenimiento de Clopidogrel por su parte.
	]]></text>
</Section>
<Section span_begin="6460" span_end="6471" id="SECCION_DIAGNOSTICO_PRINCIPAL" type="DIAGNÓSTICO">
	<name><![CDATA[DIAGNÒSTICS]]></name>
	<text><![CDATA[
Ictus  isquemico  en  territorio  posterior  de  etiologia  cardioembolica.  (Lesiones  fragmentadas  por  tratamiento fibrinolitico en territorio de ACPI y una lesion cortical en ACMI )
Ateromatosis intracraneal con estenosis en M1 izq y ACP P1 izq Ateromatosis carotidea 50-70% ACI izq
	]]></text>
</Section>
<Section span_begin="6761" span_end="6773" id="SECCION_PROCEDIMIENTOS" type="PROCEDIMIENTO">
	<name><![CDATA[PROCEDIMENTS]]></name>
	<text><![CDATA[
Codigo ictus Fibrinolisis iv
Ingreso en unidad de ictus Ingreso en planta de Neurologia
	]]></text>
</Section>
<Section span_begin="6863" span_end="6898" id="SECCION_TRATAMIENTO_AL_ALTA" type="INFORMACIÓN SOBRE TRATAMIENTO">
	<name><![CDATA[TRACTAMENT I RECOMANACIONS A L'ALTA]]></name>
	<text><![CDATA[
Ajusto tratamiento antihipertensivo segun cifras tensionales durante el ingreso. Seguimiento por parte de su MAP. junto con control de resto de FRCV.
Tardyferon 1c cada 8h Omeprazol 20mg cada 12h Dianben 1c cada 12h Iscover 1c cada 24h Dolocatil si precisa
Daonil 1 cada 24h Carvedilol 6.25 cada 12h
Atorvastatina 40mg 1 c cada 24h losartan 0.5 cada 12h
Sintrom *Segun pauta de hemostasia. Clexane *Segun pauta de hemostasa.
	]]></text>
</Section>
<Section span_begin="7326" span_end="7333" id="SECCION_CONTROL" type="INFORMACIÓN SOBRE TRATAMIENTO">
	<name><![CDATA[CONTROL]]></name>
	<text><![CDATA[
Solicito primera visita en Oftalmologia para valorar si es posible algun tipo de reeducacion o colocacion de prismas para mejoria de vision y marcha.
Informe d'alta d'hospitalització
Solicito viita con cardiologia para seguimiento.
Primera visita de en CCEE de NRL en tres meses para control evolutivo.
DESTINACIÓ A L'ALTA:	A DOMICILI
Validat per: _NAME_	Col·legiat: _ID_
07.04.2017
Pàgina 1 de 4	]]></text>
</Section>
</ehr>