<?xml version='1.0' encoding='UTF-8'?>
<ehr id="358213941.utf8.txt">
<Section id="DEFAULT_HEADER" type="DEFAULT_HEADER" >
	<name>DEFAULT_HEADER</name>
	<text><![CDATA[
Informe d'Alta Hospitalària	Cognoms i nom:
_NAME_	NHC:
_ID_
	ABS:
_SS_	CIP:
_ID_ _SS_	DNI:
_ID_
	Data de naixement:
_DATE_	Sexe:
Home	Edat:
61a	Telèfon:
	Finançament:
CatSalut - _LOCATION_	Procedència:
URGÈNCIES
	Admissió:
08.04.2017 - 12:13	Servei:
MEDICINA INTENSIVA HOSP	Data entrada urg.:
08.04.2017 - 10:43
Adreça:
_LOCATION_	Població:
_LOCATION_	Codi Postal:
_LOCATION_
	]]></text>
</Section>
<Section span_begin="384" span_end="401" id="SECCION_MOTIVO_DE_INGRESO" type="MOTIVO DEL INGRESO">
	<name><![CDATA[MOTIVO DE INGRESO]]></name>
	<text><![CDATA[
Hemorragia cerebral.
	]]></text>
</Section>
<Section span_begin="425" span_end="449" id="SECCION_ANTECEDENTES" type="ANTECEDENTES">
	<name><![CDATA[ANTECEDENTES PATOLÓGICOS]]></name>
	<text><![CDATA[
No alergias medicamentosas.
No hábitos tóxicos. Bebe diariamente dos cervezas.
	]]></text>
</Section>
<Section span_begin="531" span_end="548" id="SECCION_PROCESO_ACTUAL" type="INFORMACIÓN SOBRE LA HISTORIA ACTUAL">
	<name><![CDATA[ENFERMEDAD ACTUAL]]></name>
	<text><![CDATA[
Paciente de 61 años de edad, sin antecedentes patológicos de interés, ha presentado el día 08.04.17 a las 10 horas de la mañana, caída mientras estaba en la ducha. Encontrado por su mujer, se objetiva trastorno del lenguaje y debilidad en el hemicuerpo derecho por lo que avisan al SEM. A su llegada se activa el código ictus extrahospitalario y se traslada a Urgencias, llegando a las 10:43horas.
A su llegada a Urgencias destaca hipertensión arterial (TA 269/134mmHg), con resto de constantes vitales estables. Neurológicamente es encuentra vigil con afasia global con mutismo. Preferencia oculocefálica a la izquierda. Hemianiopsia homónima derecha por reflejo de amenaza. PICNR. Paresia facial central derecha moderada. Hemiplejia braquio-crural derecha. Hipoalgesia ipsilateral. Babinski derecho. RCP flexor izquierdo. NIHSS: 0+2+2+1+2 // 2+(4+0)+(4+0) // 0+1+3+0+0 = 21.
Se realiza electrocardiograma y analítica urgente y se traslada a radiología para hacer TAC craneal. Se observa un hematoma parietal izquierdo cuyos diametros máximos son de 60x41x74mm. Existe apertura del mismo al sistema ventricular en el cual existe una incipiente dilatación que predomina en astas temporales. Desviación de la línea media de 7,4 mm a la derecha. El estudio angio-TC muestra una pequeña zona más heterogénea en la zona superior del hematoma donde parece existir un punto de captación (spot sign, relacionado con un mayor riesgo de crecimiento del hematoma), pero sin apreciar anomalías vasculares. Origen fetal de la arteria cerebral posterior izquierda, resto de las principales arterias intracranelaes sin otros hallazgos relevantes. El estudio de los troncos supraaórticos muestra placas ateromatosas calcificadas en el origen de ambas arterias carótidas internas, siendo las arterias carótidas comunes, internas, externas, vertebrales y subclavias permeables y sin estenosis.
Se decide ingreso en la Unidad de Semicríticos. Se inicia tratamiento antihipertensivo con labetalol y urapidilo. Valorado por Neurocirugía se desestima tratamiento quirúrgico. A las 14:30 horas del día del ingreso presenta empeoramiento clínico: disminución del nivel de conciencia, con importante somnolencia, aunque responde al dolor al realizar maniobra de Foix. Pupilas mióticas escasamente reactivas e isocóricas. Leve parpadeo a la amenaza. Reflejos oculocefálicos preservados. Sin movimientos espontáneos, persiste hemiplejia derecha con hemihipoestesia y RCP extensor derecho.
Ante el empeoramiento clínico, se realiza un TC craneal urgente en el que se objetiva aumento de volumen de hematoma con mayor desviación de línea media. Se comenta con la familia el pronóstico infausto de las lesiones intracraneales y manifiestan que el paciente podría ser donante por lo que se procede a intubación orotraqueal para protección de la vía aérea. Se traslada al Servicio de Medicina Intensiva.
	]]></text>
</Section>
<Section span_begin="3428" span_end="3457" id="SECCION_EXPLORACIONES_COMPLEMENTARIAS" type="INFORMACIÓN SOBRE PRUEBAS COMPLEMENTARIAS">
	<name><![CDATA[EXPLORACIONES COMPLEMENTARIAS]]></name>
	<text><![CDATA[
TAC craneal (08.04.2017): Se observa un hematoma parietal izquierdo cuyos diametros máximos son de 60x41x74mm. Existe apertura del mismo al sistema ventricular en el cual existe una incipiente dilatación que predomina en astas temporales. Desviación de la línea media de 7,4 mm a la derecha. El estudio angio-TC muestra una pequeña zona más heterogénea en la zona superior del hematoma donde parece existir un punto de captación (spot sign, relacionado con un mayor riesgo de crecimiento del hematoma), pero sin apreciar anomalías vasculares. Origen fetal de la arteria cerebral posterior izquierda, resto de las principales arterias intracranelaes  sin  otros  hallazgos  relevantes.  El  estudio  de  los  troncos  supraaórticos  muestra  placas ateromatosas calcificadas en el origen de ambas arterias carótidas internas, siendo las arterias carótidas comunes, internas, externas, vertebrales y subclavias permeables y sin estenosis. CONCLUSIÓN: Hematoma profundo hemisférico izquierdo, abierto al sistema ventricular y sin evidencia de lesiones vasculares asociadas.
TAC craneal (08/04/2017): Se compara con el estudio previo de hace unas horas, apreciando un aumento de tamaño del hematoma intraparenquimatoso hemisférico izquierdo, sobretodo en su región parietal. Sus diámetros máximos han aumentado a 84 x 45 x 62 mm. También ha aumentado la desviación de la línea media a 9 mm y se aprecian herniaciones subfalciana y uncal izquierda. La ocupació hemática intraventricular no ha experimentado cambios relevantes, aunque la dilatación de astas temporales es más prominente que en el estudio previo.
Analítica (08/04/2017): Sodi 138  mmol/L (136 - 145) Potassi 3,07 mmol/L (3,50 - 5,10)  Glucosa 8,4mmol/L
(3,0 - 6,0)  151,20  mg/100mL   Urea 6,9  mmol/L (2,9 - 8,2) 41  mg/100mL   Creatinina 93  µmol/L (0 - 106)
1,05  mg/100mL   Bilirubina total 14  µmol/L (< 17)  0,81  mg/100mL   AST (GOT) 27  U/L (0 - 37)  ALT (GPT)
28 U/L (0 - 41) Fosfatasa alcalina 114 U/L (40 - 130) GGT 63 U/L (0 - 54) Proteïna total 76,8 g/L (64,0 - 83,0) Proteïna C reactiva 8,7 mg/L (0,0 - 5,0) Hemograma Hemoglobina 156 g/L (130 - 170) Hematòcrit 0,44 L/L (0,40 - 0,50) Hematies 5,07 x 10E12/L (4,50 - 5,70) VCM 87,4 fL (80,0 - 98,0) CCMH 352 g/L (320 - 360) HCM 30,8 pg (27,0 - 32,0) RDW 12,7 % (12,0 - 15,0) Plaquetes 191 x10E9/L (140 - 350) VPM 8,7 fL (7,0 - 10,5) Plaquetòcrit 0,20 % Leucòcits 11,10 x10E9/L (3,80 - 11,00) Fórmula leucocitària Neutròfils 46,2 % Neutròfils absoluts 5,12 x10E9/L (1,80 - 7,00) Eosinòfils 2,3 % Eosinòfils absoluts 0,25 x 10E9/L (0,05 - 0,50) Basòfils 0,5 % Basòfils absoluts 0,06 x10E9/L (0,00 - 0,10) Monòcits 6,9 % Monòcits absoluts 0,77 x10E9/L (0,30 - 1,00) Limfòcits 44,1 % Limfòcits absoluts 4,90 x10E9/L (1,00 - 4,00) Temps de tromboplastina 1,00 RATIO (0,75 - 1,30) Temps de protrombina 0,96 INR (0,75 - 1,20) Temps de trombina 17,70 s (17,00 - 24,00)
	]]></text>
</Section>
<Section span_begin="6345" span_end="6354" id="SECCION_EVOLUCION" type="INFORMACIÓN SOBRE EVOLUCIÓN">
	<name><![CDATA[EVOLUCIÓN]]></name>
	<text><![CDATA[
A su llegada a la UCI, se repite la exploración neurológica tras la intubación. Presenta Glasgow coma score de 3. La exploración de los reflejos del tronco del encéfalo muestra pupilas medias arreactivas. Reflejo corneal izquierdo presente, derecho ausente. Respira. No tose ni tiene reflejo nauseoso. Se realiza dupplex transcraneal que muestra IP elevados.
Hemodinámicamente tiende a la hipertensión arterial. Respiratoriamente se deja en ventilación asistida controlada por volumen, con FiO2 al 0.4 y PEEP de 6, con control gasométrico correcto. Se inicia tratamiento con Ceftriaxona y Clindamicina y sueroterapia. Mantiene diuresis espontáneas.
En la madrugada del día 09.04.2017, presenta empeoramiento hemodinámico por lo que se reevalúa neurológicamente, confirmándose durante las siguientes horas la pérdida de todos los reflejos del tronco del encéfalo. Se realiza electroencefalograma que resulta isoeléctrico. La exploración clínica y las pruebas complementarias son compatibles con el diagnóstico de muerte encefálica que se certifica a las 12.50h horas del 09.04.2017. Se informa a la familia y se contacta con el coordinador de trasplantes para la evaluación como donante de órganos; la familia acepta la donación de órganos y tejidos.
	]]></text>
</Section>
<Section span_begin="7608" span_end="7622" id="SECCION_PROCEDIMIENTOS" type="PROCEDIMIENTO">
	<name><![CDATA[PROCEDIMIENTOS]]></name>
	<text><![CDATA[
Catéter arterial.
Catéter venoso periférico. Intubación orotraqueal.
Ventilación mecánica invasiva. Dupplex transcraneal.
Monitorización hemodinámica. Electroencefalograma.
	]]></text>
</Section>
<Section span_begin="7797" span_end="7809" id="SECCION_DIAGNOSTICO_PRINCIPAL" type="DIAGNÓSTICO">
	<name><![CDATA[DIAGNÓSTICOS]]></name>
	<text><![CDATA[
Hematoma profundo hemisférico izquierdo. Hipertensión arterial.
Insuficiencia respiratoria aguda. Hipertensión endocraneal.
Muerte encefálica.
Donación de órganos y tejidos
Responsable clínic: Dr. _NAME_ (NºCol. _ID_)
Equip mèdic: Dra. _NAME_ (NºCol. _ID_)
Servei que ha donat d'alta:
MEDICINA INTENSIVA HOSP	Data d'alta:
09.04.2017	Nom del metge que informa de l'alta:
Dr. _NAME_ (NºCol. _ID_)
_LOCATION_, 09.04.2017
Pàg. 1 de   3	]]></text>
</Section>
</ehr>