<?xml version='1.0' encoding='UTF-8'?>
<ehr id="358836119.utf8.txt">
<Section id="DEFAULT_HEADER" type="DEFAULT_HEADER" >
	<name>DEFAULT_HEADER</name>
	<text><![CDATA[
_LOCATION_
email: _CONTACT_ Telèfon _CONTACT_
Nº Història Clínica: _ID_
Cognoms, Nom: _NAME_
NºEpisodi: _ID_
CIP: _ID_
Sexe: Dona
Data de Naixement: _DATE_   Edat: 70 Anys
NIF/DNI: _ID__NAME_; _NAME_; _NAME_
Informe de Trasllat a Sociosanitari
13:05:30
11.04.2017
_LOCATION_
_SS_ NEUROLOGIA
CP
ABS
Servei Data d'alta
_LOCATION_
_CONTACT_; _CONTACT_
DOMICIL/RES.SOC 29.03.2017
Adreça
Telèfon Procedència Data d'ingrés Atès per
	]]></text>
</Section>
<Section span_begin="429" span_end="443" id="SECCION_MOTIVO_DE_INGRESO" type="MOTIVO DEL INGRESO">
	<name><![CDATA[MOTIU D'INGRÉS]]></name>
	<text><![CDATA[
Mujer de 70 años que ingresa por ictus isquémico TACI ACM I.
	]]></text>
</Section>
<Section span_begin="506" span_end="517" id="SECCION_ANTECEDENTES" type="ANTECEDENTES">
	<name><![CDATA[ANTECEDENTS]]></name>
	<text><![CDATA[
	]]></text>
</Section>
<Section span_begin="518" span_end="541" id="SECCION_ANTECEDENTES_PERSONALES" type="ANTECEDENTES">
	<name><![CDATA[Antecedentes personales]]></name>
	<text><![CDATA[
-Sin alergias medicamentosas conocidas.
-Niega hábitos tóxicos.
	]]></text>
</Section>
<Section span_begin="607" span_end="638" id="SECCION_ANTECEDENTES_QUIRURGICOS" type="ANTECEDENTES">
	<name><![CDATA[Antecedentes médico-quirúrgicos]]></name>
	<text><![CDATA[
-HTA en tratamiento con enalapril 20mg/24h. En seguimiento por medico de cabecera con buenos controles tensionales.
-Síndrome depresivo en tratamiento con fluoxetina 20mg/24h.
-Portadora de CPAP por SAOS.
-Infección crónica por VHC, diagnosticada en 2008 a raíz de analítica de control, no sigue tratamiento médico, en controles ecográficos por parte de su médico de cabecera. Última Eco de abdomen de 2015: Estudio hepático de características ecográficas habituales con ecoestructura homogénea, ecogenicidad conservada, contornos regulares y vascularización correcta, sin evidencia de lesiones focales valorables.
-Espondilosis lumbar leve
-Incontinencia urinaria mixta en seguimiento por Ginecólogo de zona.
-IQ: Apendicectomía a los 22 años de edad.
	]]></text>
</Section>
<Section span_begin="1394" span_end="1418" id="SECCION_SITUACION_FUNCIONAL" type="ANTECEDENTES">
	<name><![CDATA[Situación sociofuncional]]></name>
	<text><![CDATA[
: Vive sola, autónoma para todas actividades de la vida diaria. Deambula sin apoyo. Sin evidencia de deterioro cognitivo. mRS 0.
	]]></text>
</Section>
<Section span_begin="1548" span_end="1566" id="SECCION_TRATAMIENTO_HABITUAL" type="INFORMACIÓN SOBRE TRATAMIENTO">
	<name><![CDATA[MEDICACIÓ HABITUAL]]></name>
	<text><![CDATA[
Enalapril 20mg 1 comprimido al día, Fluoxetina 20mg 1 comprimido al día, Gabapentina 300mg 1 comprimido cada 12h.
	]]></text>
</Section>
<Section span_begin="1682" span_end="1695" id="SECCION_PROCESO_ACTUAL" type="INFORMACIÓN SOBRE LA HISTORIA ACTUAL">
	<name><![CDATA[PROCÉS ACTUAL]]></name>
	<text><![CDATA[
Paciente trasladada por el SEM tras ser encontrada en el domicilio con semiología de TACI izquierdo. Aunque la hora de inicio es indeterminada, la paciente había preparado la comida, cosa que suele hacer entre las 13 y las 14 horas. Ella misma ha podido avisar a una vecina. La família no había tenido contacto con ella en las últimas 72 horas. No episodios previos sugestivos de ECV. Hora de llegada a Urgencias 18:27h. Hora de TC craneal: 18.45h.
	]]></text>
</Section>
<Section span_begin="2146" span_end="2163" id="SECCION_EXPLORACION_FISICA" type="INFORMACIÓN SOBRE LA EXPLORACIÓN FÍSICA">
	<name><![CDATA[EXPLORACIÓ FÍSICA]]></name>
	<text><![CDATA[
	]]></text>
</Section>
<Section span_begin="2166" span_end="2197" id="SECCION_EXPLORACION_FISICA_EN_URGENCIAS" type="INFORMACIÓN SOBRE LA EXPLORACIÓN FÍSICA">
	<name><![CDATA[Exploración física en Urgencias]]></name>
	<text><![CDATA[
TA:110/72 mmHg. Afebril. BMT108mg/dl
A la exploración física  neurológica, paciente vigil. Afasia mixta de predominio motor (no nomina, comprende
Informe de Trasllat a Sociosanitari
órdenes simples 1/3, no complejas, no repite). HHD. No preferencia cefálica, sí ocular. Hemiparesia  FBC D. Probable hemihipoestesia ipsilateral. NIHSS 27.
	]]></text>
</Section>
<Section span_begin="2542" span_end="2579" id="SECCION_EXPLORACION_FISICA_DURANTE_HOSPITALIZACION" type="INFORMACIÓN SOBRE LA EXPLORACIÓN FÍSICA">
	<name><![CDATA[Exploración física en Unidad de Ictus]]></name>
	<text><![CDATA[
Constantes: TA 94/45 mmHg, FC 97 lpm, SatO2 96% (aa), BMT 139 mg/dL.
Estado general conservado. Normohidratada, normocoloreada, bien perfundida. ACV: tonos cardíacos rítmicos, no ausculto soplos. Sin signos de IC. AR: eupneica en reposo. Murmullo vesicular conservado sin estertores sobreañadidos. Abdomen globuloso, depresible, no doloroso a la palpación.
EN: vígil, alerta. LOC Q 0/2 (2). LOC C 1/2 (1). Afasia mixta de predominio motor, emite monosílabos pero comprende órdenes sencillas, intoxicándose con las complejas (2). POC I (1). HHD por amenaza (2). PFSN D (2). Hemiparesia braquiocrural D 1/5 (3+3). Sensibilidad no valorable (1). NIHSS 17.
Exploración física en Planta de Neurología
TA: 119/73 mmHg, Fc: 94 lpm; T: 37.6ºC; SatO2. 96% AA
EN: vigil, alerta, LOC Q 2/2, LOC C 2/2, No alteraciones del lenguaje ni del habla. No POC ni DOC. No HH. PFSN derecha pseudoperiferica (3), Motor: hemiparesia derecha B (4) C(3). Hemihipoestesia derecha (1). No extinciones. NIHSS 11
	]]></text>
</Section>
<Section span_begin="3566" span_end="3591" id="SECCION_EXPLORACIONES_COMPLEMENTARIAS" type="INFORMACIÓN SOBRE PRUEBAS COMPLEMENTARIAS">
	<name><![CDATA[EXPLORACIÓ COMPLEMENTÀRIA]]></name>
	<text><![CDATA[
	]]></text>
</Section>
<Section span_begin="3592" span_end="3634" id="SECCION_EXPLORACIONES_COMPLEMENTARIAS_EN_URGENCIAS" type="INFORMACIÓN SOBRE PRUEBAS COMPLEMENTARIAS">
	<name><![CDATA[Exploraciones complementarias en Urgencias]]></name>
	<text><![CDATA[
-Analitica General: Analitica General: Hb 14.2 g/dL; VCM 85.8 fL; HCM 27.2 pg; Leucòcits 13.350 (Neutròfils 11.400, Limfòcits 1000); Plaquetas 292.000; TQ 90%; INR 1.07; Glu 126; Urea 43; Creatinina 0.55  mg/dL; FG >90
ml/min/1,73 m2; Na 136.1; K 4.39; Ca 9.5; AST 57; ALT 34; Proteïna 7.8;
-ECG: Trazado vibrado , aunque presenta ondas P son evidentes varias ESV.
-TC craneal multimodal: Infarto subagudo en núcleo caudado y lenticular izquierdo, correspondiente al territorio vascular profundo de la arteria cerebral media, ASPECTS 8/10. En el estudio de perfusión cerebral se observa dismución del TTP y MTT con disminución del CBF con preservación del CBV, en relación a áreas de mismatch en territorio superficial de ACM izquierda. En el AngioTC se observa defecto de replección en arteria cerebral media izquierda en su segmento M1 distal.
-Trombectomía: Punción femoral derecha, introductor 8F femoral derecha. La serie de ACI izquierda muestra oclusión M1 ACM izquierda. Se realiza 1 pase de ACE 68 logrando TICI 3. Mynx grip + compresivo
	]]></text>
</Section>
<Section span_begin="4683" span_end="4731" id="SECCION_EXPLORACIONES_COMPLEMENTARIAS_EN_PLANTA_DE_NEUROLOGIA" type="INFORMACIÓN SOBRE PRUEBAS COMPLEMENTARIAS">
	<name><![CDATA[Exploraciones complementarias en Unidad de Ictus]]></name>
	<text><![CDATA[
-Analítica general de ingreso: Hb 13.3 g/dL; VCM 85.9   fL; HCM 28 pg; Leucòcits 7.540 (Neutròfils 4.800, Limfòcits 1.800); Plaquetas 245.000; TQ 93%; INR 1.04; Glu 107; Urea 23; Creatinina	0.52 mg/dL; FG >90
ml/min/1,73 m2; Urat 3.4, BT 0.53, BD 0.24; Na 139.1; K 3.98; Ca 8.7; AST 43; ALT 33; FA 61, GGT 12, Proteïna
6.4, Albumina 3.2; PCR 3.30;
*Perfil lipidico: Colesterol 153, HDL 53, LDL 86, Triglicerid 69, homocisteina 10.4
*Perfil tiroideo: TSH 2.457, fT4 1.53
-TC craneal control: Aparición de lesión hiperdensa sugestiva de transformación hemorrágica a nivel del núcleo caudado izquierdo, que se rodea de mínimo edema vasogénico y determina un mínimo efecto de masa sobre el sistema ventricular, sin desplazar las estructuras de líneamedia. Se observa tenue hiperdensidad a nivel de núcleo lenticular ipsilateral que podría estar en relación a retención de contraste vs transformación hemorrágica.
-Telemetría: se detecta FA paroxística.
Informe de Trasllat a Sociosanitari
	]]></text>
</Section>
<Section span_begin="5719" span_end="5735" id="SECCION_EVOLUCION" type="INFORMACIÓN SOBRE EVOLUCIÓN">
	<name><![CDATA[EVOLUCIÓ CLÍNICA]]></name>
	<text><![CDATA[
Paciente de 70 años de edad, obesa e HTA, con una infección crónica por el VHC, que presenta semiología de TACI en el territorio carotídeo izquierdo de inicio indeterminado. A la exploración neurológica NIHSS de 27. El TC multimodal evidencia una lesión isquémica subaguda en el territorio profundo de la ACM izquierda, si bien se constata una oclusión proximal en el angio TC (M1 distal) y un área de penumbra en todo el territorio de dicha arteria en el estudio de perfusión. El inicio indeterminado del ictus y la presencia de una lesión establecida en el TC contraindican el tratamiento con rTPA. Dada la afectación clinica y la presencia de tejido rescatable en neuroimagen con infarto proximal a la oclusión se decide iniciar tratamiento endovascular primario. Se informa a la familia y se obtiene el consentimiento. Se realiza procedimiento sin complicaciones y sin sedación con extracción del trombo con aspiración (información horaria detallada en formulario trombectomia). Tras finalizar procedimiento se observa cierta mejoría clínica a expensas de resolución de preferencia ocular, hemianopsia (NIHSS 23). Se indican las medidas habituales en la fase aguda del ictus. Respecto a la etiología, si bien en el ECG se identifican ondas P, durante el procedimiento, se ha hecho constar en el curso clínico que se ha observado una ACxFA. A su llegada a la U. de ictus, un nuevo ECG registra un RS. Ingresa en la UI para control evolutivo y completar estudio etiológico.
A su llegada a la Unidad de Ictus, la paciente permanece estable hemodinámicamente, afebril, con mejoría clínica presentando NIHSS 17 a expensas de afasia mixta de predominio motor, POC I, HHD, hemiparesia FBC D 1/5. Se realiza Telemetría que objetiva FA paroxistica y TC craneal de control a las 24h que muestra trasformación hemoragica en contexto de lesión isquemica por lo que de momento se decide no iniciar anticoagulación. Se traslada a Planta de hospitalización convencional para control evolutivo y rehabilitación.
A su llegada a Planta, paciente hemodinámicamente estable, febrícula de 37.6ºC en una ocasión y mejoría de déficit neurológico con NIHSS de 11 a expensas de hemiparesia facio-braquio-crural derecha. Permanece estable, sin incidencias, completando tratamiento antibiótico e iniciando rehabilitación con buena tolerancia.
	]]></text>
</Section>
<Section span_begin="8058" span_end="8069" id="SECCION_DIAGNOSTICO_PRINCIPAL" type="DIAGNÓSTICO">
	<name><![CDATA[DIAGNÒSTICS]]></name>
	<text><![CDATA[
Infarto isquémico en el territorio de ACM izquierdo (TACI) de probable etiología cardioembólica  por FA de debut
	]]></text>
</Section>
<Section span_begin="8185" span_end="8220" id="SECCION_TRATAMIENTO_AL_ALTA" type="INFORMACIÓN SOBRE TRATAMIENTO">
	<name><![CDATA[TRACTAMENT I RECOMANACIONS A L'ALTA]]></name>
	<text><![CDATA[
Se adjunta
	]]></text>
</Section>
<Section span_begin="8233" span_end="8240" id="SECCION_CONTROL" type="INFORMACIÓN SOBRE TRATAMIENTO">
	<name><![CDATA[CONTROL]]></name>
	<text><![CDATA[
Acudir a control en Neurología el día 14 noviembre de 2017 a las 10:00. Control por parte de su médico de atención primaria y médicos tratantes
DESTINACIÓ A L'ALTA:	SOCI SANITARI
Validat per: _NAME_	Col·legiat: _ID_
11.04.2017
Pàgina 1 de 3	]]></text>
</Section>
</ehr>