<?xml version='1.0' encoding='UTF-8'?>
<ehr id="358852434.utf8.txt">
<Section id="DEFAULT_HEADER" type="DEFAULT_HEADER" >
	<name>DEFAULT_HEADER</name>
	<text><![CDATA[
_LOCATION_ Tel. _CONTACT_
_CONTACT_
Informe Alta Hospitalització
_NAME_
HC: _ID_
>
Informe de Cuidados Intensivos
Adreça: C/ _LOCATION_	Data naix.: _DATE_
Població: _LOCATION_	Sexe: FEMENI
Provincia: _LOCATION_	CIP: _ID_
País: _LOCATION_	NASS: _ID_
Telèfon: _CONTACT_ / _CONTACT_	DNI o Tarja Residència: _ID_
Servei: Medicina Intensiva	Data ingrés a URG: 23/02/2017 19:57
Unitat clínica: Unitat Semicrítics	Data hospitalització: 23/02/2017 20:58
	]]></text>
</Section>
<Section span_begin="452" span_end="466" id="SECCION_TIPO_DE_INGRESO" type="TIPO DE INGRESO">
	<name><![CDATA[Tipus d'ingrés]]></name>
	<text><![CDATA[
: Urgències	Data alta: 23/02/2017 21:00
Proveïdor de Serveis: Servei Català de la Salut	Destí: 03 - Derivació Centre Extern Aguts
	]]></text>
</Section>
<Section span_begin="599" span_end="619" id="SECCION_DIAGNOSTICO_PRINCIPAL" type="DIAGNÓSTICO">
	<name><![CDATA[Diagnòstic principal]]></name>
	<text><![CDATA[
:
434.91 AVC ISQUEMIC
Pacient de 83 anys d'edat que ingressa per AVC isquémico ACM derecha
	]]></text>
</Section>
<Section span_begin="717" span_end="728" id="SECCION_ANTECEDENTES" type="ANTECEDENTES">
	<name><![CDATA[Antecedents]]></name>
	<text><![CDATA[
:
Malalties prèvies:
HIPERTENSIÓ ARTERIAL (en tractament..
Al·lèrgies:
El pacient no presenta al·lèrgies conegudes.
Antecedents socials i professionals:
Situació social: Viu sola, autónoma, independent per a les ABVD.
	]]></text>
</Section>
<Section span_begin="953" span_end="968" id="SECCION_PROCESO_ACTUAL" type="INFORMACIÓN SOBRE LA HISTORIA ACTUAL">
	<name><![CDATA[Història Actual]]></name>
	<text><![CDATA[
:
Valoració per NEUROLOGIA (Dra. _NAME_/Dra. _NAME_):
Valoramos a paciente de 83 años con FFSS conservadas, HTA en tto farmacològico. No cardipatias conocidas.
Traida como codigo ictus por SEM por encontrarsela en via pública con disminución del nivel de conciencia y hemiplagia izquierda. Aparentement no ha presentado TCE (segun explica los testimonios). Inicio de la clínica a las 19:30. Llega a nuestro centro a las 19:57h. HDME a la llegada del SEM, con taquicardia
A su llegada a nuestro centro presenta:
Disminución del nivel de conciencia con apertura ocular escasa a los estimulos dolorosos (+2), Retira al dolor, anartria , no responde a ordenes verbales ni sabe decir edad ni mes(2+2+3), desviación oculocefá lica hacia la derecha sin rectificar (+2), HHI (+2) por amenaza. PFSN izda (+2). Hemiplegia braquio-crural iziquierda (4+4), anestesia braquio-crural izq (+2). RCP indiferente izquierdo. NIHSS de 25
ECG con ACxFA de incio incierto Neuroimagen a las 20:20h.
Tc de cráneo con ASPECTS de 10, ACM derecha hiperdensa.
Pendiente informe angio-TC (disminución del flujo ACID, STOP en M1 (compensa A1 por comunicante anterior).
OD
AVC ISQUEMICO ACM DERECHA
Probable cardioembólico.
	]]></text>
</Section>
<Section span_begin="2168" span_end="2185" id="SECCION_EXPLORACION_FISICA" type="INFORMACIÓN SOBRE LA EXPLORACIÓN FÍSICA">
	<name><![CDATA[Exploració física]]></name>
	<text><![CDATA[
:
Disminución del nivel de conciencia con apertura ocular escasa a los estimulos dolorosos (+2), Retira al dolor, anartria , no responde a ordenes verbales ni sabe decir edad ni mes(2+2+3), desviación oculocefá lica hacia la derecha sin rectificar (+2), HHI (+2) por amenaza. PFSN izda (+2). Hemiplegia braquio-crural iziquierda (4+4), anestesia braquio-crural izq (+2). RCP indiferente izquierdo. NIHSS de 25
Resum proves complementàries:
Laboratori:
A/S: Leucòcits 8.59 x 10^9/L, Hematies 4.84 x 10^12/L, Hemoglobina 149 g/L, Hematòcrit 0.44 L/L, Volum corpuscular mig 89.9 fL, Hemoglobina corpuscular mitja 30.8 pg, Conc. Hb. corpuscular mitja 343 g/L, Plaquetes 220 x 10^9/L, Neutròfils (%) 58.4 %, Neutròfils 5.01 x 10^9/L, Limfòcits (%) 29.7 %, Limfòcits
2.55 x 10^9/L, Eosinòfils (%) 1.6 %, Eosinòfils 0.14 x 10^9/L, Basòfils (%) 0.3 %, Basòfils 0.03 x 10^9/L, Monòcits (%) 10 %, Monòcits 0.86 x 10^9/L, Temps protrombina 1.13 ratio, T.Tromboplastina parcial activ
0.82 ratio, Glucosa *128 mg/dL, Urea 46 mg/dL, Creatinina 0.83 mg/dL, Sodi 141 mEq/L, Potassi 4.1 mEq/L
Imatge:
-	Tc de cráneo con ASPECTS de 10, ACM derecha hiperdensa.
-	Pendiente informe angio-TC (disminución del flujo ACID, STOP en M1 (compensa A1 por comunicante anterior).
Altres proves:
-	ECG: ACxFA debut, 100lpm.
Evolució i comentaris:
Nota de valoración UCI (_NAME_/_NAME_):
1. AVC ISQUÉMICO ACM DERECHA
Se confirma paciente con buen estado basal, vive sola y independiente para las ABVD. Sin antecedentes relevantes. TA 150/60mmHg, FC 100lpm. Se inicia tmt fibrinolítico y se contacta con _SS_ para traslado que aceptan. Se activa traslado.
Inicio de los síntomas: 19:30h Urgencias 19:57
TC craneo 20:20h
Inicio bolus fibrinolítico: 20:40 Inicio perfusión fibrinolítico: 20:45 Traslado _SS_: 21h
_LOCATION_, 11/04/2017
_NAME_	_NAME_
(Nº col _ID_)	(Nº col _ID_
Nom i cognoms metge: _NAME_ (Nº col: _ID_Pàg.: 1/3	]]></text>
</Section>
</ehr>