<?xml version='1.0' encoding='UTF-8'?>
<ehr id="358936785.utf8.txt">
<Section id="DEFAULT_HEADER" type="DEFAULT_HEADER" >
	<name>DEFAULT_HEADER</name>
	<text><![CDATA[
_LOCATION_ Tel. _CONTACT_
_CONTACT_
Informe Seguiment Hospitalització
_NAME_
HC: _ID_
>
Informe de Cuidados Intensivos
Adreça: _LOCATION_
_LOCATION_	Data naix.: _DATE_
Població: _LOCATION_	Sexe: MASCULI
Provincia: _LOCATION_	CIP: _ID_
País: _LOCATION_	NASS: _ID_
Telèfon: _CONTACT_	DNI o Tarja Residència: _ID_
Servei: Medicina Intensiva	Data ingrés a URG: 05/04/2017 09:14
Unitat clínica: Unitat Semicrítics	Data hospitalització: 05/04/2017 11:41
	]]></text>
</Section>
<Section span_begin="454" span_end="468" id="SECCION_TIPO_DE_INGRESO" type="TIPO DE INGRESO">
	<name><![CDATA[Tipus d'ingrés]]></name>
	<text><![CDATA[
: Urgències
Proveïdor de Serveis: Servei Català de la Salut
	]]></text>
</Section>
<Section span_begin="531" span_end="551" id="SECCION_DIAGNOSTICO_PRINCIPAL" type="DIAGNÓSTICO">
	<name><![CDATA[Diagnòstic principal]]></name>
	<text><![CDATA[
:
434.11 AVC CARDIOEMBOLIC
	]]></text>
</Section>
<Section span_begin="580" span_end="602" id="SECCION_DIAGNOSTICOS_SECUNDARIOS" type="OTROS DIAGNÓSTICOS">
	<name><![CDATA[Diagnòstics Secundaris]]></name>
	<text><![CDATA[
:
427.31 FIBRIL·LACIO AURICULAR FA
401.9 HTA
	]]></text>
</Section>
<Section span_begin="649" span_end="661" id="SECCION_PROCEDIMIENTOS" type="PROCEDIMIENTO">
	<name><![CDATA[Procediments]]></name>
	<text><![CDATA[
:
88.41 ARTERIOGRAFIA ARTERIES CEREBRALS
39.74 TROMBECTOMIA INTRAVASCULAR VASOS CAP I COLL
87.03 TAC CRANIAL
90.59 ANALITICA SANG
96.6 SONDA NASO-GASTRICA PER ALIMENTACIO ENTERAL
Pacient de 68 anys d'edat que ingressa per codi ICTUS ACM D
	]]></text>
</Section>
<Section span_begin="907" span_end="918" id="SECCION_ANTECEDENTES" type="ANTECEDENTES">
	<name><![CDATA[Antecedents]]></name>
	<text><![CDATA[
:
Malalties prèvies:
HIPERTENSIÓ ARTERIAL (Refereix TAS 140mmHg.)
DISLIPÈMIA (No seguiment. No tractament habitual.) COLIC NEFRITIC (Consulta a urgències al 2011.
Estudi amb TAC ABDOMINAL 22/07/2011: Microlitiasis calicilar inferior izquierda. Quistosis sinusal bilateral. Vía urinaria de calibre normal. Prostatomegalia.)
HIPERPLASIA LOCALITZ BENIGNA PROSTATA SENSE OBSTRUCCIO (Seguiment a
ambulatori per Urologia. Va rebre tractament amb Tamsulosina, però l'Uròleg el va suspendre i va iniciar Deprax 50mg.
ECO PROSTÁTICA del 13/07/2011: HBP de características benignas con un peso aproximado de 62 gr. .
Al·lèrgies:
El pacient no presenta al·lèrgies conegudes.
Medicació prèvia: No refereix.
	]]></text>
</Section>
<Section span_begin="1619" span_end="1637" id="SECCION_SITUACION_FUNCIONAL" type="ANTECEDENTES">
	<name><![CDATA[Situació funcional]]></name>
	<text><![CDATA[
:
Situació mental: 1
Situació física: 100
	]]></text>
</Section>
<Section span_begin="1681" span_end="1696" id="SECCION_PROCESO_ACTUAL" type="INFORMACIÓN SOBRE LA HISTORIA ACTUAL">
	<name><![CDATA[Història Actual]]></name>
	<text><![CDATA[
:
Pacient portat a urgències el dia 05/04/17 per episodi sobtat d'hemiplègia esquerre a les 8:30. Valoració inicial per Neurologia (9.30h): baix nivell de consciència (2), desviació oculo-cefàlica a la dreta (2), hemian òpsia esquerre (2), PFSN esquerre (2), hemiplègia dreta amb lleu retirada al dolor (3+4), hemihipoestèsia (2), disàrtria greu (2), anosognòsia (2). NIHSS inicial de 21. Presenta moviments clònics d'hemicòs esquerre, pel que s'administra rivotril. TA: 125/85. FC: 137 x'. FR: 16 xc'. Sat O2: 97 %. Glicèmia 182. Es realitza ECG que mostra fibril·lació auricular a 150bpm.
Es realitza TC de crani amb angioTC. S'objectiva oclusió de M1 dreta. Es decideix intervencionisma que s'inicia a les 10:10. No hi ha contraindicacions per al tractament.
Durant l'arteriografia es realitza Trombectomia mecànica primària d'èmbol d'ACM dreta. Reperfusió de la ACM completa en 40 minuts. TICI final 3.
	]]></text>
</Section>
<Section span_begin="2605" span_end="2622" id="SECCION_EXPLORACION_FISICA" type="INFORMACIÓN SOBRE LA EXPLORACIÓN FÍSICA">
	<name><![CDATA[Exploració física]]></name>
	<text><![CDATA[
:
TA 158/98mmHg, FC 150bpm, FR 18rpm, Sat 96% a l'aire, afebril.
MVC sense sorolls sobreafegits. No broncospasme, no ausculto roncus. TC arrítmics i molt ràpids, difícil però no s'ausculta buf.
Abd globulós, tou i depressible, peristaltisme present. No edemes a EEII.
NRL: conscient GCS 15, parcialment orientat. Respon a ordres, disàrtria greu (2), no alteracions de comprensió. Hemianòpsia esquerre (2) amb desviació de la mirada conjugada (2), PFSN esquerre (2), plè gia ESE (4) i parèsia 4/5 d'EIE (1), anosognòsia (2), hemihipoestèsia (2). NIHSS 17.
Resum proves complementàries:
Laboratori:
-	Analítica (05/04): Leucòcits 9.41 x 10^9/L, Hematies 4.86 x 10^12/L, Hemoglobina 162 g/L, Plaquetes 260 x 10^9/L, Temps protrombina 1.04 ratio, T.Tromboplastina parcial activ 1.02 ratio, Glucosa *189 mg/dL, Urea 45.3 mg/dL, Creatinina 0.99 mg/dL, Sodi 142 mEq/L, Potassi 4.1 mEq/L.
-	Analítica (06/04/17): Leucòcits 10.06 x 10^9/L, Hemoglobina 149 g/L, Plaquetes 229 x 10^9/L, Temps protrombina 1.13 ratio, T.Tromboplastina parcial activ 1 ratio, Urea 30.2 mg/dL, Creatinina 0.95 mg/dL, Sodi 141 mEq/L, Potassi 4.3 mEq/L, Aspartat aminotransferasa(AST) 15 U/L, Alaninaminotransferasa (ALT) 17 U/L, Fosfatasa alcalina 55 U/L, Gammaglutamiltranspeptidasa 25 U/L, Bilirubina total 0.6 mg/dL, Proteïnes totals *52 g/L, Albúmina sérica 34.2 g/L, Colesterol total 199 mg/dL, Hemoglobina glicada 5.6
%.
Imatge:
-	TC crani: No desplaçaments significatius de les estructures de línia mitja supra i infratentorial. Sistema ventricular de mida, configuració i posició normals. Cisternes basals i peritronculars lliures. Discret borrament cortical insular dret. Fossa posterior i parènquima cerebral sense altres alteracions morfolò giques ni densitomètriques valorables. Signes de l'ACM dreta hiperdens. Sortida dels troncs supraaòrtics normal, permeables i sense variants anatòmiques. Eixos carotidis permeables i sense estenosis. Oclusió del segment M1 distal de l'ACM dreta. Resta d'arteries intracranials permeables, amb bona col.lateralitat leptomeningia hemisfèrica dreta. Artèries vertebrals permeables. Conclusió: Troballes suggestives de probable infart isquèmic hiperagut insular dret amb oclusió del segment M1 distal de l'ACM dreta.
-	Arteriografia (05/04/17): Trombectomia mecanica primaria de embolo de ACM dreta. Reperfusió de la ACM completa en 40'. TICI final 3.
-	TC crani (06/04/17): Únicament destaca l'aparició d'una petita lesió isquèmica focal al cap del caudat dret.
Altres proves:
-	ECG: FA a 150bpm, QRS estret amb rectificació ST a cara inferolateral i T negatives a aquestes derivacions.
Evolució i comentaris:
Nota d'alta de Semicrítics:
1.	AVC isquèmic cardioembòlic a ACM dreta.
El pacient ingressa a Semicrítics i durant les primeres hores d'evolució presenta millora del nivell de consciència, millora de la disàrtria i la parèsia. A les 48 hores el pacient es troba tranquil, conscient i orientat en les tres esferes. No desviació de la mirada ni alteració dels moviments oculars, no hemianò psia, no disartria, no afàsia, parèsia 4/5 ESE, parèsia 4+/5 EIE, no alteracions de la sensibilitat, no neglig ència. Es realitza TC crani de control on únicament destaca l'aparició d'una petita lesió isquèmica focal al cap del caudat dret.
Bona evolució, es realitza test de disfàgia (disfàgia a líquids) i inicia dieta oral. Se sol·licita IC a Rehabilitació i iniciem sedestació a butaca.
2.	FA de debut.
A l'ingrés es realitza ECG que mostra FA ràpida a 150bpm, que ha requerit tractament frenador amb betabloquejant i alguna dosi puntual de Digoxina. De manera espontània passa a ritme sinusal a 65 bpm el 6.4.17, pel que suspenem tractament bradicarditzant. Iniciada anticoagulació.
Atesa la bona evolució i la manca de noves complicacions, es decideix alta a planta de Neurologia.
	]]></text>
</Section>
<Section span_begin="6441" span_end="6451" id="SECCION_TRATAMIENTO_HABITUAL" type="INFORMACIÓN SOBRE TRATAMIENTO">
	<name><![CDATA[Tractament]]></name>
	<text><![CDATA[
:
Fàrmacs:
veure monodosi
_LOCATION_, 07/04/2017	
_NAME_ (Nº col _ID_)	_NAME_ (Nº col _ID_)	_NAME_ (Nº col _ID_
Nom i cognoms metge: _NAME_ (Nº col: _ID_Pàg.: 1/4	]]></text>
</Section>
</ehr>