<?xml version='1.0' encoding='UTF-8'?>
<ehr id="359678932.utf8.txt">
<Section id="DEFAULT_HEADER" type="DEFAULT_HEADER" >
	<name>DEFAULT_HEADER</name>
	<text><![CDATA[
_LOCATION_
Telf:
_CONTACT_
_CONTACT_
Nº Història Clínica: _ID_
Cognoms, Nom: _NAME_
NºEpisodi: 13728443
CIP: _ID_
Sexe: Home
Data de Naixement: _DATE_   Edat: 72 Anys
NIF/DNI: _ID__NAME_; _NAME_;
Informe de Trasllat a Sociosanitari
12:30:00
13.04.2017
_LOCATION_
_SS_ NEUROLOGIA
CP
ABS
Servei Data d'alta
_LOCATION_
_CONTACT_; _CONTACT_; _CONTACT_; AGUTS
30.03.2017
Adreça
Telèfon Procedència Data d'ingrés Atès per
	]]></text>
</Section>
<Section span_begin="419" span_end="433" id="SECCION_MOTIVO_DE_INGRESO" type="MOTIVO DEL INGRESO">
	<name><![CDATA[MOTIU D'INGRÉS]]></name>
	<text><![CDATA[
Varón de 72   años que ingresa derivado del _SS_ por ictus establecido en ACM izquierda con oclusión en tándem ACI-ACM izquierda.
	]]></text>
</Section>
<Section span_begin="566" span_end="577" id="SECCION_ANTECEDENTES" type="ANTECEDENTES">
	<name><![CDATA[ANTECEDENTS]]></name>
	<text><![CDATA[
Alergia a metamizol
Vive con su mujer. Camina con 2 muletas. Rankin 1 HTA en tratamiento farmacológico
Dislipemia
Cardiopatía isquémica. IAM en octubre de 2007
Isquemia crónica en EEII en seguimiento por Cirugía Vascular
Cólicos nefríticos izquierdos de repetición que ha requerido litotricia en dos ocasiones Prótesis de cadera completa derecha
Edema ocular
IQ: Apendicectomía, colocación de prótesis de cadera, craniectomía descompresiva
	]]></text>
</Section>
<Section span_begin="1020" span_end="1038" id="SECCION_TRATAMIENTO_HABITUAL" type="INFORMACIÓN SOBRE TRATAMIENTO">
	<name><![CDATA[MEDICACIÓ HABITUAL]]></name>
	<text><![CDATA[
AAS 100mg/día, Bisoprolol 5mg/día, Diclofenaco 50mg/12h, Omeprazol 20mg/día, Simvastatina 40mg/día
	]]></text>
</Section>
<Section span_begin="1139" span_end="1152" id="SECCION_PROCESO_ACTUAL" type="INFORMACIÓN SOBRE LA HISTORIA ACTUAL">
	<name><![CDATA[PROCÉS ACTUAL]]></name>
	<text><![CDATA[
Varón de 72 años que el 30/03 consulta porque a las 04:00 es encontrado en el suelo por su mujer, objetivándose posteriormente dificultad para el habla, y movilización de extremidades derechas. Se activa código ictus y se deriva a Urgencias de nuestro centro, donde el paciente presenta hemiparesia derecha y afasia completa y NHISS 12 puntos. Se realiza TAC craneal que descarta lesiones hemorrágicas y se observa oclusión de la ACI izquierda y segunda oclusión a nivel del segmento M1 distal de la ACM izquierda. Por tratarse de un ictus del despertar y el antecedente de creaniectomía previa se desestima fibrinolisis endovenosa , se decide traslado al _SS_ para valoración de trombectomía.
A su llegada a _SS_, NIHSS 13 puntos, se realiza AngioTAC craneal que muestra ictus establecido con hipodensidad en territorio de ACM izquierda con oclusión en tándem ACI-ACM izquierda, por lo que se desestima trombectomía (ictus establecido y ausencia de missmatch) y se decide retorno a nuestro centro para ingreso y control evolutivo.
	]]></text>
</Section>
<Section span_begin="2188" span_end="2205" id="SECCION_EXPLORACION_FISICA" type="INFORMACIÓN SOBRE LA EXPLORACIÓN FÍSICA">
	<name><![CDATA[EXPLORACIÓ FÍSICA]]></name>
	<text><![CDATA[
Informe de Trasllat a Sociosanitari
Exploración NEUROLÓGICA:
Vigil con tendencia a la somnolencia, PICiNR, preferencia ocular a la izquierda, hemianopsia homonima derecha, Afasia global, Plegia facio-braquial derecha con paresia crural 3/5 D con RCP indiferente.
AC: Tonos rítmicos, sin soplos ni extratonos
AP (Anterior): MVC, buena entrada de aire bilateral, sin ruidos sobreañadidos
Abdomen: Blando y depresible, no impresiona de doloroso a la palpación. No se palpan masas ni megalias. Peristaltismo presente.
EEII: Úlcera en pie derecho. No edemas ni signos de TVP
	]]></text>
</Section>
<Section span_begin="2782" span_end="2807" id="SECCION_EXPLORACIONES_COMPLEMENTARIAS" type="INFORMACIÓN SOBRE PRUEBAS COMPLEMENTARIAS">
	<name><![CDATA[EXPLORACIÓ COMPLEMENTÀRIA]]></name>
	<text><![CDATA[
URGENCIAS _SS_
TC Craneal: No se observan lesiones hemorrágicas o isquémicas agudas establecidas (ASPECTS
10). Secuelas de craniectomía con área encefalomalácica frontal derecha. Lesión isquémica crónica periventricular occipital izquierda.
ANgioTC craneal y TSA: Oclusión de la ACI izquierda desde la bifurcación con posterior repermeabilización en el segmento C7. Segunda oclusión a nivel del segmento M1 distal de la ACM izquierda.
_SS_:
TC CRÁNEO SIMPLE: Cambios quirúrgicos frontales derechos con área de encefalomalacia/porencefalia. Zonas de hipodensidad con de pérdida de diferenciación de la sustancia gris/blanca en hemisferio izquierdo: a nivel de la corteza insular, fronto-parieto-temporal y en cabeza del n. caudado . ASPECTS 5. Hiperdensidad del segmento M1 distal de la ACM izquierda. Sistema ventricular de tamaño discretamente aumentado asociado a ensanchamiento de surcos la convexidad, todo ello en relación a atrofia global en relación a la edad. No presenta patrón específico. Estructuras de la línea media centradas. Las cisternas de la base y perimesencefálicas están libres. No se aprecian otras alteraciones significativas de la morfología ni en la densidad de las estructuras del parénquima cerebral ni del cerebeloso. No se observan imágenes de sangrado intra ni extraaxial.
ANGIO TC: Oclusión completa de la arteria carótida interna izquierda desde su origen, donde se identifican placas de ateroma fibrolipídica con calcificaciones en su interior. Adicionalmente se observa oclusión completa de la arteria crebral media izquierda a niveldel segmento M1 distal. niveldel segmento M1 distal. Placa de ateroma calcificada en el origen de la arteria carótida interna derecha que no condiciona estenosis valorables. Arterias vertebrales permeables sin imágenes de estenosis. No se observan alteraciones valorables en los vasos de la circulación intracraneal incluidos en el estudio.
PERFUSIÓN CEREBRAL: Zona de caída de volumen coincidente con la zona de hipodensidad del TC simple. En los mapas de tiempo y CBF se observa mismatch no significativo en región frontal.
HOSPITALIZACIÓN NEUROLOGÍA _SS_
Analítica de ingreso:
-	Bioquímica Función renal e ionograma normal, FG 97ml/min, perfil hepático y lipídico normales
-	Hemograma: HbA1c 5.8%, Hb 16.5g/dl, Hto 46.8%; VCM 91.2fl, Leucocitos 10250 (N 73.2%; L 13.9%) Plaquetas 185000
-	Hemostasia normal.
RMN Craneal: Extens infart isquèmic agut (amb algun petit focus de sufusió hemorràgica) en territori superficial i profund de l'ACM esquerra amb discret efecte massa associat, no significatiu. Seqüeles de craniectomia frontal
Informe de Trasllat a Sociosanitari
dreta amb lesió parenquimatosa necrogliótica residual subjacent.
-	Doppler TSA: Oclusión de ACI izquierda desde su origen en región cervical hasta segmento intracraneal. Externalización ACE izquierda.
-	Doppler transcraneal: Permeabilidad en todo segmento de M2 izquierda sin poder objetivar por esta técnica flujo sanguineo distal M2. Circulación intracranealizquierda compensada a través de circulación anterior contraleteral.
Ecografía cardiaca transtorácica:
-Ventriculo izquierdo ligeramente dilatado, no hipertorfico, discinesia apical y de segmentos basal y medio anterior, septal y anterolateral, sin imagen de trombo en su interior, que condiciona una función sistólica ligeramente deprimida, con resto de segmentos con movilidad conservada. Alteración de la relajación ventricular
-	Aurícula izquierda ligeramente dilatada
Holter 24h: Ritmo sinusal con ESV poco frecuentes y EV aislados poco frecuente con una racha de taquicardia ventricular de 8 latidos. Sin episodios de FA-Flutter.
	]]></text>
</Section>
<Section span_begin="6459" span_end="6475" id="SECCION_EVOLUCION" type="INFORMACIÓN SOBRE EVOLUCIÓN">
	<name><![CDATA[EVOLUCIÓ CLÍNICA]]></name>
	<text><![CDATA[
Se activa código ictus y se deriva a Urgencias de nuestro centro, donde el paciente presenta hemiparesia derecha y afasia completa y NHISS 12 puntos. Se realiza TAC craneal que descarta lesiones hemorrágicas y se observa oclusión de la ACI izquierda y segunda oclusión a nivel del segmento M1 distal de la ACM izquierda. Por tratarse de un ictus del despertar y el antecedente de creaniectomía previa se desestima fibrinolisis endovenosa , se decide traslado al _SS_ para valoración de trombectomía.
A su llegada a _SS_, NIHSS 13 puntos, se realiza AngioTAC craneal que muestra ictus establecido con hipodensidad en territorio de ACM izquierda con oclusión en tándem ACI-ACM izquierda, por lo que se desestima trombectomía (ictus establecido y ausencia de missmatch) y se decide retorno a nuestro centro para ingreso y control evolutivo.
Tras desestimarse fibrinolisis en nuestro centro por tratarse de un ictus del despertar y el antecedente de craniectomía, se deriva a Bellvitge, donde desestiman trombectomía por observarse ictus establecido en ACM izquierda, razón por la cual se traslada a nuestro centro.
Al ingreso, ante el bajo nivel d conciencia, se mantiene en dieta absoluta, y se inicia nutrición enteral mediante sonda nasogástrica. El paciente evoluciona favorablemente, iniciándose dieta oral y rehabilitación, con buena respuesta clínica. Se realiza RMN cerebral que muestra el infarto extenso ya descrito en las pruebas complementarias, y se amplía estudio cardiológico, en el que destaca hipertrofia del ventrículo izquierdo.
El paciente es valorado por Cirugía Vascular por las lesiones necróticas y cianosis de partes acras ( 2º, 3º y 5º dedos del pie derecho), orientándose como de posible origen embólico en paciente con ateromatosis.
Al alta, el paciente persiste con clínica de afasia global y hemiparesia derecha, y ante la necesidad de continuar programa de rehabilitación, se solicita traslado a centro sociosanitario para convalescencia.
	]]></text>
</Section>
<Section span_begin="8448" span_end="8459" id="SECCION_DIAGNOSTICO_PRINCIPAL" type="DIAGNÓSTICO">
	<name><![CDATA[DIAGNÒSTICS]]></name>
	<text><![CDATA[
Informe de Trasllat a Sociosanitari
433.11 ICTUS isquèmic a territori ACM E de mecanisme embòlic arterio-arterial.
-	Oclusió Carotiidia E
	]]></text>
</Section>
<Section span_begin="8604" span_end="8616" id="SECCION_PROCEDIMIENTOS" type="PROCEDIMIENTO">
	<name><![CDATA[PROCEDIMENTS]]></name>
	<text><![CDATA[
Codi Ictus / mèdics / RM cerebral / 88.71 Ultrasò diagnòstic de cap i coll. Determinació desviació de la línia mediana cerebral,ecoencefalografia
88.71 Ultrasò diagnòstic de cap i coll. Determinació desviació de la línia mediana cerebral,ecoencefalografia
	]]></text>
</Section>
<Section span_begin="8874" span_end="8909" id="SECCION_TRATAMIENTO_AL_ALTA" type="INFORMACIÓN SOBRE TRATAMIENTO">
	<name><![CDATA[TRACTAMENT I RECOMANACIONS A L'ALTA]]></name>
	<text><![CDATA[
Se adjunta hoja de tratamiento:
-	Dieta mixta
-	Omeprazol 20mg vo a las 8:00
-	Bemiparina 3500 UI sc a las 21:00
-	AAS 100mg vo en la comida
-	Clopidogrel 75mg vo al desyuno
-	Bisoprolol 5mg vo en el desayuno
-	Atorvastatina 80mg vo en la cena
-	Paracetamol 1g vo si precisa
-	Citalopram 20mg vo en el desayuno
-	Rehabilitació
	]]></text>
</Section>
<Section span_begin="9239" span_end="9246" id="SECCION_CONTROL" type="INFORMACIÓN SOBRE TRATAMIENTO">
	<name><![CDATA[CONTROL]]></name>
	<text><![CDATA[
Es traslada a centre soci-sanitari per convalescència
DESTINACIÓ A L'ALTA:	SOCI SANITARI
Validat per: _NAME_	Col·legiat: _ID_
13.04.2017
Pàgina 1 de 4	]]></text>
</Section>
</ehr>