<?xml version='1.0' encoding='UTF-8'?>
<ehr id="361689975.utf8.txt">
<Section id="DEFAULT_HEADER" type="DEFAULT_HEADER" >
	<name>DEFAULT_HEADER</name>
	<text><![CDATA[
_LOCATION_
Telèfon: _CONTACT_
Nº Història Clínica: _ID_
Cognoms, Nom: _NAME_
NºEpisodi: _ID_
CIP: _ID_
Sexe: Home
Data de Naixement: _DATE_   Edat: 86 anys
NIF/DNI: _ID_Informe d'epicrisi
CP	_LOCATION_
ABS	_SS_
Servei	NEUROLOGIA
Data d'alta  19.04.2017	02:48:05
_LOCATION_
_CONTACT_
DOMICIL/RES.SOC 18.04.2017
_NAME_
Adreça
Telèfon Procedència Data d'ingrés Atès per
	]]></text>
</Section>
<Section span_begin="370" span_end="384" id="SECCION_MOTIVO_DE_INGRESO" type="MOTIVO DEL INGRESO">
	<name><![CDATA[MOTIU D'INGRÉS]]></name>
	<text><![CDATA[
hematoma cerebral
	]]></text>
</Section>
<Section span_begin="404" span_end="415" id="SECCION_ANTECEDENTES" type="ANTECEDENTES">
	<name><![CDATA[ANTECEDENTS]]></name>
	<text><![CDATA[
HTA - DLP
-	Desprendiment retina E 5/ 07 (vitrectomia); IQ cataractes bilaterals 2005 aprox
-	HBP
-	IQ aneurisma abdominal 26-01-10 (7 cm)
-	Eco-doppler TSA 18-01-10: estenosis hemodinàmica del 70-99% en origen de caròtida interna dreta amb estenosis morfològica del 90%. Estenosi del 1-20% en bulb i origen caròtida interna E. Ateromatosi en caròtida comuna esquerra, no significativa. Endarterectomia caròtida E, 2012 (_SS_)
-	Des de 6/2011 està en tractament amb citalopram pautat a salut mental per quadre ansiós-depressiu
-	Vive solo (viudo). Autónomo.
	]]></text>
</Section>
<Section span_begin="976" span_end="994" id="SECCION_TRATAMIENTO_HABITUAL" type="INFORMACIÓN SOBRE TRATAMIENTO">
	<name><![CDATA[MEDICACIÓ HABITUAL]]></name>
	<text><![CDATA[
CITALOPRAM  MYLAN  20MG  56  COMPRIMIDOS  RECUBIERTOS  CON  PELICULA  EFG	CITALOPRAM, HIDROBROMUR DE  1 x 24 h.  Indefinida  1 56  RE-211
CLOPIDOGREL ALTER 75MG 28 COMPRIMIDOS RECUBIERTOS CON PELICULA EFG  CLOPIDOGREL
1 x 24 h. Indefinida  1  28  RE-211
DUODART 0,5/0,4MG 30 CAPSULASDURAS  TAMSULOSINA + DUTASTERIDA  1 x 24 h.  Indefinida  1  30 RE-211
OMEPRAZOL NORMON 20MG 28 CAPSULAS EFG OMEPRAZOL 1 x 24 h. Indefinida  1  28  RE-211 SIMVASTATINA KERN PHARMA 40MG28 COMPRIM RECUB EFG  SIMVASTATINA  1 x 24 h.  Indefinida
1 28  RE-211
	]]></text>
</Section>
<Section span_begin="1537" span_end="1550" id="SECCION_PROCESO_ACTUAL" type="INFORMACIÓN SOBRE LA HISTORIA ACTUAL">
	<name><![CDATA[PROCÉS ACTUAL]]></name>
	<text><![CDATA[
Avui estant prèviament bé presenta caiguda a terra a les 11,30 h, ates pel SEM a les 11,50 h: estuporós, ulls tancats, hemiplegia esquerre i es trasllada a l'hospital. Aqui el trobem conscient i orientat., no cefalea.
	]]></text>
</Section>
<Section span_begin="1770" span_end="1787" id="SECCION_EXPLORACION_FISICA" type="INFORMACIÓN SOBRE LA EXPLORACIÓN FÍSICA">
	<name><![CDATA[EXPLORACIÓ FÍSICA]]></name>
	<text><![CDATA[
C. O. NH. NC
AC: T. rítmics, no bufs AR: M. v conservat
abd: Tou i depresible, no dolorós, no VCM ni masses
Informe d'epicrisi
E  neurològica: C.  O.  Llenguatge orientat, disartric, pupil·les IC/NR. Desviació  de  la  mirada a  la  dreta amb hemianopsia, paresia facial central esquerre; hemiplègia i hemianesttesia esquerres.
	]]></text>
</Section>
<Section span_begin="2123" span_end="2148" id="SECCION_EXPLORACIONES_COMPLEMENTARIAS" type="INFORMACIÓN SOBRE PRUEBAS COMPLEMENTARIAS">
	<name><![CDATA[EXPLORACIÓ COMPLEMENTÀRIA]]></name>
	<text><![CDATA[
ECG: RS, 71 x ', BBDFH, repolarització normal Rx de torax: Normal
TC ARTERIAS CEREBRALES (18.04.2017)
Hematoma en región de ganglios basales hemisferio derecho de 47x72mm, con desviación de la línea media de de 7mm y compresión de asta anterior de ventriculo lateral derecho.
	]]></text>
</Section>
<Section span_begin="2426" span_end="2437" id="SECCION_DIAGNOSTICO_PRINCIPAL" type="DIAGNÓSTICO">
	<name><![CDATA[DIAGNÒSTICS]]></name>
	<text><![CDATA[
431/3 Hematoma cerebral
Validat per: _NAME_	Col·legiat: _ID_
19.04.2017
Pàgina 1 de 2	]]></text>
</Section>
</ehr>