<?xml version='1.0' encoding='UTF-8'?>
<ehr id="361897400.utf8.txt">
<Section id="DEFAULT_HEADER" type="DEFAULT_HEADER" >
	<name>DEFAULT_HEADER</name>
	<text><![CDATA[
INFORME ALTA HOSPITALARIA
_NAME_
Núm. Episodi: _ID_ Núm. HC: _ID_
_SS_ _LOCATION_
_LOCATION_
Tel. _CONTACT_Adreça: _LOCATION_	C.A.P.: CAP _LOCATION_
Població: _LOCATION_	Sexe: DONA  Data naixement: _DATE_  Edat: 71a
Telèfon: _CONTACT_  C.P.: _LOCATION_	T.I.S.: _ID_  DNI/NIF: _ID_
Procedència:	Data Ingrés Hospital: 09/04/2017
Servei assistencial: NEUROLOGIA HOSP	Data Ingrés Servei: 10/04/2017
Metge Responsable: _NAME_	Data Alta:19/04/2017
	]]></text>
</Section>
<Section span_begin="445" span_end="463" id="SECCION_MOTIVO_DE_INGRESO" type="MOTIVO DEL INGRESO">
	<name><![CDATA[MOTIVO DE CONSULTA]]></name>
	<text><![CDATA[
: Paciente mujer de 71 años que acude por parestesias en el hemicuerpo izquierdo.
	]]></text>
</Section>
<Section span_begin="546" span_end="569" id="SECCION_ANTECEDENTES_PERSONALES" type="ANTECEDENTES">
	<name><![CDATA[ANTECEDENTES PERSONALES]]></name>
	<text><![CDATA[
:
-	Alergias Medicamentosas: fenotiazinas.
-	No hábitos tóxicos.
-	Factores de riesgo vascular:
o	Dislipemia en tratamiento farmacológico.
o	DM tipo 2 en tratamiento con ADOs.
-	Anemia ferropénica 2009 en tratamiento con hierro oral.
o	FGS 2009: gastritis crónica, AP : gastritis crónica atrófica, metaplasia intestinal, H pylori.
o	FCS 2015: pólipos en colon(polipectomía), AP: adenomas tubular con dispasia bajo grado.
-	Síndrome ansioso - depresivo en tratamiento.
-	Medicación habitual: simvastatina 40mg 1/24h, omeprazol 20mg 1/24h, mirtazapina 15mg 1/24h, venlafaxina 150mg 1/24h, metformina 850mg 2/24h, ferogradumet 325mg 1/24h, alprazolam 1mg 3/24h, lexatin 6mg 1/24h, serc 16mg 3/24h.
-	Situación basal: independiente para las ABVD e instrumentales. Cognitivamente conservada. MRS 0
	]]></text>
</Section>
<Section span_begin="1365" span_end="1382" id="SECCION_PROCESO_ACTUAL" type="INFORMACIÓN SOBRE LA HISTORIA ACTUAL">
	<name><![CDATA[ENFERMEDAD ACTUAL]]></name>
	<text><![CDATA[
:
La paciente explica que el 08/04/2017 presenta cefalea opresiva hemicraneal izquierda a lo largo de todo el día, que se ha intensificado con características punzantes durante 1h aproximadamente que posteriormente se acompañó de una sensación de hormigueo progresivo por el brazo y posteriormente la pierna izquierda y cuando llegó al pie, notó torpeza en la mano ipsilateral, notando menos fuerza. Se acompañaba de sono- fotofobia.
Refiere que ya presentaba con anterioridad cefaleas en la misma localización pero no tan intensas, recordandole a las migrañas que presentaba en la adolescencia y que no presentó desde hace 15 años.
	]]></text>
</Section>
<Section span_begin="2017" span_end="2045" id="SECCION_EXPLORACION_FISICA_EN_URGENCIAS" type="INFORMACIÓN SOBRE LA EXPLORACIÓN FÍSICA">
	<name><![CDATA[EXPLORACIÓN FÍSICA URGENCIAS]]></name>
	<text><![CDATA[
:
PA 147/85 mmHg, FC 77x'. Consciente, orientada, normocoloreada e hidratada. Buen estado general. ACv. NRL. GCS 15/15. Bradipsiquia. Pupilas isocóricas normorreactivas. No alteraciones en la campimetría por confrontación. No afasias. Disartria leve. Hemiparesia braquiocrural izquierda (ESI 4/5, EII 3/5). Parestesias en hemicuerpo izquierdo. Hemihipoestesia. Dismetría de la ESI congruente con la paresia. RCP flexor bilateral.
	]]></text>
</Section>
<Section span_begin="2476" span_end="2509" id="SECCION_EXPLORACION_FISICA_DURANTE_HOSPITALIZACION" type="INFORMACIÓN SOBRE LA EXPLORACIÓN FÍSICA">
	<name><![CDATA[EXPLORACIÓ FÍSICA HOSPITALIZACIÓN]]></name>
	<text><![CDATA[
:
PA 137/84mmHg FC 70 lpm Glicemia 99mg/dl. AR: MVC, no RA.
CV: RCR no soplos. No ingurgitación yugular, no RHY.
Abdomen: blando, depresible, no doloroso a la palpación, no megalias.
NRL : Consciente y orientada en las 3 esferas. Lenguaje normofluente, nomina, repite y comprende correctamente. Mirada centrada sin limitaciones en la motilidad ocular. No alteraciones en campimetría por confrontación. No asimetria facial. Discreta pronación en la maniobra de Barré del MSI con fuerza 5-/5 braquial y crural izquierda. Hipoestesia facio-braquio-crural ipsilateral. Nos dismetria dedo-nariz. No extinción ni negligencia. NIHSS 2
	]]></text>
</Section>
<Section span_begin="3138" span_end="3167" id="SECCION_EXPLORACIONES_COMPLEMENTARIAS" type="INFORMACIÓN SOBRE PRUEBAS COMPLEMENTARIAS">
	<name><![CDATA[EXPLORACIONES COMPLEMENTÀRIAS]]></name>
	<text><![CDATA[
En Urgencias:
Analítica general: Hb 12,7 g/dl, Plaquetas 253000/mm3. Leucocitos 5420/mm3, fórmula N, Glicemia 105 mg/dl, Urea 29 mg/dl, Creatinina 0,6 mg/dl, ionograma normal, T.P. 115%
ECG: RS a 75x'. aQRS +60º. PR normal. QRS estrecho. Sin alteraciones de la repolarización.
TC cráneo: no se observan lesiones hemorrágicas agudas ni signos indirectos de isquemia aguda/subaguda.
En planta de neurología:
Analítica de estudio:
-	hemograma: normalidad de las 3 series sanguíneas
-	BQ: glucosa 216.60mg/dl, creatinina, FG, ionograma, proteinas, albumina y perfi hepático dentro de la normalidad.
-	Perfil lipídico: colesterol 216.60, HDL 75, LDL 27.58, TG 116.38mg/dl
-	HbA1c: 5.9%
-	Hormonas tiroideas: normales.
Ecodoppler TSA: ARTÈRIES VERTEBRALS: Flux de direcció cranial amb pics de velocitat sistólica asimètrics, 69 vs 38 cm/s. EIXOS CAROTIDIS: DRET: No s'identifiquen plaques productores d'estenosi significativa de la llum vascular així com tampoc engruiximent significatiu de l'íntima arterial. IMT 0.6 mm. Els registres espectrals no mostren signes d'alteració hemodinàmica amb un pic sistòlic de velocitat màxima, concordant ( PSV) CID de 64 cm/s i un quocient també concordant de CPD-CID 1.3. ESQUERRE: No s'identifiquen plaques productores d'estenosi significativa de la llum vascular així com tampoc engruiximent significatiu de l'íntima arterial. IMT 0.7 mm Els registres espectrals no mostren signes d'alteració hemodinàmica amb un pic sistòlic de velocitat màxima, concordant ( PSV) CIE de 67 cm/s i un quocient també concordant de CPE-CIE 0.9.CONCLUSIÓ: Compatible amb la normalitat.
RMN y angio-RMN cerebral: Estructures de la línia mitja centrades. Correcta diferenciació entre la substància blanca i la substància gris. Sistema ventricular de mida i configuració normal. Grans higromes bifrontals. El reste dels espais aracnoïdals - cisternals són normals per l'edat del pacient. No s'identifiquen alteracions de la intensitat de senyal que suggereixin patologia isquèmica o desmielinitzant. Tronc i fossa posterior sense anomalies significatives. Unió crànio-cervical normal. Cos callós de mida, morfologia i senyal normals. No es detecten eixamplaments significatius de la sella turca. No s'observen anomalies a nivell de sistema vascular posterior ni anterior que siguin valorables amb aquesta tècnica.Correcta permeabilitat de les ACM,ACA,ACO amb comunicant anterior present i permeable. No s'observen anomalies de restricció en difusió que suggereixin patologia isquèmica aguda. No hi ha dipòsits d'hemosiderina a les seqüències de GR o susceptibilitat magnètica
	]]></text>
</Section>
<Section span_begin="5765" span_end="5774" id="SECCION_EVOLUCION" type="INFORMACIÓN SOBRE EVOLUCIÓN">
	<name><![CDATA[EVOLUCIÓN]]></name>
	<text><![CDATA[
:
Se trata de una paciente de 71 años, dislipémica, diabética, que acude a Urgencias el 8 de Abril por cuadro de de parestesias en hemicuerpo izquierdo, con cefalea hemicraneal izquierda previa. A su llegada a Urgencias permanece hemodinámicamente estable, con tendencia a HTA (TAS 175mmHg), observando en la exploración una disartria leve, ligera bradipsíquia, dudosa desviación de comisura bucal, hemihipoestesia izquierda y paresia braquiocrural izquierda (NIHSS 8) con lo que se activa código ictus y se realiza TC craneal que descarta sangrado o signos de isquemia aguda. Se administra bolus rt-PA (a las 23.11h) y se contacta con guardia de neurovascular del _SS_ para valoración de rescate intraarterial. A su llegada al _SS_, la paciente mantiene síndrome sensitivo-,motor izquierdo. Se realiza TC craneal multimodal sin mostrar alteraciones ni oclusiones de gran vaso, desestimándose tratamiento de rescate y se ingresa nuevamente en UCI de _SS_. En UCI, se ha mantenido estable hemodinámicamente y con mínima paresia e hipoestesia del hemicuerpo izquierdo y se descarta complicación de sangrado por fibrinolisis a las 24 horas por TC cerebral con lo que se decide traslado a planta de neurología para seguir estudio etiológico y evolución.
Durante su estancia en planta de Neurología la paciente ha permanecido estable clínicamente si observar empeoramiento neurológico aunque sigue persistiendo una discreta hipoestesia facial con afectación de rama frontal  izquierda  y  braquio-crural  ipsilateral.  Se  observa  una  anisocoria  con  pupila  izquierda  midriática
arreactiva a la luz, que me comenta que ya fue estudiado en Neurología hace años (no informes). Se le realiza estudio de neuroimagen para valorar lesión isquémica por persistencia de la clínica neurológica sin observarse alteración significativa en parenquima ni en estudio vascular. Reinterrogando a la paciente, nos comenta que durante la adolescencia presentaba migrañas pero sin clínica neurológica asociada y la cefalea que presentó previamente al episodio era de características similares pero de intensidad mayor. Esa cefalea no la ha vuelto a presentar durante su ingreso aunque sí una discreta cefalea opresiva holocraneal en relación a la falta de descanso en una ocasión.
Dado que el estudio de neuroimagen y vascular no se observa alteraciones y la clínica se inició con cefalea de características migrañosas con persistencia de sintomatología sensitiva muy leve, podría sugerir una aura sensitiva persistente sin infarto migrañoso, pese a que la paciente no recuerda cuadro similar. De igual modo, al tratarse de una paciente con múltiples factores de riesgo, se recomienda continuar con antiagregación plaquetar y revisión en CEX Neurología.
	]]></text>
</Section>
<Section span_begin="8513" span_end="8536" id="SECCION_DIAGNOSTICO_PRINCIPAL" type="DIAGNÓSTICO">
	<name><![CDATA[ORIENTACIÓN DIAGNÓSTICA]]></name>
	<text><![CDATA[
.
Síndrome sensitivo-motor izquierdo.
Aura sensitiva persistente sin infarto migrañoso. Cefalea migrañosa.
Pupila de Adie izquierda. Diabetes mellitus tipo 2.
	]]></text>
</Section>
<Section span_begin="8698" span_end="8709" id="SECCION_TRATAMIENTO_HABITUAL" type="INFORMACIÓN SOBRE TRATAMIENTO">
	<name><![CDATA[TRATAMIENTO]]></name>
	<text><![CDATA[
:
Dieta diabética baja en sal y en grasas
AAS 100mg cada 24 horas. Omeprazol 20mg cada 24 horas Atorvastatina 40mg cada 24 horas Venlafaxina 150mg cada 12 horas Metformina 850mg cada 12 horas. Paracetamol 1g si dolor.
Alprazolam 0.5mg 1-1-1 si ansiedad.
Control de los factores de riesgo vascular y la evolución del cuadro depresivo-ansioso por parte del médico de atención primaria.
Control en CEX de Neurología en 3m con calendario de cefaleas. Atentamente,
Firmado:
Dra.: _NAME_	Dr. _NAME_
Metge  adjunt - Neurología	Metge resident - Reumatologia
Número col·legiat: _ID_	Número col·legiat: _ID_
Hospitalització
Imprès: 19/04/2017 13:37
Pàg.: 1 de  3	]]></text>
</Section>
</ehr>