<?xml version='1.0' encoding='UTF-8'?>
<ehr id="362236847.utf8.txt">
<Section id="DEFAULT_HEADER" type="DEFAULT_HEADER" >
	<name>DEFAULT_HEADER</name>
	<text><![CDATA[
_LOCATION_) Telèfon _SS_  972 _CONTACT_
Telèfon IDI (Ressonància i TAC) _CONTACT_
Telèfon ICO _CONTACT_
Nº Història Clínica: _ID_
Cognoms, Nom: _NAME_
NºEpisodi: _ID_
CIP: _ID_
Sexe: Home
Data de Naixement: _DATE_   Edat: 63 Anys
NIF/DNI: _ID__NAME_; _NAME_; _NAME_
Informe de Trasllat a Sociosanitari
CP	_LOCATION_
ABS	_SS_
Servei	NEUROLOGIA
Data d'alta  20.04.2017	09:00:07
_LOCATION_
_CONTACT_; _CONTACT_
AGUTS 13.04.2017
Adreça
Telèfon Procedència Data d'ingrés Atès per
	]]></text>
</Section>
<Section span_begin="478" span_end="492" id="SECCION_MOTIVO_DE_INGRESO" type="MOTIVO DEL INGRESO">
	<name><![CDATA[MOTIU D'INGRÉS]]></name>
	<text><![CDATA[
Síndrome lacunar motor pur dret
	]]></text>
</Section>
<Section span_begin="526" span_end="537" id="SECCION_ANTECEDENTES" type="ANTECEDENTES">
	<name><![CDATA[ANTECEDENTS]]></name>
	<text><![CDATA[
PERSONALES
Hombre de 63 independiente para las ABVD, Rankin 0 No al·lergias medicamentosas conocidas
No hàbito tabaquico
PATOLOGICOS
-	Hipertensión arterial
-	Dislipemia en tratamiento con simvastatina
	]]></text>
</Section>
<Section span_begin="742" span_end="755" id="SECCION_PROCESO_ACTUAL" type="INFORMACIÓN SOBRE LA HISTORIA ACTUAL">
	<name><![CDATA[PROCÉS ACTUAL]]></name>
	<text><![CDATA[
El 12.04.17 a las 22.45h presenta, de forma súbita paresia braquial. Consulta en _SS_ el 13.04.17 a las 00.03 horas, activándose Código Ictus NIHSS: 00000 / 24010 / 00020: 9. TC-C (00:09): sin alteraciones relevantes (agudas). ASPECT 10. Se aprecia imagen hipodensa en cápsula interna-caudado izdos, antigua, crónica, con discreta retracción asta anterior del del ventrículo lateral, sin relación con clínica actual, que podría corresponder a lacunar antiguo (2011).
Tras control de cifras tensionales elevadas (201/106mmHg), se inicia tto trombolítico con rtPA y se traslada a Can Ruti, donde se hace estudio RM, que muestra un infarto lacunar en n. caudado derecho agudo, establecido, sin penumbra y sin oclusión de gran vaso, motivo por el cual no se realiza trombectomia mecánica.
Ingresa en la unidad de ictus _SS_ a las siguientes 12h, sin complicaciones. Neurologicamente se mantiene estable, con NIHSSS 00000/2(40)(10)/00020=9 No ha presentado episodios de arritmia por monitorización. El estudio TSA no demuestra estenosis en troncos supraaórticos. La analítica muestra perfil lipídico alterado, con glicemia normal, por lo que se inicia tratamiento con estatinas. Se mantiene normotenso. Tras contacto telefónico, se deriva a su centro de referencia (_SS_) para completar estudio y evolución clínica.
	]]></text>
</Section>
<Section span_begin="2068" span_end="2085" id="SECCION_EXPLORACION_FISICA" type="INFORMACIÓN SOBRE LA EXPLORACIÓN FÍSICA">
	<name><![CDATA[EXPLORACIÓ FÍSICA]]></name>
	<text><![CDATA[
Al ingreso a unidad ictus HJT:
TA 174/88 FC 65 bpm SatO2 93% Afebril
NRL: paciente consciente y orientada en tiempo, espacio y persona. No afasias. Disartria moderada. Pupilas isocoricas y normorreactivas. Paresia facial central. MOE i campimetria conservados. No alteración otros pares craneales. Paralisis braquial dreta con paresia leve crural homolateral. No deficits sensitivos. NIHSS 00000/2/4/0/10/00020=9
	]]></text>
</Section>
<Section span_begin="2501" span_end="2526" id="SECCION_EXPLORACIONES_COMPLEMENTARIAS" type="INFORMACIÓN SOBRE PRUEBAS COMPLEMENTARIAS">
	<name><![CDATA[EXPLORACIÓ COMPLEMENTÀRIA]]></name>
	<text><![CDATA[
_SS_
Informe de Trasllat a Sociosanitari
Analítica sanguinea
Leucocitos 6300,  Hb 13,5 g/dl, Hto 39.6%, plaquetas 146000.  Coagulación: T.Quick 100%,  TTPA 31.4seg, fibrinógeno 509 mg/dl. Bioquímica: glucosa 94 mg/dl, función hepática y renal sin alteraciones, PCR 5.1 mg/l, TG 375 mg/dl, colesterol total 274 mg/dl, HDL 44 mg/dl, LDL 155 mg/dl, TSH normal
ECG y monitoritzación: no se detectan arritmias.
RM cerebral: Lesión isquémica aguda en DWI en nucleo lenticular y caudado, sugestivo de infarto lacunar, que no se visualiza en FLAIR. Sin lesiones hemorrágicas agudas ni crónicas. AngioRM intracraneal sin oclusiones ni estenosis. Leucoaraiosis leve-moderada.
EcoTSA: Grosor intima-media normal. Sin estenosis en ambos ejes carotideos. AV con flujo ortodrómico, sin estenosis.
_SS_.
TC control 13/04/2017: No se observan signos de transformación hemorrágica. Área de hipodensidad en corona radiata-caudado-cápsula interna izquierda en relación a infarto subagudo del territorio profundo de la ACM I. Infarto crónico cápsulo-lenticular izquierdo. Resto del parénquima cerebral, cerebeloso y del tronco encefálico sin alteraciones densitométricas relevantes. Sistema ventricular simétrico, de morfología y medidas normales. Estructuras de la línea media centradas. Cisternas de la base y perimesencefálicas libres. CONCLUSIONES: No se observan signos de transformación hemorrágica. Infarto subagudo del territorio profundo de la ACM I. Infarto crónico cápsulo-lenticular I.
	]]></text>
</Section>
<Section span_begin="4015" span_end="4031" id="SECCION_EVOLUCION" type="INFORMACIÓN SOBRE EVOLUCIÓN">
	<name><![CDATA[EVOLUCIÓ CLÍNICA]]></name>
	<text><![CDATA[
Se traslada a nuestro centro. Se ingresa en la Unidad de Ictus.
Se solicita una TC craneal simple que muestra infarto profundo en el territorio de la ACM izquierda. Se inicia tratamiento con antiagregantes.
Durante sui estancia no presenta complicaciones. Persiste plejia braquial dcha, paresia crural dcha y facial con disartria moderada severa, no me queda calro si afasia.
Se solicita rehabilitación física.
Se contacta con la Unidad de Continuidad Asistencial para traslado a centro de convaslescencia para rehabilitación intensa.
Dada la estabilidad clínica y hemodinámica se decide traslado a Mutuam rehabilitación intensiva. Escalas al alta:
- NIHSS: 0-0-0-0-0 / 2-4-0-1-0 / 0-0-0-2-0: 9
- Rankin: 3
	]]></text>
</Section>
<Section span_begin="4743" span_end="4754" id="SECCION_DIAGNOSTICO_PRINCIPAL" type="DIAGNÓSTICO">
	<name><![CDATA[DIAGNÒSTICS]]></name>
	<text><![CDATA[
436/5 Ictus ACM esquerra profund, macrollacuna.
	]]></text>
</Section>
<Section span_begin="4804" span_end="4839" id="SECCION_TRATAMIENTO_AL_ALTA" type="INFORMACIÓN SOBRE TRATAMIENTO">
	<name><![CDATA[TRACTAMENT I RECOMANACIONS A L'ALTA]]></name>
	<text><![CDATA[
Adiro 100 m /24 h
Atorvastatina 40 mg /24 h a la nit abans de dormir.
Informe de Trasllat a Sociosanitari
Resta de tractament sense canvis.
	]]></text>
</Section>
<Section span_begin="4986" span_end="4993" id="SECCION_CONTROL" type="INFORMACIÓN SOBRE TRATAMIENTO">
	<name><![CDATA[CONTROL]]></name>
	<text><![CDATA[
Consultes externes de neurovascular el dia 3 de juliol a les 18.30
DESTINACIÓ A L'ALTA:	SOCI SANITARI
Validat per: _NAME_	Col·legiat: _ID_
20.04.2017
Pàgina 1 de 3	]]></text>
</Section>
</ehr>