<?xml version='1.0' encoding='UTF-8'?>
<ehr id="364474903.utf8.txt">
<Section id="DEFAULT_HEADER" type="DEFAULT_HEADER" >
	<name>DEFAULT_HEADER</name>
	<text><![CDATA[
_LOCATION_ Tel. _CONTACT_
e-mail: _CONTACT_
Nº Història Clínica: _ID_
Cognoms, Nom: _NAME_
NºEpisodi: _ID_
CIP: _ID_
Sexe: Home
Data de Naixement: _DATE_   Edat: 66 Anys
NIF/DNI: _ID__NAME_, _NAME_,; _NAME_;
_NAME_; _NAME_
Informe d'alta d'hospitalització
17:06:11
26.04.2017
_LOCATION_
_SS_ DE NEUROLOGIA
CP
ABS
Servei Data d'alta
_LOCATION_
_CONTACT_.; _CONTACT_
DOMICIL/RES.SOC 18.04.2017
Adreça
Telèfon Procedència Data d'ingrés Atès per
	]]></text>
</Section>
<Section span_begin="445" span_end="459" id="SECCION_MOTIVO_DE_INGRESO" type="MOTIVO DEL INGRESO">
	<name><![CDATA[MOTIU D'INGRÉS]]></name>
	<text><![CDATA[
Hemorràgia ganglibasal esquerre
	]]></text>
</Section>
<Section span_begin="493" span_end="504" id="SECCION_ANTECEDENTES" type="ANTECEDENTES">
	<name><![CDATA[ANTECEDENTS]]></name>
	<text><![CDATA[
Home de 66 anys. Al·lèrgic a la penicil·lina. Exfumador des de fa més de 10 anys. Enol ocasional. Antecedents familiars: Ictus a la germana i el pare.
	]]></text>
</Section>
<Section span_begin="656" span_end="674" id="SECCION_SITUACION_FUNCIONAL" type="ANTECEDENTES">
	<name><![CDATA[Situació funcional]]></name>
	<text><![CDATA[
: independent per les activitats bàsiques vida diaria, escala de Rankin 0.
	]]></text>
</Section>
<Section span_begin="750" span_end="771" id="SECCION_ANTECEDENTES_PERSONALES" type="ANTECEDENTES">
	<name><![CDATA[Antecedents personals]]></name>
	<text><![CDATA[
:
-	Hipertensió arterial en tractament amb 3 fàrmacs des de fa més de 15 anys.
-	Diabetis mellitus tipus 2 diagnosticada fa 5 anys en tractament amb ADOs. Fons d'ull regular sense retinopatia.
-	Dislipèmia en tractament amb estatines.
-	Sobrepès: IMC 25-30
-	En seguiment per Nefrología per proteïnuria a estudi, pendent de biòpsia renal.
-	SAHS en tractament amb CPAP
-	Hiperuricèmia amb alguna atac de gota, en tractament amb al·lopurinol.
-	Bronquièctasi del pulmó.
-	Polipectomia fa anys.
-	Ceguera ull dret (accident als 18 anys).
	]]></text>
</Section>
<Section span_begin="1308" span_end="1326" id="SECCION_TRATAMIENTO_HABITUAL" type="INFORMACIÓN SOBRE TRATAMIENTO">
	<name><![CDATA[MEDICACIÓ HABITUAL]]></name>
	<text><![CDATA[
Bisoprolol 10mg 1comp/24h, Bromazepam 1,5mg 1comp/12h, Manidipí 20mg 1comp/24h, Metformina 850mg 3comp/24h, Omeprazol 20mg 1comp/24h, Serevent 2inh/12h, Simvastatina 20mg 1comp/24h, Valsartan 160mg 1comp/24h, Zyloric 300mg 1comp/24h.
	]]></text>
</Section>
<Section span_begin="1562" span_end="1575" id="SECCION_PROCESO_ACTUAL" type="INFORMACIÓN SOBRE LA HISTORIA ACTUAL">
	<name><![CDATA[PROCÉS ACTUAL]]></name>
	<text><![CDATA[
Estant prèviament assimptomàtic el 18.04.17 cap a les 22:20h, mentre estava al sofà, la dona objectiva lateralització cap a la dreta seguit de trastorn del llenguatge i debilitat d'extremitats dretes. Avisen al SEM que activen codi ictus a les 22.59h. Arriba al nostre centre a les 23:09.
	]]></text>
</Section>
<Section span_begin="1866" span_end="1883" id="SECCION_EXPLORACION_FISICA" type="INFORMACIÓN SOBRE LA EXPLORACIÓN FÍSICA">
	<name><![CDATA[EXPLORACIÓ FÍSICA]]></name>
	<text><![CDATA[
FC	78 bpm
Tªaxi 35.3 ºC
FR	rpm Tªrec  ºC
TA s	116 mmHg SAT O2 93 %
TA d   71 mmHg Pes Kg
Conscient, orientat (falla en mes), obeeix ordres senzilles, emet llenguatge amb disàrtria important que fa quasi ininteligible el llenguatge en alguns moments, amb emissió d'alguna parafàsia. No clar defecte campimètric per confrontació (tot i que agudesa visual de l'ull dret alterada). Parèsia facial central dreta. Hemiplègia dreta i hemihipoestèsia dreta greu. RCP extensor dret. NIHSS: (0.1.0).0.0 / 1 (4.0) (4.0) /0.1.2.2.0 = 15
Exploració sistèmica: auscultació cardíaca amb tons regulars sense buf ni extratons, auscultació respiratòria amb
Informe d'alta d'hospitalització
murmull vesicular conservat sense sorolls sobreafegits, abdomen tou i depressible, no dolorós a la palpació, no es palpa massa ni megalia, peristaltisme conservat. No edema ni signes de trombosis venosa profunda a extremitats inferiores.
	]]></text>
</Section>
<Section span_begin="2803" span_end="2828" id="SECCION_EXPLORACIONES_COMPLEMENTARIAS" type="INFORMACIÓN SOBRE PRUEBAS COMPLEMENTARIAS">
	<name><![CDATA[EXPLORACIÓ COMPLEMENTÀRIA]]></name>
	<text><![CDATA[
Analítiques:
Urgent (18.04.2017): Hemograma: leucòcits 6700 (N 54%, L 35%), Hb 13, Htc 38%, plaquetes 196.000.
Coagulació: TP 93%, fibrinogen 424, TTPA 29s. Bioquímica: Glucosa 136, urea 34, creatinina 0.66, Na 140, K 3.2,
PCR 3.
Ingrés (19.04.2017): Hemograma: leucòcits 8400 (N 66,2%, L 25,5%, M 6,2%), Hb 13,1g/dL, Htc 38%, plaquetes 187.000. Bioquímica: glucosa  194mg/dL, HbA1c  6,1%,  proteïnes 64,8g/L, albúmina  39,1g/L, urea 32mg/dL, FG >90 mL/min/1.73 m2, creatinina 0,64mg/dL, Na 139,2mmol/L, K 3,3mmol/L, Bil 0,42mg/dL, FA 78U/L, ALT 20U/L, TG 225mg/dL, colesterol 110mg/dL, HDL 36,7mg/dL, LDL 28mg/dL.
Electrocardiograma: ritme sinusal a 60lpm, PR 160ms, eix QRS -60º, QRS 120ms, no alteració de repolarizació aguda.
TC cranial: Hemorràgia parenquimatosa aguda de ganglis basals de 34x18x30mm de diàmetres anteroposterior, laterolateral i craniocaudal respectivament, amb un volum aproximadament de 9ml, amb escas edema vasogènic perilesional i mínim efecte de massa sobre VL esuqerre molt lleugerament obliterat i desplaçat medialment. Resta de l'exploració sense troballes TC valorables.
	]]></text>
</Section>
<Section span_begin="3937" span_end="3953" id="SECCION_EVOLUCION" type="INFORMACIÓN SOBRE EVOLUCIÓN">
	<name><![CDATA[EVOLUCIÓ CLÍNICA]]></name>
	<text><![CDATA[
Home de 66 anys, hipertens i amb factors de risc cardiovasculars, rankin 0, que és derivat al nostre centre per clínica de debilitat d'extremitats dretes i alteració de l'articulació i emissió del llenguatge de 1.5 hores d'evolució.
A l'arribada a urgencies s'objectiva hemiplègia i hemihipoestèsia greu dreta, parèsia faciacl central dreta, disàrtria i lleu afàsia d'expressió (NIHSS de 15). Es realitza TC cranial urgent que mostra hematoma gangliobasal profund esquerre de probable etiologia hipertensiva. Es decideix ingrés per completar estudi i control estricte de la pressió arterial.
Durant el seu ingrés el pacient s'ha mantingut estable amb tendència a hipertensió pel que s'introdueix hipotensor oral. Per persistència hitertensió és valorat per servei de Nefrologia que fa adjust de tractament. L'analítica d'ingrés mostra una hipertrigliceridemia de 225mg/dL amb xifres de colesterol normal, HbA1c és de 6,1%. Pendent de realitzar TAC de control per avaluar mida d'hematoma
Com a complicació presenta episodis febrils pel que es cursa sediment d'orina, radiografia de tòrax i hemocultiu que resulten negatius, es cubreix empíricament amb levofloxací.
Clínicament el pacient s'ha mantingut estable, ha tolerat dieta oral sense incidència. Ha iniciat tractament rehabilitador en sala
Informe d'alta d'hospitalització
A causa de l'estabilitat clínica, es decideix el trasllat al seu centre de referència per continuar evolució, control tensional i valorar rehabilitació.
	]]></text>
</Section>
<Section span_begin="5447" span_end="5458" id="SECCION_DIAGNOSTICO_PRINCIPAL" type="DIAGNÓSTICO">
	<name><![CDATA[DIAGNÒSTICS]]></name>
	<text><![CDATA[
431/1 Hemorragia intracerebral de ganglios de la base izquierdos
401.9 Hipertensió essencial inespecificada
250.00 Diabetis mellitus II sense complicació,controlada
	]]></text>
</Section>
<Section span_begin="5625" span_end="5660" id="SECCION_TRATAMIENTO_AL_ALTA" type="INFORMACIÓN SOBRE TRATAMIENTO">
	<name><![CDATA[TRACTAMENT I RECOMANACIONS A L'ALTA]]></name>
	<text><![CDATA[
1.- Dieta cardiosaludable
2.- Hidróxido de magnesio 2.4 g/12 ml 1 sobre si precisa 3.- Omeprazol 20 mg c/ 24 horas VO
4.-Insulina Glargina 24 U a las 23 h 5.- Enoxaparina 40 mg sc c/ 24 horas
6.- Bisoprolol 10 mg c/ 24 horas VO
7.- Amlodipino 5 mg c/ 24 horas VO
8.- Enalapril 20 mg c/ 12 horas VO
9.- Simvastatina 20 mg c/ 24 horas VO
10.- Levofloxacino 500 mg VO c/ 12 horas
11.- Alopurinol 300 mg c/ 24 horas VO 12.- Paracetamol 1 gr si precisa VO
	]]></text>
</Section>
<Section span_begin="6114" span_end="6121" id="SECCION_CONTROL" type="INFORMACIÓN SOBRE TRATAMIENTO">
	<name><![CDATA[CONTROL]]></name>
	<text><![CDATA[
Es traslladeu a hospital de referència, _SS_ per continuar amb rehabilitació
DESTINACIÓ A L'ALTA:	HOSP. AGUTS/PSQ
Validat per: _NAME_	Col·legiat: _ID_
26.04.2017
Pàgina 1 de 3	]]></text>
</Section>
</ehr>