<?xml version='1.0' encoding='UTF-8'?>
<ehr id="365909634.utf8.txt">
<Section id="DEFAULT_HEADER" type="DEFAULT_HEADER" >
	<name>DEFAULT_HEADER</name>
	<text><![CDATA[
I.CLINIC DE NEUROCIÈNCIES NEUROLOGIA
_NAME_	NHC: _ID_
Sexo/Sexe: Masc.	Fecha nac./Data naix.: _DATE_	Edad/Edat: 84 años Dirección/Adreça: _LOCATION_	CP: _LOCATION_
Municip. (Prov.): _LOCATION_  ABS:_SS_	Tel.:_CONTACT_
As.: SERVEI CATALA DE LA SALUT	CIP: _ID_	NASS: _ID_
Nº epis.: _ID_	Tipo/Tipus: HOSPIT.	Inici.: 27.04.2017
Serv: NEUROLOGIA	UO Enf.: G064 SALA G DE NEUROLOGIA	Hora: 13:35:43 Facult. de ref.: _NAME_
	]]></text>
</Section>
<Section span_begin="421" span_end="446" id="SECCION_TIPO_DE_INGRESO" type="TIPO DE INGRESO">
	<name><![CDATA[Tipo ingreso/Tipus ingrés]]></name>
	<text><![CDATA[
: Urgent	Motivo/Motiu alta: Dom. Familiar
Diag.:
PARESIA CRURAL DERECHA () FIBRILACIÓN AURICULAR ()
Proc.:
TC MULTIMODAL () RMN CEREBRAL ()
INFORME CLÍNICO ALTA / INFORME CLÍNIC ALTA
	]]></text>
</Section>
<Section span_begin="634" span_end="672" id="SECCION_MOTIVO_DE_INGRESO" type="MOTIVO DEL INGRESO">
	<name><![CDATA[Motivo de consulta / Motiu de consulta]]></name>
	<text><![CDATA[
Debilidad de extremidad inferior derecha.
	]]></text>
</Section>
<Section span_begin="716" span_end="778" id="SECCION_ANTECEDENTES" type="ANTECEDENTES">
	<name><![CDATA[Antecedentes e historia previa / Antecedents i història prèvia]]></name>
	<text><![CDATA[
	]]></text>
</Section>
<Section span_begin="779" span_end="805" id="SECCION_ANTECEDENTES_PERSONALES" type="ANTECEDENTES">
	<name><![CDATA[** ANTECEDENTES PERSONALES]]></name>
	<text><![CDATA[
:
Varón  de 84 años  de edad, sin  alergias  medicamentosas conocidas, sin  hábitos  tóxicos,  ex-fumador. Independiente para las actividades básicas de la vida diaria (mRs:1)
	]]></text>
</Section>
<Section span_begin="982" span_end="1009" id="SECCION_ANTECEDENTES_PATOLOGICOS" type="ANTECEDENTES">
	<name><![CDATA[** ANTECEDENTES PATOLOGICOS]]></name>
	<text><![CDATA[
.
1- HIPERTENSION ARTERIAL en tratamiento farmacológico. 2- FIBRILACIO AURICULAR en tratamiento consintrom.
3- ICTUS ISQUEMICO 07/2010 con secuelas hemiparesia derecha 4+/5, IQ endarterectomía carótida derecha. 4- TROMBOSIS VENOS EN EXTREMIDAD INFERIOR DERECHA (2014).VP EID hace 1 año.
5- ENFERMEDAD DE PAGET monostótico en seguimiento por Reumatología.
	]]></text>
</Section>
<Section span_begin="1365" span_end="1395" id="SECCION_TRATAMIENTO_HABITUAL" type="INFORMACIÓN SOBRE TRATAMIENTO">
	<name><![CDATA[** TRATAMIENTO MÉDICO HABITUAL]]></name>
	<text><![CDATA[
: Sintrom según pauta. Digoxina 0,25mg/48h. Torasemida 2,5mg/24h. Bisoprolol 2,5mg/12h, metformina 850mg/24h, bezafibrato 400mg/24h, lormetazepam 1mg PRN, hidroferol 266mcg/mes, tobramicina oft, megestrol 160mg/24h.
	]]></text>
</Section>
<Section span_begin="1612" span_end="1642" id="SECCION_PROCESO_ACTUAL" type="INFORMACIÓN SOBRE LA HISTORIA ACTUAL">
	<name><![CDATA[Proceso actual / Procés actual]]></name>
	<text><![CDATA[
Varón de 84 años que el 27.04.2017 a las 11 am presenta torpeza de extremidad inferior derecha que le imposibilita la bipedestación, por lo que acude a urgencias y se activa código ictus intramuros.
	]]></text>
</Section>
<Section span_begin="1843" span_end="1881" id="SECCION_EXPLORACION_FISICA" type="INFORMACIÓN SOBRE LA EXPLORACIÓN FÍSICA">
	<name><![CDATA[Exploración física / Exploració física]]></name>
	<text><![CDATA[
27/04/2017-14:00:00: Frecuencia respiratoria (rpm) 35, PAS (mm Hg) 145, PAD (mm Hg) 88, Pulsioximetría (%) 96. 27/04/2017-15:00:00 : Tª axilar ( ºC) 35.2. 27/04/2017-19:30:00 : Glicemia capilar (mg/dl) 80.
NRL: Consciente y orientado en todas las esferas. Lenguaje fluente sin rasgos afásicos (nominación 7/7,
repetición conservada, obedece órdenes simples, complejas y cruzadas). Mirada centrada sin limitación en la mirada conjugada horizontal bilateral. Campimetría por confrontación sin alteraciones. Disartria  leve. Paresia crural (4/5) derecha. NIHSS: 2.
AC: Arrimtica, sin soplos.
AR: MVC; sin roncus ni sibilancias.
Laboratorio / Laboratori
Se adjunta.
Radiología / Radiologia
TC MULTIMODAL: Basal: Hipodensidad en territorio de ACAI antiguo. No alteraciones en mapas de perfusión. Angio-TC: Aorta y segmentos proximales de troncos supraaórticos [signos de ateromatosis moderada) Endarterectomía carótidea derecha. Origen y segmentos cervicales de las arterias carótidas internas y de las arterias vertebrales permeables. Segmentos intracavernoso y supraclinoideo de las arterias carotidas interna izda conservados, con algunas placas calcificadas. A nivel del segmento clinoideo de la CI derecha se aprecia una placa calcificada con imágenes de placa blanda en el interior del vaso que condiciona una estenosis parcial. Leve ateromatosis a nivel del origen de las vertebrales. Principales  arterias cerebrales intracraneales (ACAs, ACMs, ACPs, Basilar, V4s) permeables. Mínima estenosis no significativa a nivel de una rama M2 izda.
RM CEREBRAL: Imagen lacunar en corona radiada compatible con infarto lacunar ya conocido. Hiposeñal T2 en ganglios de la base por deposito de material ferrico y discreta alteración de la señal de la sustancia blanca periventricular compatible con cambios secundarios a microangiopatía sin cambios. No lesiones isquémicas agudas.
	]]></text>
</Section>
<Section span_begin="3758" span_end="3778" id="SECCION_EVOLUCION" type="INFORMACIÓN SOBRE EVOLUCIÓN">
	<name><![CDATA[Evolución / Evolució]]></name>
	<text><![CDATA[
1.- PARESIA CRURAL DERECHA PROBABLE ICTUS DE ARTERIA CEREBRAL ANTERIOR IZQUIERDA. 2.- FIBRILACIÓN AURICULAR (FA). 3.- DISLIPEMIA.
A su llegada a nuestro centro, el paciente se encuentra hemodinámicamente estable, afebril. En la exploración neurológica presenta paresia crual (4+/5) dercha, sin otro déficit agudo (NIHSS: 0). El ECG en fibrilación auricular. La analítica sanguínea muestra INR 1.7. La neuroimagen (TC Multimodal) sin lesiones isquémicas ni hemorrágicas agudas en la secuencia basal y sin alteraciones de la perfusión cerebral, el angio-TC muestra estenosis focal a nivel de segmento M2 de ACMI y a nivel de TICA derecha sin repercusión en la perfusión cerebral. RMN no muestra nuevas lesiones isquémicas.
Se orienta como empeoramiento de paresia crural en paciente con lesión isquémica previa. Una posibilidad es que el empeoramiento sea debido a reccurrencia del evento isquémico en el mismo territorio, dado el INR infraterapéutico ya que no se ha encontrado otra causa desencadenante del cuadro. Durante su ingreso se ha pautado heparina endovenosa con posterior paso a sintrom, encontrándose el INR en rango al alta  y resolución de la sintomatología por la que ingresó.
Al alta: mRs 2, NIHSS 1 residual.
Se recomienda control estricto de factores de riesgo vascular por médico de atención primaria y control por neurólogo de zona.
Plan terapéutico / Pla terapèutic
No precisa cambios en la medicación habitual.
	]]></text>
</Section>
<Section span_begin="5214" span_end="5235" id="SECCION_RECOMENDACIONES" type="INFORMACIÓN SOBRE TRATAMIENTO">
	<name><![CDATA[Otras recomendaciones]]></name>
	<text><![CDATA[
 / Altres recomanacions
Control de factores de riesgo vascular por médico de atención primaria y control por neurólogo de zona.
Firma/Signatura1: _NAME_	Firma/Signatura2: _NAME_ Categoría: Resident 3	Categoría: Especialista
Nº Matrícula HCP: _ID_	Nº Matrícula HCP: _ID_
Fecha Alta Médica/Data Alta Mèdica: 30.04.2017 Hora Alta Médica/ Hora Alta Mèdica: 15:40:34
Fecha/Data Informe: 30.04.2017
Hora Informe: 15:40:34
Docum.: _ID_
Hist. Clínica: _ID_
El _SS_ ha incorporado sus datos al Fichero de Pacientes, para tratarlos con fines sanitarios.
Puede ejercer sus derechos de acceso, rectificación, cancelación y oposición, así como obtener mas información en la Unidad de Atención al Cliente.
Vers. 01
Pag. 2 de
3
	]]></text>
</Section>
<Section span_begin="5955" span_end="5961" id="SECCION_PROCESO_ACTUAL" type="INFORMACIÓN SOBRE LA HISTORIA ACTUAL">
	<name><![CDATA[Episod]]></name>
	<text><![CDATA[
.: _ID_
_SS_ ha incorporat les seves dades al Fitxer de Pacients, per a tractar-los amb finalitats sanitàries. Pot exercir els seus drets d'accés, rectificació, cancel·lació i oposició, i obtenir més informació a la Unitat d'Atenció al Client.
_SS_
_LOCATION_) _LOCATION_) Tel. _CONTACT_ Fax _CONTACT_
http://_CONTACT_/	]]></text>
</Section>
</ehr>