<?xml version='1.0' encoding='UTF-8'?>
<ehr id="366452394.utf8.txt">
<Section id="DEFAULT_HEADER" type="DEFAULT_HEADER" >
	<name>DEFAULT_HEADER</name>
	<text><![CDATA[
_LOCATION_) Telèfon _SS_  972 _CONTACT_
Telèfon IDI (Ressonància i TAC) _CONTACT_
Telèfon ICO _CONTACT_
Nº Història Clínica: _ID_
Cognoms, Nom: _NAME_
NºEpisodi: _ID_
CIP: _ID_
Sexe: Dona
Data de Naixement: _DATE_   Edat: 83 Anys
NIF/DNI: _ID__NAME_; _NAME_
Informe d'alta d'hospitalització
CP	_LOCATION_
ABS	_SS_
Servei	NEUROLOGIA
Data d'alta  02.05.2017	17:00:00
_LOCATION_
_CONTACT_; _CONTACT_
DOMICIL/RES.SOC 29.04.2017
Adreça
Telèfon Procedència Data d'ingrés Atès per
	]]></text>
</Section>
<Section span_begin="477" span_end="491" id="SECCION_MOTIVO_DE_INGRESO" type="MOTIVO DEL INGRESO">
	<name><![CDATA[MOTIU D'INGRÉS]]></name>
	<text><![CDATA[
Ictus isquèmic artèria basilar i ACP
	]]></text>
</Section>
<Section span_begin="530" span_end="541" id="SECCION_ANTECEDENTES" type="ANTECEDENTES">
	<name><![CDATA[ANTECEDENTS]]></name>
	<text><![CDATA[
PERSONALS:
-	No alergias medicamentosas conegudes.
-	No hàbits tòxics.
-	Rankin previ de 1.  Vivia sola a domicili, realitza de forma independent totes les activitats bàsiques de la vida diària.
PATOLÒGICS:
-	No factors de risc cardiovascular coneguts.
-	No cardiopatia isquèmica ni arteriopatia perifèrica coneguda.
	]]></text>
</Section>
<Section span_begin="861" span_end="879" id="SECCION_TRATAMIENTO_HABITUAL" type="INFORMACIÓN SOBRE TRATAMIENTO">
	<name><![CDATA[MEDICACIÓ HABITUAL]]></name>
	<text><![CDATA[
No prenia.
	]]></text>
</Section>
<Section span_begin="892" span_end="905" id="SECCION_PROCESO_ACTUAL" type="INFORMACIÓN SOBRE LA HISTORIA ACTUAL">
	<name><![CDATA[PROCÉS ACTUAL]]></name>
	<text><![CDATA[
El dia 27/04, es vista asimptomàtica per la seva filla a les 7h. Sobre les 11:00 la propia pacient ha notat que presentava dificultat per la parla, a les 13:00 la seva filla ha contactat telefònicament amb la pacient i al notar el trastorn de la parla, l'ha a portat a _SS_. Arriben a les 14.20 i s'activa codi ictus. Es realitza una TC cranial simple que no mostra alteracions. S'explora la pacient i es detecta NIHSS de 2 per paràlisis facial i disàrtria. Es decideix que no es candidata a tractament fibrinolític  i es trasllada al nostre hospital.
A l'arribada es valorada a les 16:00 i s'ha objectivat una hemianòipsia homònima dreta, facial central dret, disàrtria moderada i una hemiparèsia lleu de MMDD (NIHSS 7). Davant l'empitjorament s'ha realitzat nou TC craneal amb angioTC amb un aspect de 10 i observan un trombus de la basil.lar i ACP (segment p1 proximal) d'aproximadament un 1 cm. Al tractar-se de territori posterior s'inicia ttm fibrinolític (bolus de 5 mg i perfussió de 44 mg) i es contacta amb hospital de referencia per valorar trombectomia mecànica.
	]]></text>
</Section>
<Section span_begin="1982" span_end="1999" id="SECCION_EXPLORACION_FISICA" type="INFORMACIÓN SOBRE LA EXPLORACIÓN FÍSICA">
	<name><![CDATA[EXPLORACIÓ FÍSICA]]></name>
	<text><![CDATA[
Exploració física a l'ingrés a la planta de Neurologia (29/04):
TA: 103/43 mmHg, FC: 91x', afebril, sat O2 100%. NRL: Vigil, desorientada en temps i espai, obeeix ordres simples, no complexes, MOE conservada, HHD per amenaça, hemiparèsia faciobraquiocrural D lleu, sensibilitat no valorable però no anestèsia. NIHSS= 0(2)002/12020/00110= 11
	]]></text>
</Section>
<Section span_begin="2343" span_end="2368" id="SECCION_EXPLORACIONES_COMPLEMENTARIAS" type="INFORMACIÓN SOBRE PRUEBAS COMPLEMENTARIAS">
	<name><![CDATA[EXPLORACIÓ COMPLEMENTÀRIA]]></name>
	<text><![CDATA[
URGÈNCIES _SS_
ECG: Rítme sinusal amb extrasistoles, QRS 120ms amb morfologia de bloqueig de branca esquerra
Informe d'alta d'hospitalització
Monitorització ECG: es detecta FA paroxística.
Analítica sanguinea a l'ingrés:
-	Hemograma: Hemoglobina 13.6 g/dL, Hematòcrit 43 %, Volum corpuscular mitjà 96.4 fL, Hemoglobina corpuscular mitja 31 pg, Plaquetes 330 K/mcL, Volum plaquetari mig 11 fL, Leucòcits 14.400 (Neutròfils 12.3 K/mcL, Limfocits 1.5 K/mcL, Monocits 0.5 K/mcL) , Coagulació: Tasa protrombina 93 %, Tasa protrombina (INR) 1.03, Temps de cefalina (TTPA) 27.7 , Segons, Temps de cefalina (ratio) 0.9, Fibrinogen (deduit) 421 mg/Dl,
-	Glucosa * 138 mg/dL, Urea * 58 mg/dL, Creatinina * 1.14 mg/dL,, Urat * 6.2 mg/dL, Proteïna 7 g/dL, Albúmina (sèrum) 4.4 g/dL, Colesterol 205 mg/dL, HDL 60 mg/dL, LDL (calcul) 125 mg/dL, Triglicèrid 102 mg/dL, Brb 0.50 mg/dL, GOT * 37 U/L, GPT * 50 U/L, GGT * 73 U/L, FA 96 U/L, LDH * 328 U/L, CK 113 U/L, Amilasa * 118 U/L,
Calci (II) 10.1 mg/dL, sodi 141 mEqu/L, potasi 4.6 mEqu/L, Troponina T hs (alta sensibili * 120.3 ng/L
TC multimodal: Presència de trombe arterial que s'estén des del "top" de la basilar fins a segment P1 proximal. L'estudi de perfusió mostra una àrea d'augment del MTT i TTP al territori superficial de l'ACP esquerra sense alteració del CBV (penombra del 100 %). Als talls de l'hemitòrax superior s'aprecien signes d'edema intersticial i opacitats en vidre desllustrat de predomini a segments declius, a valorar clínicament la possibilitat. de procés inflamatòri/infecciós.
URGÈNCIES _SS_:
-	Analítica sanguinea: Leu 19.00 (neutròfils 18.000). Resta de l'hemograma i la bioquímica sense alteracions.
-	Curva troponina: 120.3 (_SS_) --> 94--> 103 ng/L.
-	Rx tòrax: Marc òssi conservat, cardiomegàlia no valorable per Rx anteroposterior rotada, botó aòrtic calacificat, augmetn de trama bronquial amb infltrats perihiliars de clar predomini a hemitòrax dret, imatge apical dreta suggestiva de lesió crònica.
-	TC crani simple: Hiperdensidad a nivel de los vasos intracraneales en probable relación a restos de contraste yodado endovenoso de exploración previa. Pequeña hipodensidad a nivel de núcleo caudado-brazo anterior de cápsula interna sugestivo de infarto lacunar antiguo. CONCLUSIÓN: No se identifican signos indirectos de isquemia aguda.
AngioTC: Nódulo hipodenso en LTI de difícil caracterización por TC. Áreas parcheadas de vídrio deslustrado con tendencia a la confluencia en ambos ápices pulmonares de predomino en segmento posterior de LSD, asociado a engrosamiento de paredes bronquiales y septos interlobulillares, en probable relación a proceso inflamatorio/infeccioso, dado el contexto valorar la posibilidad de broncoaspiración. Oclusión de ACP izquierda a nivel de P1, sin repermeabilización distal valorable (superposición con estructuras venosas). Ateromatosis calcificada de ambas bifurcaciones carotídeas y segmentos intracavernosos. Arteria vertebral derecha con origen fetal.
-	TC cranial (28.04.2017), Control post trombolisis: Sin signos de sangrado agudo intra craneal. Sin cambios significativos respecto a estudio previo.
HOSPITALITZACIÓ _SS_:
Analítica sanguinea:
Hemoglobina * 9.6 g/dL, Hematòcrit * 30 %, Volum corpuscular mitjà 97 fL, Hemoglobina corpuscular mitja 32 pg, Plaquetes 214 K/mcL, Volum plaquetari mig 11.6 fL, Leucòcits 9.27 K/mcL, Neutròfils 7.1 K/mcL, Limfocits 1.2 K/mcL, Monocits 0.7 K/mcL, Eosinofils 0.1 K/mcL, Basofils 0.0 K/mcL, Eritroblasts-Sang 0 %, Reticulocits * 2.1 %, Reticulocits absoluts 0.065, Urea * 51 mg/dL, Creatinina * 1.19 mg/dL, Ió sodi 142 mEqu/L, Ió potasi 3.7 mEqu/L, Filtrat glomerular (CKD-EPI) * 42.3 mL/min,
Informe d'alta d'hospitalització
ESTUDIO ULTRASONOGRÁFICO (PLANTA). DUPLEX TSA: Ateromatosis carotidea, con alguna placa fibrosa, no estenosante. Bucle ICA D sin relevancia clínica. ICAs sin alteraciones hemodinámicas. AVs normales. DUPLEX TRANSCRANEAL: Estudio con contrast por VOT deficiente. No detecto estenosis/oclusión ni a nivel basilar ni de ACPs. AVs y basilar hasta 90 mm, en todo su recorrido premeable y sin alteraciones hemodinámicas. ACPs permeables, sin estenosis, con flujo en rando normal, tanto P1 como P2-P3. CONCLUSIÓN: Sin alteraciones relevantes. Basilar y P1 izda (trombo en estudios previos), sin alteraciones relevantes.
	]]></text>
</Section>
<Section span_begin="6687" span_end="6703" id="SECCION_EVOLUCION" type="INFORMACIÓN SOBRE EVOLUCIÓN">
	<name><![CDATA[EVOLUCIÓ CLÍNICA]]></name>
	<text><![CDATA[
A la seva arriba a urgències de _SS_ es repeteix angioTC que mostra recanalització de l'artèria basilar. A l'exploració neurològica presenta un NIHSS de 9 (hemianòpsia homònima dreta per amenaça, hemiparèsia dreta, llenguatge incoherent). Donada l'abscència de oclusions intraarterials no es candidata a trombectomia mecànica.
Es valorada per Medicina d'Urgències, la pacient presenta taquipnea amb desaturació a 87% i a l'aucultació es detecten roncus bilaterals. Es realitza una radiografia toràcica que mostra augment de la trama bronquialveolar a l'hemicamp dret. S'orienta com una probable broncoaspiració en el context de somnolència i vòmits. S'inicia tractament broncodilatador, corticoteràpia i cobertura antibiòtic empírica amb Augmentine 1g/8h ev. Posteriorment la pacient presenta bona evolució amb recuperació de saturació fins 100% amb VMK 50%. Es decideix sondatge vesical amb sortida de 300cc d'orina hematúrica sense coaguls. Es manté la pacient en dieta absoluta amb sueroteràpia de manteniment.
Es realitza analítica de control que mostra lleu anemització, acidosi metabòlica, leucocitosis i insuficiència renal. Es decideix trasllat al nostre centre. A l'arribada es troba estable neurològicament. S'ingressa a la Unitat d'Ictus sota monitorització semiintensiva. Durant la monitorització es detecta fibril·lació auricular amb RVM, pel que s'inicia enoxaparina a dosis anticoagulants i digoxina com a tractament frenador, pendent d'inicia sintrom avui (no se li administra).
Es repeteix Eco-doppler que mostra recanalització de l'ACP.
Com a complicacions durant l'ingrés
-	Broncoaspiració que s'ha tractat amb amoxicilna clavulànic 1g/8h. Analiticament disminució de la leucocitosis i l'elevació dels RFA. No febre. Saturació basal correcte.
-	Hematuria amb lleu anemització. Portadora de sonda vesical.
-	Síndrome confusional en tractament amb quetiapina cada 12h i haloperidol a demanda.
Es contacta amb H de zona per continuar tractament antibiòtic i rehabilitació física. El dia 02/05 es trasllada a _SS_.
	]]></text>
</Section>
<Section span_begin="8739" span_end="8750" id="SECCION_DIAGNOSTICO_PRINCIPAL" type="DIAGNÓSTICO">
	<name><![CDATA[DIAGNÒSTICS]]></name>
	<text><![CDATA[
436/5 Ictus isquèmic artèria basilar i ACP de mecanisme embòlic i etiologia cardioembòlica
427.31 Fibril·lació auricular amb tractament fibrinolític
599.71 Hematúria macroscòpica
	]]></text>
</Section>
<Section span_begin="8931" span_end="8943" id="SECCION_PROCEDIMIENTOS" type="PROCEDIMIENTO">
	<name><![CDATA[PROCEDIMENTS]]></name>
	<text><![CDATA[
TC multimodal, tractament fibrinolític.
Informe d'alta d'hospitalització
	]]></text>
</Section>
<Section span_begin="9021" span_end="9056" id="SECCION_TRATAMIENTO_AL_ALTA" type="INFORMACIÓN SOBRE TRATAMIENTO">
	<name><![CDATA[TRACTAMENT I RECOMANACIONS A L'ALTA]]></name>
	<text><![CDATA[
SILICON
DESTINACIÓ A L'ALTA:	HOSP. AGUTS/PSQ
Validat per: _NAME_	Col·legiat: _ID_
02.05.2017
Pàgina 1 de 4	]]></text>
</Section>
</ehr>