<?xml version='1.0' encoding='UTF-8'?>
<ehr id="366813396.utf8.txt">
<Section id="DEFAULT_HEADER" type="DEFAULT_HEADER" >
	<name>DEFAULT_HEADER</name>
	<text><![CDATA[
INFORME ALTA HOSPITALARIA
_NAME_
Núm. Episodi: _ID_ Núm. HC: _ID_
_SS_ _LOCATION_
_LOCATION_
Tel. _CONTACT_Adreça: _LOCATION_	C.A.P.: CAP _LOCATION_
Població: _LOCATION_	Sexe: DONA  Data naixement: _DATE_  Edat: 30a
Telèfon: _CONTACT_  C.P.: _LOCATION_	T.I.S.: _ID_   DNI/NIF: _ID_
Procedència: URGENCIAS	Data Ingrés Hospital: 24/04/2017
Servei assistencial: NEUROLOGÍA	Data Ingrés Servei: 24/04/2017
Metge Responsable: _NAME_	Data Alta:03/05/17
	]]></text>
</Section>
<Section span_begin="449" span_end="464" id="SECCION_MOTIVO_DE_INGRESO" type="MOTIVO DEL INGRESO">
	<name><![CDATA[MOTIVO CONSULTA]]></name>
	<text><![CDATA[
: código ictus.
	]]></text>
</Section>
<Section span_begin="481" span_end="504" id="SECCION_ANTECEDENTES_PERSONALES" type="ANTECEDENTES">
	<name><![CDATA[ANTECEDENTES PERSONALES]]></name>
	<text><![CDATA[
:
Alergia al Paracetamol.
No factores de riesgo vascular. Espasmo hemifacial desde el 2014.
Parálisis facial de repetición derecha desde 2014. Fibromialgia.
AF. Madre con cefalea e ictus minor a los 50 años.
	]]></text>
</Section>
<Section span_begin="715" span_end="730" id="SECCION_SITUACION_FUNCIONAL" type="ANTECEDENTES">
	<name><![CDATA[Situación basal]]></name>
	<text><![CDATA[
: independiente para las ABVD e instrumentales. Cognitivamente conservada. Laboralmente activa pero no puede ejercer su profesión por dificultad. Auxiliar de Geriatria.
	]]></text>
</Section>
<Section span_begin="901" span_end="918" id="SECCION_PROCESO_ACTUAL" type="INFORMACIÓN SOBRE LA HISTORIA ACTUAL">
	<name><![CDATA[ENFERMEDAD ACTUAL]]></name>
	<text><![CDATA[
.
Paciente de 30 años que es traída el día 24 de Abril, a urgencias activando código ictus por presentar hemiparesia facio-braquio-crural derecha sobre las 11.30h. A la exploración presentaba un NIHSS de 8. Se realizó TC cerebral simple y multimodal a las 12.20h dónde se descartó proceso isquémico con lo que se desactivó fibrinolisis.
La paciente comenta que este episodio lo había presentado con anterioridad, notando como sensación de hormigueo en la hemicara derecha junto con parálisis facial y que se extendía por el brazo ipsilateral pero la semana pasada notó como perdió la fuerza de la pierna derecha. Al principio explica una sensación de pesadez y hormigueo en dicha pierna pero pudiendo deambular con dificultad, al cabo de unas horas, ya nota imposibilidad para su movilización, recuperando parcialmente en los 3 días siguientes.
Refiere que previamente a estos episodios, siempre presenta un dolor punzante intenso de dos días de duración que se acompaña de sonofobia y leve fotofobia mejorando con DZP y descanso. Estas cefaleas las presenta desde la adolescencia y no refiere factor desencadenante.
	]]></text>
</Section>
<Section span_begin="2039" span_end="2057" id="SECCION_EXPLORACION_FISICA" type="INFORMACIÓN SOBRE LA EXPLORACIÓN FÍSICA">
	<name><![CDATA[EXPLORACIÓN FÍSICA]]></name>
	<text><![CDATA[
: EO.
Buen estado general. Bien hidratada y perfundida. Normocoloreada de piel y mucosas. Eupneica en reposo. ACR. Tonos cardiacos rítmicos a buena frecuencia sin soplos ni extratonos. Buen murmullo vesicular sin ruidos patológicos sobreañadidos.
E. NRL:
Buen nivel de vigilancia. Orientada en las 3 esferas. Lenguaje normal. Campimetria por confrontación normal. Motilidad ocular normal. Mínima paresia facial inferior derecha (1). Anestesia frontal derecha (previa).
Hipoestesia facio-braquio-crural derecha (2). Claudicación del MSD sin pronación y de forma simétrica. Claudicación del MID con fuerza 3/5 (3) . No dismetria dedo-nariz. NIHSS 6
	]]></text>
</Section>
<Section span_begin="2705" span_end="2734" id="SECCION_EXPLORACIONES_COMPLEMENTARIAS" type="INFORMACIÓN SOBRE PRUEBAS COMPLEMENTARIAS">
	<name><![CDATA[EXPLORACIONES COMPLEMENTARIAS]]></name>
	<text><![CDATA[
:
En urgencias:
Analítica urgencias:
-	hemograma: normalidad de las 3 series sanguíneas.
-	BQ: glucosa, ionograma, creatinina, urea y FG dentro de la normalidad.
-	Coagulación normal.
TC cráneo simple: Estructures de la línia mitja no desplaçades. Cisternes perimesencefàliques i de la base no obliterades. Sistema ventricular i solcs de la convexitat de mida i morfologia normals en relació a l'edat de la pacient. Lesió subcortical frontal esquerre, a regió opercular del gir frontal inferior, d'aproximadament 7 mm, sense canvis respecte RM prèvia del 28/09/2016. No presenta realç de contrast (visualitzat a l'estudi angio-TC). No s'observen alatres alteracions tomodensitomètriques valorables al parènquima cerebral ni cerebel.lós.
No hi ha imatges de sagnat. ASPECT basal de 10.
TC-perfusió: S'administra contrast endovenós per estudi de perfusió cerebral. No s'observa alteració de la perfusió en el territori estudiat (centrat a ganglis basals).
Angio-TC: Estudi vascular des de la crossa de l'aorta fins a la convexitat cerebral. Correcta permeabilitat d'artèries vertebrals, d'artèries caròtides comuns, artèries caròtides internes, artèries cerebrals mitges, cerebrals anteriors, tronc basilar i artèries cerebrals posteriors. Hipoplàsia d'artèries comunicants posteriors. L'artèria comunicant anterior sembla present, no dilatada. No veig dilatació aneurismàtica capaç de ser detectada mitjançant aquesta tècnica. ASPECT amb contrast de 10. Com a troballa incidental s'observa un nòdul tiroïdal dret hipocaptant de 6 mm.
En planta de neurología:
Analítica de estudio:
-	hemograma: normalidad de las 3 series sanguíneas
-	BQ: glucosa, creatinina, urea, ionograma normal. Proteinas 57.
-	Perfil lipídico; TG 119, LDL 112, HDL 30, colesterol total 166.62mg/dl.
-	Hormonas tiroideas normales.
-	Perfil hepático: normal
-	HbA1c: 4.9%
Estudio de LCR:
-	BQ: glucosa 60, proteinas 0.22mg/dl, 1 leucocitos.
-	Cultivo: pendiente de resultados.
-	Tinción Gram negativo.
-	BOC: pendiente de resultados.
-	Citología pendiente de resultados.
RMN cerebral con/sin contraste: Estructuras de la linea media no desplazadas Sistema ventricular de tamaño y configuración normal. Cisternas perimesencefálicas y de la base no obliteradas. Polígono de Wills y tronco vértebro-basilar permeables. Preservación de la diferenciación entre la sustancia blanca y la sustancia gris cerebral. + Se descarta malformación de la unión craneo-cervical. No hay cambios en la medida ni en el comportamiento de las dos lesiones descritas en la RM del 2015. La más grande de localización subcortical fronto-temporal izquierdo y la más pequela parietal subcortical de la sustancai blanca. No se realza con contraste. No hay nuevas lesiones. Tampoco hay cambios en el contraste en el resto del cráneo Dada la edad del paciente y el antecedente del paciente podría estar relacionada con lesiones desmielinizantes. Cuerpo calloso normal. Unión cráneo-cervical normal. Fosa posterior y tronco sin alteraciones significativas. Hipoplasia de comunicantes posteriores.
	]]></text>
</Section>
<Section span_begin="5776" span_end="5785" id="SECCION_EVOLUCION" type="INFORMACIÓN SOBRE EVOLUCIÓN">
	<name><![CDATA[EVOLUCIÓN]]></name>
	<text><![CDATA[
:
Paciente de 30 años ingresada por cuadro progresivo de síndrome sensitivo motor derecho posterior a cefalea punzante de varios días de duración que se acompaña de sono-fotofobia. Ha presentado con anterioridad cuadro similar con recuperación posterior en 3 días, también posterior a cefalea hemicraneal derecho.
Durante su estancia en planta de neurología ha ido mejorando la clínica neurológica con la que ingreso, observando una claudicación de MSD y disminución de fuerza en MID posiblemente agravado por cuadro conversivo asociado. No ha presentado nuevo episodio de cefalea hemicraneal ni de nuevo cuadro deficitario motor.
No ha presentado ninguna complicación durante su ingreso. Se ha realizado una RMN cerebral con contraste para valorar y descartar lesiones desmielinizante agudas y filiar lesión crónica a nivel parietal izquierda ya observada en estudios de neuroimagen posteriores. No se observa nueva lesión en parenquima. Se realiza punción lumbar sin incidencia con líquido de aspecto incoloro y con BQ normal, aunque sigue pendiente de citología y BOC.
Dado los resultados de las pruebas complementarias y la aparición de la focalidad sensitivo-motora posterior al cuadro de cefalea con caracteríticas migrañosas, se trataría de una migraña hemiplejica esporádica dado que no presenta familiares con clínica similar aunque si cefalea por parte de su madre.
Al alta la paciente presenta estabilidad hemodinámica y a nivel neurológico, se observa una claudicación en MSD y MID mínima desproporcionada a la fuerza, hipoestesia del hemicuerpo derecho.
Se le indica al alta, realizar calendario de cefaleas y episodios para valorar introducción de tratamiento preventivo y sintomático con triptanes según evolución en consultas externas. Se de daran resultados de LCR pendiente en consultas.
	]]></text>
</Section>
<Section span_begin="7595" span_end="7618" id="SECCION_DIAGNOSTICO_PRINCIPAL" type="DIAGNÓSTICO">
	<name><![CDATA[ORIENTACIÓN DIAGNÓSTICA]]></name>
	<text><![CDATA[
Migraña hemiplejia esporádica probable.
	]]></text>
</Section>
<Section span_begin="7661" span_end="7672" id="SECCION_TRATAMIENTO_HABITUAL" type="INFORMACIÓN SOBRE TRATAMIENTO">
	<name><![CDATA[TRATAMIENTO]]></name>
	<text><![CDATA[
:
Enantyum 25mg si dolor de cabeza
Acudir a consultas externas de Neurología en 2 meses con calendario de migraña. Atentamente,
Firmado:
Dr/a.: _NAME_
Metge adjunt - Neurologia Número col·legiat: _ID_
Hospitalització
Imprès: 03/05/2017 14:36
Pàg.: 1 de  3	]]></text>
</Section>
</ehr>