<?xml version='1.0' encoding='UTF-8'?>
<ehr id="367025079.utf8.txt">
<Section id="DEFAULT_HEADER" type="DEFAULT_HEADER" >
	<name>DEFAULT_HEADER</name>
	<text><![CDATA[
HOSPITALIZACIÓN DOMICILIARIA HDOM SALA HOSP. DOMICILIARIA
_NAME_	NHC: _ID_
Sexo/Sexe: Fem.	Fecha nac./Data naix.: _DATE_	Edad/Edat: 73 años
Dirección/Adreça: _LOCATION_	3 1	CP: _LOCATION_
Municip. (Prov.): _LOCATION_  ABS:_SS_		Tel.:_CONTACT_
As.: SERVEI CATALA DE LA SALUT	CIP: _ID_	NASS: _ID_
Nº epis.: _ID_	Tipo/Tipus: HOSPIT.	Inici.: 09.04.2017
Serv: ATENCIÓ INTEGRADA	UO Enf.: HDOM SALA HOSP. DOMICILIARI Hora: 12:05:45
Facult. de ref.: _NAME_
Proced.: Urg. Hospit.	Dest.: Dom. Familiar Fecha/Data: 09.04.2017
Diag.:
Proc.:
INFORME ALTA ENFERMERÍA / INFORME ALTA INFERMERIA
Respiración/Respiració: Normal	Vestirse/Vestir-se: Autónomo Alimentación/Alimentació: Come sólo	Elim. Fecal: Continente Movilidad/Mobilitat: Autónomo	Elim. orina: Continente
Higiene: Autónomo	Nivel cognitivo/Nivell cognitiu: Orientado Piel/Pell: Normal
Conclusiones / Conclusions
Paciente ingresada en el Servicio de Neumología  el día 8/4/17 procedente de Urgencias por tos , fiebre termometrada, vómitos y desorientación.
La Unidad de Atención Integrada evalúa a la paciente y se incluye en el programa de Hospitalización a Domicilio el día 9/4/17 con el diagnóstico de Neumonia bilateral  .
	]]></text>
</Section>
<Section span_begin="1186" span_end="1210" id="SECCION_DIAGNOSTICOS_SECUNDARIOS" type="OTROS DIAGNÓSTICOS">
	<name><![CDATA[Diagnósticos secundarios]]></name>
	<text><![CDATA[
: 1. HTA
2.	DMII
3.	HIPOACUSIA POR OTOSCLEROSIS HERENCIA GENETICA
4.	BRONQUIECTASIAS (segun refiere la hija). Índice de Charlson modificado por edad 4
	]]></text>
</Section>
<Section span_begin="1361" span_end="1381" id="SECCION_TRATAMIENTO_HABITUAL" type="INFORMACIÓN SOBRE TRATAMIENTO">
	<name><![CDATA[Tratamiento habitual]]></name>
	<text><![CDATA[
: Tegretol 200 mg 1-1,5-0, metformina 850mg 0-0,5-0,5, pritor plus 80/12,5 1 comp c/24h vo; Cardyl 40 mg 1/2 comp c/24h vo; Omeprazol 20 mg c/24h vo; Vimpat 100 mg c/12h vo; Formodual 2 inh c/12h ; Salbutamol s/p
No presenta dificultades para tomar el tratamiento pautado de 8 pastillas.  Se identifica a la paciente como buena cumplidora de tratamiento  según el test de Morinsky-Green
Evaluación del paciente al ingreso en HDOM: Se trata de una mujer de 74 años de edad. Sin hábitos tóxicos. Ingesta de liquidos de 4 vasos al día. Realiza dieta diabética. IMC (Índice de masa corporal): 35,38 ( obesidad tipo 2). Independiente para las actividades básicas de la vida diaria con un índice de Barthel de
100. Vive con su esposo . La paciente conoce  el nombre de sus patologías crónicas y  los signos y síntomas de alarma que aparecen cuando ésta empeora y como actuar.
En los últimos  12 meses la paciente  no ha realizado	visitas al Servicio  de Urgencias y ni ingresos
hospitalarios. Mantiene contacto con su equipo de Atención Primaria de referencia al que acude cuando necesita ser visitada Calidad de vida:Cuestionario SF-36 Estado Físico 36,27, Estado Mnetal 49,54
Intervención durante la HDOM
Observaciones / Observacions
Paciente que durante el ingreso en Hospitalización a Domicilio ha mantenido constantes vitales estables. Saturación de Oxígeno con lentillas nasales a 2l por minuto 97% y al alta de 94% basal. Afebril durante el ingreso. Se retira oxigenoterapia domiciliaria al alta. Se contacta con la empresa suministradora para retirar equipos # Al ingreso se observan crepitantes a la auscultación pulmonar presentando al alta Murmullo vesicular disminuído. En la auscultación cardíaca se aprecian tonos fuertes y rítmicos.
El grado de disnea (MRC) al ingreso fue de 2-3 Presentando al alta un MRC de 2 recuperando su condición basal . No se observa presencia de cianosis labial ni distal. Durante el ingreso la paciente ha presentado tos no productiva, en el momento del alta no presenta tos.
La ingesta alimenticia ha sido correcta y bien tolerada. Ingesta de líquidos de 1,5 litros al día que se mantiene durante el ingreso . Diuresis correcta con orina clara, la paciente ha presentado prurito vaginal y se pautó canestén. Ritmo deposicionalhabituoal.
La paciente  ha deambulado por el domicilio de forma correcta.No ha presentado dolor durante el ingreso. Ha realizado controles de glicemia capilar antes de cada comida y se ha corregido con la administración de insulina rápida.
Ha realizado terapia nebulizada con (salbutamol e ipratropio bromuro )c/ 6-8 horas durante 5 días. La paciente y/o la familia realiza correctamente la preparación y administración de la medicación nebulizada Se retira nebulizador al alta.
Ha precisado terapia inhalada con fármacos Formodual sistema Genuair..Evaluada técnica inhalada con el sistema anteriormente mencionado que la paciente no realizaba correctamente(no hacía la apnea posterior). Tras la corrección de dichos errores la paciente continua necesitando revisión de la técnica en los pasos de apnea posterior.
Se ha administrado Metilprednisolona 40mg ev durante 3 días, continuando con prednisona oral en pauta descendente. Se ha administrado tratamiento antibiótico endovenoso con Ceftriaxona ev durante 4 días, continuando con antibiótico oral.
Durante el ingreso se ha realizado: - Analíticas de control ( ver resultado en informe médico) Se ha realizado educación terapéutica  mediante entrega de material educativo sobre :
-	Manejo y preparación de medicación nebulizada - Técnica terapia inhalada - Material comorbilidad: diabetes, hipertensión
	]]></text>
</Section>
<Section span_begin="5006" span_end="5031" id="SECCION_TRATAMIENTO_AL_ALTA" type="INFORMACIÓN SOBRE TRATAMIENTO">
	<name><![CDATA[Tratamiento Farmacológico]]></name>
	<text><![CDATA[
:
-	No olvide tomarse la medicación en las dosis y horarios que le hemos recomendado. - Tienee pautado
?cortisona? tomela siempre por la mañana y disminuya la dosis tal y como se le indica. - Terapia inhalada: Utilice los inhaladores en el orden adecuado. Tome como referencia el horario de las comidas. Recuerde llevar siempre encima el inhalador de rescate. - No olvide realizar la higiene bucal. Se recomiendan enjuagues con agua o antiséptico tipo oraldine tras las inhalciones, para elimienar los restos de medicación y prevenir la aparición de hongos.
Tratamiento no farmacológico:
-No olvide revisar periódicamente el material educativo, especialmente aquellos apartados que hemos trabajado con usted, le pueden ser de gran ayuda.
-	No fume ni consuma alcohol. Siga las pautas que le hemos recomendado/no deje el tratamiento (parches). Acuda a su centro de Atención Primaria para el control y seguimiento del tratamiento para dejar de fumar.
-	Aconsejamos una dieta equilibrada y variada. Mantenga un peso adecuado.
-	Beba como mínimo 2 litros de líquidos al día (8 vasos): agua, zumo, infusiones...si no está contraindicado.
-	Camine cada día y vaya aumentando la distancia recorrida según tolerancia?..
-	
-	En caso de fiebre (de más de 38ºC), dolor en pecho a pesar de la  analgesia pautada o dificultad respiratoria contacte con su equipo habitual.
Seguimiento al alta:
-	En el momento del alta, recomendamos que usted sea controlado por el equipo de Atención primaria, el cual ya dispone de la información referente al ingreso hospitalario.
-Recuerde que tiene una visita programada para el dia 16/05/2017 en CCEE de Pneumología.
-Si a pesar del tratamiento pautado y las medidas que le recomendamos, usted no mejora, contacte con el equipo que lo atiende.
Firma/Signatura: _NAME_	Firma/Signatura: _NAME_ Infermer/a	Infermer/a
Nº Matrícula HCP: _ID_	Nº Matrícula HCP: _ID_
Fecha/Data Informe: 18.04.2017
Hora Informe: 00:00:00
Docum.: _ID_
Hist. Clínica: _ID_
El _SS_ ha incorporado sus datos al Fichero de Pacientes, para tratarlos con fines sanitarios.
Puede ejercer sus derechos de acceso, rectificación, cancelación y oposición, así como obtener mas información en la Unidad de Atención al Cliente.
Vers. 00
Pag. 2 de
3
	]]></text>
</Section>
<Section span_begin="7277" span_end="7283" id="SECCION_PROCESO_ACTUAL" type="INFORMACIÓN SOBRE LA HISTORIA ACTUAL">
	<name><![CDATA[Episod]]></name>
	<text><![CDATA[
.: _ID_
_SS_ ha incorporat les seves dades al Fitxer de Pacients, per a tractar-los amb finalitats sanitàries. Pot exercir els seus drets d'accés, rectificació, cancel·lació i oposició, i obtenir més informació a la Unitat d'Atenció al Client.
_SS_
_LOCATION_) _LOCATION_) Tel. _CONTACT_ Fax _CONTACT_
http://_CONTACT_/	]]></text>
</Section>
</ehr>