<?xml version='1.0' encoding='UTF-8'?>
<ehr id="367445344.utf8.txt">
<Section id="DEFAULT_HEADER" type="DEFAULT_HEADER" >
	<name>DEFAULT_HEADER</name>
	<text><![CDATA[
_LOCATION_ Tel. _CONTACT_
_CONTACT_
Informe Alta Hospitalització
_NAME_
HC: _ID_
>
Informe de Cuidados Intensivos
Adreça: _LOCATION_	Data naix.: _DATE_
Població: _LOCATION_	Sexe: MASCULI
Provincia: _LOCATION_	CIP: _ID_
País: _LOCATION_	NASS: _ID_
Telèfon: _CONTACT_ / _CONTACT_	DNI o Tarja Residència: _ID_
Servei: Medicina Intensiva	Data ingrés a URG: 02/05/2017 22:17
Unitat clínica: Medicina Intensiva	Data hospitalització: 03/05/2017 00:00
	]]></text>
</Section>
<Section span_begin="450" span_end="464" id="SECCION_TIPO_DE_INGRESO" type="TIPO DE INGRESO">
	<name><![CDATA[Tipus d'ingrés]]></name>
	<text><![CDATA[
: Urgències	Data alta: 04/05/2017 12:30
Proveïdor de Serveis: Servei Català de la Salut	Destí: 11 - Defunció
	]]></text>
</Section>
<Section span_begin="576" span_end="596" id="SECCION_DIAGNOSTICO_PRINCIPAL" type="DIAGNÓSTICO">
	<name><![CDATA[Diagnòstic principal]]></name>
	<text><![CDATA[
:
434.91 AVC ISQUEMIC
	]]></text>
</Section>
<Section span_begin="620" span_end="642" id="SECCION_DIAGNOSTICOS_SECUNDARIOS" type="OTROS DIAGNÓSTICOS">
	<name><![CDATA[Diagnòstics Secundaris]]></name>
	<text><![CDATA[
:
401.9 HTA
	]]></text>
</Section>
<Section span_begin="656" span_end="668" id="SECCION_PROCEDIMIENTOS" type="PROCEDIMIENTO">
	<name><![CDATA[Procediments]]></name>
	<text><![CDATA[
:
87.03 TAC CRANIAL
99.10 FIBRINOLISI
Pacient de 73 anys d'edat que ingressa per AVC ISQUÈMIC ACM ESQUERRE
	]]></text>
</Section>
<Section span_begin="782" span_end="793" id="SECCION_ANTECEDENTES" type="ANTECEDENTES">
	<name><![CDATA[Antecedents]]></name>
	<text><![CDATA[
:
Malalties prèvies:
HIPERTENSIÓ ARTERIAL (En tractament amb múltiples fàrmacs) HIPERPLASIA DE PROSTATA
COLELITIASI DIVERTICULOSI COLO.
Antecedents neonatals, obstètrics i quirúrgics:
AMIGDALECTOMIZAT APENDICECTOMIA
SINDROME SUBACROMIAL TIPUS III
MENISCECTOMIA (derecha) SEPTOPLASTI.
Al·lèrgies:
El pacient no presenta al·lèrgies conegudes.
Hàbits tòxics:
No hábitos tóxicos de interés
Medicació prèvia:
Valsartan/ hidroclorotiazida 160/25mg 1c/ 12h, Atenolol 50mg 1c/ 24h, Boi K 1c/ 48h, Betmiga 50mg 1c/ 24h, Tamsulosina 0.4mg 1c/ 24h, Flatoril 1c/12h, Voltaren 50mg 1c/ 24h, Omeprazol 20mg 1c/ 24h
Antecedents socials i professionals:
	]]></text>
</Section>
<Section span_begin="1444" span_end="1469" id="SECCION_ANTECEDENTES_PERSONALES" type="ANTECEDENTES">
	<name><![CDATA[Antecedents professionals]]></name>
	<text><![CDATA[
: Jubilado (Minería)
	]]></text>
</Section>
<Section span_begin="1491" span_end="1506" id="SECCION_PROCESO_ACTUAL" type="INFORMACIÓN SOBRE LA HISTORIA ACTUAL">
	<name><![CDATA[Història Actual]]></name>
	<text><![CDATA[
:
Pacient de 73 anys d'edat que ingresa per CODI ICTUS.
Es tracta d'un pacient que ahir presenta a les 21.10h i de forma brusca afàsia global, amb hemiplègia F-B-C dreta. A l'arribada del SEM pacient amb tendència a la hipertensió.
A l'arribada a urgències (22.17h) presenta NIHSS 19, amb afàsia global, estuporós, hemiparèsia F-B-C dreta, pel que s'activa codi ICTUS (22.17h). Es realitza TAC crani/angioTAC/ TAC perfusió que mostra la presència d'infart establert a nivell de la ACM esquerre, amb absència de missmatch significatiu.
Pacient sense contraindicacions per a l'administració de rTPA, pel que s'informa a la familia de la situació del pacient, i del risc que suposa el tractament fibrinolític en la situació clínica del pacient, que accepten i signes consentiment.
Es comenta amb la unitat de semicrítics, decidint-se ingrés per a monitorització i control.
	]]></text>
</Section>
<Section span_begin="2381" span_end="2398" id="SECCION_EXPLORACION_FISICA" type="INFORMACIÓN SOBRE LA EXPLORACIÓN FÍSICA">
	<name><![CDATA[Exploració física]]></name>
	<text><![CDATA[
:
TA 206/80
Afasia mixta i estuporos hemiparesia Dreta 4/5, hemianopsia bilateral. NIHSS: 19
	]]></text>
</Section>
<Section span_begin="2493" span_end="2527" id="SECCION_EXPLORACION_FISICA_DURANTE_HOSPITALIZACION" type="INFORMACIÓN SOBRE LA EXPLORACIÓN FÍSICA">
	<name><![CDATA[Exploració física a l'ingrés a UCI]]></name>
	<text><![CDATA[
TA 216/110, FC 60 bpm, SpO2 98% (VMK 28% 4L/min)
AC: TCR, no bufs ni frecs. Polsos perifèrics simètrics i palpables. No edemes a MMII ni signes de TVP. AR: MVC sense sorolls sobreafegits
ABD: tou i depressible. No palpo masses ni megàlies. No dolorós a la palpació ni signes d'irritació peritoneal. Peristaltisme preservat.
NRL: pacient conscient, estuporós. Difícil exploració per afàsia global. Pupil.les isocòriques i normoreactives. Hemiplègia F-B-C dreta.
Resum proves complementàries:
Laboratori:
- A/S: Leucòcits 10.82 x 10^9/L (N *89.9 %, L *7.9 %), Hematies 4.58 x 10^12/L, Hb 139 g/L, Ht *0.4 L/L, VCM 87.1 fL, HCM 30.3 pg, Plaquetes 206 x 10^9/L, TP 1.01 ratio, TTPa 0.72 ratio, Glucosa *155 mg/dL, Urea 47 mg/dL, Creatinina 0.94 mg/dL, Sodi 144 mEq/L
Imatge:
- TAC (02.05) cranial/ angioTAC/ perfusió:
Examen TC intracranial simple: Àrea hipodensa cortico subcortical amb esborrament dels solcs parieto temporal i insular posterior esquerra. Discret esborrament dels solcs de la convexitat frontal esquerra. Abs ència de desplaçaments d'estructures de línia mitja supra i infratentorials.
No lesions hemorràgiques intra ni extraparenquimatoses. Discreta dilatació global i simètrica del sistema ventricular, valls silvians i solcs corticals de la convexitat. Cisternes basals i peritronculars lliures. Discreta afectació difusa de substància blanca periventricular i d'ambdós centres semiovals, que tradueix procés de reblandiment parcial/desmielinització de característiques senils i/o secundàries a hipòxia hipoperfusió subcortical crònica.
Angio TC: TSA normoposicionats. Eixos carotidis i vertebrobasilars permeables i sense estenosis significatives. ACAs, ACMs i ACPs sense oclusions de gran vas. Hipoplàsia/aplàsia del segment A1 de l'ACA dreta. Origen fetal de l'ACP dreta. Imatge lítica de vores escleròtiques al hemicós dret de C6.
TC Perfusió: Àrees cortico subcorticals d'allargament del time to drain i del mean transit time a les regions parieto temporal i frontal esquerres, amb disminució tant del flux com del volum, malgrat s'identifica alguna àrea de volum preservat frontal esquerra.
*** Conclusió: Infart agut establert de l'ACM esquerra. ASPECTS de 6. No hi ha missmatch significatiu. Estudi angio TC sense evidència de oclusió de gran vas. Signes difusos de discreta atròfia cerebral i discreta leucoencefalopatia hipòxica
- TAC cranial (03.05): Extens hematoma intraparenquimatòs frontal esquerre, de 4 x 5,6 x 3cm (anteroposterior x ample x alçada), amb desplaçament de les estructures de la linia supratentorial de 12mm, colapse del sistema ventricular ipsilateral i del III ventricle, dilatació del ventricle contralateral, i important efecte de massa sobre les estructures veïnes.
Extensa hipodensitat focal cortico subcortical temporo parieto frontal esquerre, amb contaminació hemà tica dels espais subaracnoïdals frontotemporals bilaterals i parietals drets, del vall silvià esquerre, i de les banyes occipitals bilaterals.
Fossa posterior i parènquima cerebral sense altres alteracions morfològiques ni densitomètriques valorables.
Conclusió: Extens infart isquèmic agut en el territori superficial de l'ACM esquerre, amb hematoma intraparenquimatòs frontal esquerre, contaminació intraventricular i dels espais subaracnoïdals frontotemporals bilaterals i parietals drets, del vall silvià esquerre, i amb important efecte de massa, amb signes de herniació subfalcial i uncal descendent.
Altres proves:
- ECG: ritme sinusal a 66 bpm. PR 200mseg. No alteracions de la repolarització.
Evolució i comentaris:
Pacient que ingressa per AVC isquèmic d'ACM esquerre, amb NIHSS inicial 19. Es decideix realitzar tractament fibrinolític.
Durant l'ingrés el pacient presenta tendencia a la hipertensió de difícil control, i empitjorament del nivell de consciència fins a presentar coma. Es completa estudi amb TAC de crani que objectiva extens infart isquè mic agut en el territori superficial de l'ACM esquerre, amb hematoma intraparenquimatòs frontal esquerre, contaminació intraventricular i dels espais subaracnoïdals frontotemporals bilaterals i parietals drets, del vall silvià esquerre, i amb important efecte de massa, amb signes de herniació subfalcial i uncal
descendent.
Donada l'evolució clínica i les troballes del TAC s'informa a la familia de mal pronòstic vital per imposibilitat de tractament actiu. Donat el dany neurològic irreversible es realitza entrevista previa per donació d'òrgans. La familia accepta la donació pel que es realitza intubació no terapèutica amb l'objectiu de la donació.
Es realitza DTC que objectiva fluxe sistolitzat. Pendent d'exploració clínica de mort encefàlica.
El pacient evoluciona a mort encefàlica. El 04.05 a les 12:30h conjuntament amb Neuròleg de guàrdia (Dra. _NAME_) es realitza exploració clínica completa: reflexe pupilar, corneal, oculocefàlic,oculovestibular, nàuseos, tusígen ,test atropina i test de l'apnea. S'objectiva abolició de tots els reflexes de tronc pel que es confirma la mort encefàlica.
Posteriorment s'inicia el procés de donació d'òrgans.
_LOCATION_, 04/05/2017
_NAME_	_NAME_
(Nº col _ID_)	(Nº col _ID_
Nom i cognoms metge: _NAME_ (Nº col: _ID_Pàg.: 1/4	]]></text>
</Section>
</ehr>