<?xml version='1.0' encoding='UTF-8'?>
<ehr id="370238022.utf8.txt">
<Section id="DEFAULT_HEADER" type="DEFAULT_HEADER" >
	<name>DEFAULT_HEADER</name>
	<text><![CDATA[
_LOCATION_ Tel. _CONTACT_
e-mail: _CONTACT_
Nº Història Clínica: _ID_
Cognoms, Nom: _NAME_
NºEpisodi: _ID_
CIP: _ID_
Sexe: Home
Data de Naixement: _DATE_   Edat: 56 Anys
NIF/DNI: _ID_Dra _NAME_, Dra _NAME_, Dra _NAME_, Dr _NAME_, Dra _NAME_
Informe d'alta d'hospitalització
15:00:00
NEUROLOGIA
12.05.2017
_LOCATION_
CP
ABS
Servei Data d'alta
_LOCATION_
_CONTACT_; _CONTACT_
DOMICIL/RES.SOC 05.05.2017
Adreça
Telèfon Procedència Data d'ingrés Atès per
	]]></text>
</Section>
<Section span_begin="454" span_end="468" id="SECCION_MOTIVO_DE_INGRESO" type="MOTIVO DEL INGRESO">
	<name><![CDATA[MOTIU D'INGRÉS]]></name>
	<text><![CDATA[
Hematoma ganglio basal derecho
	]]></text>
</Section>
<Section span_begin="501" span_end="512" id="SECCION_ANTECEDENTES" type="ANTECEDENTES">
	<name><![CDATA[ANTECEDENTS]]></name>
	<text><![CDATA[
Paciente varón de 56 años, no alergia medicamentosa conocida, no tabaquismo, enol. Independiente para actividades básicas vida diaria, escala Rankin 0.
-	Hipertensión arterial en tratamiento con 3 fármacos hipotensores y controles irreegulares.
-	Hematoma ganglio basal derecho el año 2007 que cursó con hemiparesia izquierda atribuido a causa hipertensiva, ingresó en _SS_, refiere recuperación ad integrum (no dispone informe).
-	Hiperplasia de próstata
	]]></text>
</Section>
<Section span_begin="972" span_end="990" id="SECCION_TRATAMIENTO_HABITUAL" type="INFORMACIÓN SOBRE TRATAMIENTO">
	<name><![CDATA[MEDICACIÓ HABITUAL]]></name>
	<text><![CDATA[
Amlodipino 10mg 1comp/24h, Olmetec 40mg/25mg 1comp/24h.
	]]></text>
</Section>
<Section span_begin="1048" span_end="1061" id="SECCION_PROCESO_ACTUAL" type="INFORMACIÓN SOBRE LA HISTORIA ACTUAL">
	<name><![CDATA[PROCÉS ACTUAL]]></name>
	<text><![CDATA[
El 04.05.2017 sobre las 15h presenta debilidad hemicuerpo izquierdo de forma brusca durante el trabajo, con caída secundaria. Mejoría parcial por lo que no consulta, por persistencia/empeoramiento de la clínica, decide acudir a urgencias sobre las 21h (a pesar de no tratarse de un código ictus se ponen en contacto con nosotros desde el SEM), llegando sobre las 23:00 horas
	]]></text>
</Section>
<Section span_begin="1438" span_end="1455" id="SECCION_EXPLORACION_FISICA" type="INFORMACIÓN SOBRE LA EXPLORACIÓN FÍSICA">
	<name><![CDATA[EXPLORACIÓ FÍSICA]]></name>
	<text><![CDATA[
FC	49 bpm
Tªaxi 36.0 ºC
FR	rpm Tªrec  ºC
TA s	126 mmHg SAT O2 97 %
TA d   86 mmHg Pes Kg
Exploración neurológica: Conciente, orientado, disartrico, paresia facial derecha resto pares craneales conservados, no afectación campimetrica, obedece órdenes sencillas y complejas,  discreta preferencia oculocefálica a la derecha, paresia braquial izquierda de predominio distal 4-/5 y crural 4/5, hemihipoestesia faciobraquiocrural izquierda, no rueda dentada
NIHSS (0.0.0)0.0// 2(0.2)(0.2)//0.2.2.0.0= 10
Exploración sistémica: auscultación cardíaca con tonso regulares sin soplo, auscultación respiratoria con murmullo vesicular conservado sin ruidos sobreañadidos. Abdomen blando y depresible,  no doloroso a la palpación, no se palpa megalia, peristaltismo conservado. No edema ni signos de trombosis venosa profunda en extremidades inferiores.
	]]></text>
</Section>
<Section span_begin="2302" span_end="2327" id="SECCION_EXPLORACIONES_COMPLEMENTARIAS" type="INFORMACIÓN SOBRE PRUEBAS COMPLEMENTARIAS">
	<name><![CDATA[EXPLORACIÓ COMPLEMENTÀRIA]]></name>
	<text><![CDATA[
Analíticas:
Informe d'alta d'hospitalització
Urgente (04.05.2017): Hematologia Leucocitos 7200 /µL, (N 46,8 % / L 34,7 / M 11,1 / E 6,8 / B 0,6), Htíes
4,73 mill/µL, Hb 14,9 g/dL, Hcto 43,9 %, VCM 92,9 fL, Plaquetes 170000 /µL, TP 87 %, INR 1,11 sg, TP ratio 1,11,
TTPA 33,3 sg, TTPA ratio 1,07, Fibrinógeno 279 mg/dL. Bioquimica Glucosa 140 mg/dL, Urea 48,9, Creatinina
0,97, Na 142,8 mmol/L, K 3,4, Prot-C reactiva 1,1 mg/L.
Ingreso (08:05.2017): Hemograma leucocitos 6100 (N 51,9%, L 31,6%, M 9,1%), Hb 15,1g/dL, Hto 43,1%, plaquetas 159.000. Hemostasia: TP 93%, fibrinógeno 388mg7dL, TTPA 32,9seg. Bioquímica: glucosa 120mg/dL, HbA1c 5,7%, proteína 60mg7dL, urea 25mg/dL, urato 5,5mg7dL, Ca 7,9mg/dL, P 2,7mg/dL, Na 140,7mmol/L, K 3,28mmol/L, Cl 108,9mmol/L, FA 69U/L, ALT 9U/L, GGT 134U/L, CK 99U/L, PCR 2mg/L. Perfil lipídico: TG 207mg7dL,   colesterol   191mg/dL,   HDL   48,4mg/dL,  LDL   101mg7dL.   Proteinograma  sin   alteración.  TSH 2.598mcUI/mL.
Electrocardiograma: ritmo sinusal a 60lpm, QRS estrecho, no alteración de repolarización.
Radiografía de tórax: no se observa condensación ni derrame pleural.
TC craneal urgente (04.05.2017): Hemorragia aguda cápsula talámica derecha de 20x22x28mm de ejes APxLLxCC respectivamente con área hipodensa perilesional compatible con hematoma agudo de ganglios basales. Infartos isquémicos lacunares crónicos de ganglios basales bilaterales. Hipodensidad en hemiprotuberancia izquierda que podría estar en relación con lesión isquémica lacunar crónica.
	]]></text>
</Section>
<Section span_begin="3845" span_end="3861" id="SECCION_EVOLUCION" type="INFORMACIÓN SOBRE EVOLUCIÓN">
	<name><![CDATA[EVOLUCIÓ CLÍNICA]]></name>
	<text><![CDATA[
Paciente varón de 56 años con antecedentes de hipertensión y hematoma ganglio basal derecho de probable causa hipertensiva hace 9 años que acude por hemiparesia de extremidades izquierdas de instauración brusca. Exploración neurológica destaca hemiparesia y hemihipoestesia facio-braquiocrural izquierdas (NIHSS= 6).
Hipertenso, ECG en ritmo sinusal, analítica urgente no muestra alteración. En la TC craneal urgente hemorragia aguda cápsula talámica derecha sin desplazamiento de línea media ni invasión ventricular. Se orienta como hematoma ganglio basal derecho de probable origen hipertensivo e ingresa en Unidad de Ictus Agudo para control hemodinámico estricto.
Durante el ingreso el paciente se mantiene con tensión arterial elevada que precisa colocación de bomba de labetalol y posteriormente hasta 3 hipotensores orales para retirar medicación endovenosa. Clínicamente presenta mejoría de la paresia persistiendo leve paresia faciobraquiocrural y trastorno sensitivo izquierdos (NIHSS= 4), precisando bastón de 3 puntas para deambular. Inicia rehabilitación durante el ingreso y al alta se realizan trámites para continuar de forma domiciliaria así como solicitar bastón.
Respecto al estudio etiológico se realiza analítica que muestra hipertrigliceridemia y elevación de GGT (probablemente en contexto de abuso enólico). Pese a que la etiología del hematoma es muy probablemente hipertensiva, al tratarse de un paciente joven con hematomas de repetición en la misma localización se solicita RM cerebral con angioRM de forma ambulatoria para descartar otras lesiones.
Dada la buena evolución clínica se decide alta a domicilio con control en Consultas Externas.
	]]></text>
</Section>
<Section span_begin="5538" span_end="5549" id="SECCION_DIAGNOSTICO_PRINCIPAL" type="DIAGNÓSTICO">
	<name><![CDATA[DIAGNÒSTICS]]></name>
	<text><![CDATA[
431/1 Hematoma ganglio profundo derecho de probable origen hipertensivo
401.9 Hipertensió essencial inespecificada
Informe d'alta d'hospitalització
	]]></text>
</Section>
<Section span_begin="5702" span_end="5714" id="SECCION_PROCEDIMIENTOS" type="PROCEDIMIENTO">
	<name><![CDATA[PROCEDIMENTS]]></name>
	<text><![CDATA[
93.75 Altre entrenament i terapèutica de la parla
93.14 Entrenament de moviments articulars
	]]></text>
</Section>
<Section span_begin="5808" span_end="5843" id="SECCION_TRATAMIENTO_AL_ALTA" type="INFORMACIÓN SOBRE TRATAMIENTO">
	<name><![CDATA[TRACTAMENT I RECOMANACIONS A L'ALTA]]></name>
	<text><![CDATA[
Dieta sana baja en sal. Abandono del alcohol
Candesartan 16mg/12h 1-0-1
Amlodipino 10mg/24h 1-0-0
Hidroclorotiazida 50mg/24h 1-0-0
	]]></text>
</Section>
<Section span_begin="5977" span_end="5984" id="SECCION_CONTROL" type="INFORMACIÓN SOBRE TRATAMIENTO">
	<name><![CDATA[CONTROL]]></name>
	<text><![CDATA[
Se solicita Rehabilitación a domicilio y bastón de 3 puntas
Control estricto de factores de riesgo vascular por médico de cabecera
Control en Consultas Externas de Neurología el día 02 de Agosto de 2017 a las 13:10h (Dra _NAME_) en la Primera Planta
DESTINACIÓ A L'ALTA:	A DOMICILI
Validat per: _NAME_	Col·legiat: _ID_
12.05.2017
Pàgina 1 de 3	]]></text>
</Section>
</ehr>