<?xml version='1.0' encoding='UTF-8'?>
<ehr id="370669419.utf8.txt">
<Section id="DEFAULT_HEADER" type="DEFAULT_HEADER" >
	<name>DEFAULT_HEADER</name>
	<text><![CDATA[
I.CLINIC DE NEUROCIÈNCIES NEUROLOGIA
_NAME_	NHC: _ID_
Sexo/Sexe: Masc.	Fecha nac./Data naix.: _DATE_	Edad/Edat: 78 años Dirección/Adreça: _LOCATION_		CP: _LOCATION_
Municip. (Prov.): _LOCATION_  ABS:_SS_	Tel.:_CONTACT_
As.: SERVEI CATALA DE LA SALUT	CIP: _ID_	NASS: _ID_
Nº epis.: _ID_	Tipo/Tipus: HOSPIT.	Inici.: 09.05.2017
Serv: NEUROLOGIA	UO Enf.: G064 SALA G DE NEUROLOGIA	Hora: 23:43:58
	]]></text>
</Section>
<Section span_begin="399" span_end="424" id="SECCION_TIPO_DE_INGRESO" type="TIPO DE INGRESO">
	<name><![CDATA[Tipo ingreso/Tipus ingrés]]></name>
	<text><![CDATA[
: Urgent	Motivo/Motiu alta: Dom. Familiar
Diag.:
ICTUS ISQUEMICO ACMI () FIBRILACION AURICULAR ()
Proc.:
TC CRANEAL CON ANGIO-TC () ANALÍTICA SANGUÍNEA ()
INFORME CLÍNICO ALTA / INFORME CLÍNIC ALTA
	]]></text>
</Section>
<Section span_begin="627" span_end="665" id="SECCION_MOTIVO_DE_INGRESO" type="MOTIVO DEL INGRESO">
	<name><![CDATA[Motivo de consulta / Motiu de consulta]]></name>
	<text><![CDATA[
Alteración del lenguaje de inicio brusco
	]]></text>
</Section>
<Section span_begin="708" span_end="770" id="SECCION_ANTECEDENTES" type="ANTECEDENTES">
	<name><![CDATA[Antecedentes e historia previa / Antecedents i història prèvia]]></name>
	<text><![CDATA[
Hombre de 78 años. No alergias medicamentosas conocidas. Fumador de 3- 4 puros/día, no otros hábitos tóxicos.
ANTECEDENTES PATOLÓGICOS:
1.	Hipertensión arterial en tratamiento
2.	Enfermedad de Castleman. Intervención quirúrgica de mediastino hace más que 40 años.
	]]></text>
</Section>
<Section span_begin="1037" span_end="1056" id="SECCION_TRATAMIENTO_HABITUAL" type="INFORMACIÓN SOBRE TRATAMIENTO">
	<name><![CDATA[MEDICACIÓN HABITUAL]]></name>
	<text><![CDATA[
:
- Amlodipino 10 mg/24h - Olmesartán 20 mg/24h
	]]></text>
</Section>
<Section span_begin="1105" span_end="1135" id="SECCION_PROCESO_ACTUAL" type="INFORMACIÓN SOBRE LA HISTORIA ACTUAL">
	<name><![CDATA[Proceso actual / Procés actual]]></name>
	<text><![CDATA[
El día 09/05/17 sobre las 14:30 presenta cuadro de alteración del lenguaje de inicio brusco. Consulta en _SS_ sobre las 20:00h donde se realiza analitica sin alteraciones y TC craneal que muestra lesión en territorio de la arteria cerebral media izquierda sugestiva de ictus agudo. Se traslada a _SS_ como código ictus.
	]]></text>
</Section>
<Section span_begin="1457" span_end="1495" id="SECCION_EXPLORACION_FISICA" type="INFORMACIÓN SOBRE LA EXPLORACIÓN FÍSICA">
	<name><![CDATA[Exploración física / Exploració física]]></name>
	<text><![CDATA[
10/05/2017-00:00:00: Frecuencia respiratoria (rpm) 13, PAS (mm Hg) 125, PAD (mm Hg) 89, Pulsioximetría (%) 96, Tª axilar (ºC) 35.8. 10/05/2017-0 1:00:00 : Glicemia capilar (mg/dl) 87.
NRL: consciente, orientado. Lenguaje con leve afasia de expresión (lenguaje espontáneo discretamente hipofluente, nomina 2/6, repite adecuadamente, obedece órdenes simples pero  confunde  complejas). Mirada centrada sin oftalmoparesia. Heamianopsia homonima derecha. No paresia facial. Balance motor conservado. No alteraciones sensitivas. No dismetrias. NIHSS 3.
Laboratorio / Laboratori
*	ANALÍTICA SANGUÍNEA (se adjunta): ácido úrico: 8.1 mg/dL, resto sin alteraciones.
Radiología / Radiologia
*	TC CRANEAL MULTIMODAL (09/05/2017):
-	BASAL: No se observa hemorragia intra ni extraaxial. Hipodensidad temporooccipital izquierda con desdiferenciación cortico- subcortical en relación a infarto establecisdo agudo-subagudo en territorio de la ACMI. ASPECTS 8-9. No se observan lesiones isquémicas parenquimatosas crónicas. Atrofia corticosubcortical global que condiciona ensanchamiento generalizado de los surcos cerebrales y dilatación secundaria del sistema vantricular. Estructuras de la línea media centradas. Sistema ventricular de morfología normal. Cisternas basales libres.
-	TC PERFUSIÓN: Retraso del TTP en zona posterior del lóbulo temporal izquierdo con caida de CBV en gran parte de dicha zona, sin discordancia significativa entre mapas (<200%).
-	ANGIO-TC EXTRA E INTRACRANEAL: Ausencia de opacificación de una rama M2 distal de ACMI en relación a oclusión. Dilatación del arco aórtico (40 mm). Segmentos proximales de troncos supraórticos elongados, sin ateromatosis ni signos de estenosis. Placa ateromatosa del bulbo Carotideo izquierdo que condiciona estenosis de aprox 30%. Estenosis sin placa ateromatosa del bulbo carotídeo derecho de aprox 20%. Origen de las arterias vertebrales sin signos de estenosis. Principales arterias cerebrales intracraneales permeables (ACAs, ACMs y ACPs). Sistema vertebrobasilar permeable. Origen fetal de ACP Izq.
	]]></text>
</Section>
<Section span_begin="3553" span_end="3573" id="SECCION_EVOLUCION" type="INFORMACIÓN SOBRE EVOLUCIÓN">
	<name><![CDATA[Evolución / Evolució]]></name>
	<text><![CDATA[
1.	ICTUS ISQUÉMICO EN TERRITORIO DE LA ARTERIA CEREBRAL MEDIA IZQUIERDA (ACMI)
2.	FIBRILACIÓN AURICULAR DE NOVO
A su llegada a las 23h a nuestro  centro, se encuentra hemodinámicamente estable y afebril. En la exploración neurológica con leve afasia de expresión y hemianopsia homonima derecha (NIHSS 3). Electrocardiograma en fibrilación auricular no conocida, con RVM controlada. Analítica sin alteraciones destacables. Se realiza TC multimodal que muestra en secuencia basal signos de isquemia incipiente en territorio de la rama angular de la ACMI. AngioTC sin oclusión de grandes vasos (oclusión M3).
Se trata de un ictus isquémico agudo en territorio de la ACMI (rama M3) de etiología cardioembólica en paciente con fibrilación auricular no conocida sin anticoagular. Se desestima tratamiento fibrinolítico por horas de evolución y endovascular dado que se trata de una oclusión distal. Se inicia anticoagulación con heparina sódica y posterior paso a acenocumarol oral.
Durante el ingreso hospitalario, el paciente evoluciona hemodinámicamente estable con mejoría de los síntomas, persistiendo en la exploración neurológica lenguaje fluente con rasgos de afasia leve- moderada (dificultad para la repetición y órdenes complejas y nominación 6/9).
Ante la estabilidad clínica actual del paciente, es dado de alta a domicilio. Se activará programa de logopedia ambulatoria. Se remite para seguimiento y control de factores de riesgo cardiovascular por su médico de atención primaria.
NIHSS: 1, TOAST: cardioembólico, mRS: 2.
Plan terapéutico / Pla terapèutic
-	Pantoprazol 40 MG. Vía oral. Una vez al día, en el desayuno.
-	Enalapril 10 MG. Vía oral . Dos veces al día: desayuno y cena.
-	Sintrom. Vía oral. Cada 24 horas. Según controles de INR en su CAP.
	]]></text>
</Section>
<Section span_begin="5342" span_end="5363" id="SECCION_RECOMENDACIONES" type="INFORMACIÓN SOBRE TRATAMIENTO">
	<name><![CDATA[Otras recomendaciones]]></name>
	<text><![CDATA[
 / Altres recomanacions
Seguimiento por su MAP.
Se activará programa de logopedia domiciliaria.
Firma/Signatura1: _NAME_	Firma/Signatura2: _NAME_ Categoría: Resident 2	Categoría: Consultor/a 1
Nº Matrícula HCP: _ID_	Nº Matrícula HCP: _ID_
Fecha/Data Informe: 13.05.2017
Hora Informe: 15:30:06
Docum.: _ID_
Hist. Clínica: _ID_
El _SS_ ha incorporado sus datos al Fichero de Pacientes, para tratarlos con fines sanitarios.
Puede ejercer sus derechos de acceso, rectificación, cancelación y oposición, así como obtener mas información en la Unidad de Atención al Cliente.
Vers. 00
Pag. 2 de
3
	]]></text>
</Section>
<Section span_begin="5961" span_end="5967" id="SECCION_PROCESO_ACTUAL" type="INFORMACIÓN SOBRE LA HISTORIA ACTUAL">
	<name><![CDATA[Episod]]></name>
	<text><![CDATA[
.: _ID_
_SS_ ha incorporat les seves dades al Fitxer de Pacients, per a tractar-los amb finalitats sanitàries. Pot exercir els seus drets d'accés, rectificació, cancel·lació i oposició, i obtenir més informació a la Unitat d'Atenció al Client.
_SS_
_LOCATION_) _LOCATION_) Tel. _CONTACT_ Fax _CONTACT_
http://_CONTACT_/	]]></text>
</Section>
</ehr>