<?xml version='1.0' encoding='UTF-8'?>
<ehr id="371027091.utf8.txt">
<Section id="DEFAULT_HEADER" type="DEFAULT_HEADER" >
	<name>DEFAULT_HEADER</name>
	<text><![CDATA[
INFORME DE ALTA
Medicina Interna. Unidad de neurología. Unidad de Ictus.
Paciente: _NAME_
Número de historia clínica: _ID_
Fecha de nacimiento y sexo: _DATE_  DONA	Edad: 83  Régimen económico:  CatSalut-Propi CIP: _ID_	ABS/CAP:		Médico de cabecera: Dirección: _LOCATION_  Teléfono: _CONTACT_
Fecha ingreso servicio: 11/05/2017	Fecha alta servicio: Data alta servei
Fecha ingreso hospitalización: 11/5/2017	Fecha alta hospitalización: 15/5/2017
Paciente mujer de 83 años que a las 10:30 inicia alteración en el habla, y disminución de fuerza en brazo derecho Llega a UCIAS traída por el SEM a las 12:10 como código ictus.
Nº afectado: _ID_. RACE 3.
En UCIAS se realizan los siguientes estudios:
·	TC craneal 12:20h sin lesioens isquemicas o hemorragica aguda.
·	Doppler TSA sin estenosis significativas.
·	Dopler TC no ventana transtemporal.
·	ECG: Fibrilación auricular
A la exploración destaca una afectación de ACM izquierda con NIHSS 6.
Tras descartar contraindicación, se inicia rt-PA a las 12:25 y se traslada al paciente a la unidad de semicriticos para monitorización
La TC craneal de control muestra lesión hipodensa subaguda sin lesión hemorrágica
NIHSS basal: 6
NIHSS 24 h: 3
NIHSS 72 h: 1
	]]></text>
</Section>
<Section span_begin="1220" span_end="1232" id="SECCION_ANTECEDENTES" type="ANTECEDENTES">
	<name><![CDATA[ANTECEDENTES]]></name>
	<text><![CDATA[
No AMC
No hábitos tóxicos
HTA con cardiopatia hipertensiva. Ecocardiografia 2008: FE 50 %. DLP
Obesidad  Polimialgia reumatica Glaucoma
Anemia ferropénica
Sindrome de piernas inquietas secundario a la ferropenia Hiperuricemia sin artritis gotosa
Insuficiencia venosa cronica Sindrome ansioso de base
Ulcus duodenal 2004 con episodio de HDA 2000
Diverticulos colonicos, adenoma vellosotubular y polipo hiperplasico detectado en el 2000
TEP idipatico en el 2013, en tratamiento con sintrom hasta mayo 2014 Fibrilacion auricular detectada en el 2009, no anticoagulada.
SAOS en tratamiento con CPAP nocturna desde el 2009. 12cmH2O. Controles en Pneumologia (Dra _NAME_) Artropatia degenerativa con hernia discal intervenida y osteopenia . Trocanteritis que precisó infiltración de corticoides.
IQ; litotricia 1995, menisco derecho 2007, faquectomia bilateral , hemorroidectomia, Hallux valgus, laminectomia con foraminectomia 2012, discectomia y laminectomia descompresiva L2-L5 en el 2014
	]]></text>
</Section>
<Section span_begin="2227" span_end="2246" id="SECCION_TRATAMIENTO_HABITUAL" type="INFORMACIÓN SOBRE TRATAMIENTO">
	<name><![CDATA[Medicación habitual]]></name>
	<text><![CDATA[
: Durogesic 25mg / coliri de trabatan. Ditropan 5mg 1 al dia. Omeprazol 20mg 1 al dia. Lexatin 1¿5mg 1 al dia. Gabapentina 300mg/ 12h. Ideos 2 comp al dia. Losartan/hidroclortiazida 1 al dia. Rivotril gotes 2¿5mg al dia. Dacortin 5mg 1 al dia.
Valoración funcional integral: vive con su marido. Incontinencia urinaria (portadora de pañal por las noches). Camina con ayuda de un andador. Vida de predominio intradomiciliario. Rankin previo 3
Exploració física en urgencial al ingreso
ACR. Tonos arritmicos, no soplos AR normal
NRL. pupilas discoricas por faquectomia, MOE normal, campimetria normal, paresia facial central derecha (residual), sin hipoestesia.
Disartria grave, sin rasgos afasicos.
Paresia braquial derecha 4/5 con hipoestesia. RCP flexor bilateral.
Reflexes musculares profundos normales.
NIHSS 6
	]]></text>
</Section>
<Section span_begin="3071" span_end="3094" id="SECCION_EXPLORACIONES_COMPLEMENTARIAS" type="INFORMACIÓN SOBRE PRUEBAS COMPLEMENTARIAS">
	<name><![CDATA[Pruebas complementarias]]></name>
	<text><![CDATA[
·	Analítica:
SODI Sèrum: 137 mmol/L; POTASSI Sèrum: 4,2 mmol/L; CLOR Sèrum: 100 mmol/L. GLUCOSA: 86 mg/dL.
UREA: 42 mg/dL.
CREATININI: 0,6 mg/dL.
PROTEÏNA: 6,0 g/dL. HEMOGRAMA amb FORMULA:
HEMATÍES: 4,07 x10*6/ul; HEMOGLOBINA: 13,1 g/dL; HEMATÒCRIT: 39,7 %; V C M: 97,5 fL; H. C. M.: 32,2 pg;
M. C. H. C.: 33,0 g/dL; LEUCÒCITS: 7,99 x10*3/uL; NEUTRÒFILS %: 58,7 %; NEUTRÒFILS T: 4,69 x10*3 /uL; LIMFÒCITS %: 27,4 %; LIMFÒCITS T: 2,19 10*3/uL; MONÒCITS %: 9,6 %; MONÒCITS T: 0,77 x10*3/uL; EOSINÒFILS %: 3,8 %; EOSINÒFILS T: 0,30 x10*3/uL; BASÒFILS: 0,5 %; BASÒFILS T: 0,04 x10*3/uL; PLAQUETES: 203 x10*3/uL; V. P. M.: 12,2 fL.
T.PROTROMBINA-RAÒ: 1,07.
T.TROMBOPLASTINA -RAÒ: 0,87.
IONOGRAMA/sèrum:
SODI Sèrum: 142 mmol/L; POTASSI Sèrum: 4,0 mmol/L; CLOR Sèrum: 104 mmol/L.
F. GLOMER. ESTIMAT (CKD-EPI): 85 mL/min/1.73 m2.
·	E.C.G.: FA a 80x. No trastorno de la repolarizacion.
·	TAC craneal: normal
·	TC cranial de control a las 24 h: Pequeño infarto subcortical frontal posterior izquierdo.  Sin hemorrágica craneal ni efectos masa.
·	Doppler TSA; normal
·	Doppler TC: no ventana transtemporal
Evolución y tratamiento realizado
Paciente mujer de 84 a con FA no anticoagulada, que ingresa por isquemia de ACM izquierda tratada con trombolisis con buena evolución, pasando de NIGSS inicial de 6 a 1 en el momento del alta.
Se completa el estudio vascular que descarta afectación de gran vaso extracraneal, por lo que se orienta como isquemia posiblemente cardioembólica.
Tras ser valorada por fisioterapia, se descarta déficit neurológico que precise rehabilitación
Destino al alta:	domicilio
Rankin (alta): 3	NIHSS (alta): 1
Diagnósticos Diagnóstico principal
o	Infarto cerebral de ACM izquierda cardioembolica tratado con trombolisis
	]]></text>
</Section>
<Section span_begin="4853" span_end="4877" id="SECCION_DIAGNOSTICOS_SECUNDARIOS" type="OTROS DIAGNÓSTICOS">
	<name><![CDATA[Diagnósticos secundarios]]></name>
	<text><![CDATA[
:
o	Fibrilacion auricular o	HTA
o	Miocardiopatia hipertensiva o	DLP
o	Obesidad
o	Polimialgia reumatica o	Glaucoma
o	Anemia ferropénica
o	Sindrome de piernas inquietas secundario a la ferropenia o	Hiperuricemia sin artritis gotosa
o	Insuficiencia venosa cronica o	Sindrome ansioso de base
o	Diverticulos colonicos, adenoma vellosotubular y polipo hiperplasico o	SAOS en tratamiento con CPAP nocturna
o	Artropatia degenerativa
	]]></text>
</Section>
<Section span_begin="5303" span_end="5317" id="SECCION_PROCEDIMIENTOS" type="PROCEDIMIENTO">
	<name><![CDATA[Procedimientos]]></name>
	<text><![CDATA[
:
o	TC craneal
o	Analitica
o	ECG
o	
o	Dopler TSA
o	Doppler TC
	]]></text>
</Section>
<Section span_begin="5381" span_end="5400" id="SECCION_TRATAMIENTO_AL_ALTA" type="INFORMACIÓN SOBRE TRATAMIENTO">
	<name><![CDATA[Tratamiento al alta]]></name>
	<text><![CDATA[
Dieta baja en sal y en grasas.:
Eliquis 5 mg, 1-0-1
Neupro 1 mg, 1 parche /dia
Resto de medicación habitual sin cambios
Durogesic 25mg / coliri de trabatan. Ditropan 5mg 1 al dia. Omeprazol 20mg 1 al dia. Lexatin 1¿5mg 1 al dia. Gabapentina 300mg/ 12h. Ideos 2 comp al dia. Losartan/hidroclortiazida 1 al dia. Dacortin 5mg 1 al dia.
Recomendaciones de prevención secundaria
o	Caminar cada día, mínimo 1/2 hora
o	Perder peso, hasta conseguir perímetro abdominal en hombres por debajo de 108 cm. y 88 cm. en mujeres.
o	Dieta rica en verduras, frutas y legumbres.
o	Mantener tensión arterial por debajo de 130 /80 mm. Hg. En diabéticos por debajo de 120/75
o	Mantener cifras de colesterol total por debajo de 150, y LDL por debajo de 100. En diabéticos LDL por debajo de 70.
o	Evitar el tabaco y el alcohol.
Control por el médico de cabecera
Atentamente,
Médico/s responsable/s: Dra _NAME_	Nº de colegiado: _ID_
Firma	]]></text>
</Section>
</ehr>