<?xml version='1.0' encoding='UTF-8'?>
<ehr id="371863331.utf8.txt">
<Section id="DEFAULT_HEADER" type="DEFAULT_HEADER" >
	<name>DEFAULT_HEADER</name>
	<text><![CDATA[
_LOCATION_ Tel. _CONTACT_
e-mail: _CONTACT_
Nº Història Clínica: _ID_
NºEpisodi: _ID_
CIP: _ID_
Cognoms, Nom: _NAME_
Sexe: Dona
Data de Naixement: _DATE_   Edat: 74 Anys
NIF/DNI: _ID__NAME_; _NAME_; _NAME_;
 _NAME_
Informe d'alta d'hospitalització
16:18:43
17.05.2017
_LOCATION_
_SS_ NEUROLOGIA
CP
ABS
Servei Data d'alta
_LOCATION_
_CONTACT_; _CONTACT_
DOMICIL/RES.SOC 11.05.2017
Adreça
Telèfon Procedència Data d'ingrés Atès per
	]]></text>
</Section>
<Section span_begin="433" span_end="447" id="SECCION_MOTIVO_DE_INGRESO" type="MOTIVO DEL INGRESO">
	<name><![CDATA[MOTIU D'INGRÉS]]></name>
	<text><![CDATA[
Ictus isquémico de territorio de ACM izquierda
	]]></text>
</Section>
<Section span_begin="496" span_end="507" id="SECCION_ANTECEDENTES" type="ANTECEDENTES">
	<name><![CDATA[ANTECEDENTS]]></name>
	<text><![CDATA[
Mujer de 74 años sin alergias medicamentosas conocidas- Fumadora sin otros hábitos tóxicos. Autónoma para todas las actividades de la vida diaria, vive sola y conduce. mRS 0.
ANTECEDENTES PATOLÓGICOS:
-	Hipertensión arterial en tratamiento médico.
-	Dislipemia en tratamiento médico.
-	Fibrilación auricular paroxística en tratamiento antiagregante, presentó un único episodio en contexto de infección respiratoria. Sigue controles por Cardiología, según consta en últimos cursos se había planteado iniciar anticoagulación. Último ecocardiograma transtorácico en abril de 2017 muestra hipertrofia ventricular izquierda moderada con aurícula izquierda moderadamente dilatada. Se había planteado RM cardíaca para completar estudio de posible miocardiopatíahipertrófica apical pero no se ha realizado a petición de la paciente.
-	Poliglobulia (no disponemos de informes).
-	Malformación renal (no disponemos de informes, no recuerda si derecho o izquierdo).
	]]></text>
</Section>
<Section span_begin="1465" span_end="1483" id="SECCION_TRATAMIENTO_HABITUAL" type="INFORMACIÓN SOBRE TRATAMIENTO">
	<name><![CDATA[MEDICACIÓ HABITUAL]]></name>
	<text><![CDATA[
Adiro 100 mg/24 h, Emconcor 2,5mg/24 h, Openvas 40 mg/24 h, simvastatina 20 mg/24 h.
	]]></text>
</Section>
<Section span_begin="1570" span_end="1583" id="SECCION_PROCESO_ACTUAL" type="INFORMACIÓN SOBRE LA HISTORIA ACTUAL">
	<name><![CDATA[PROCÉS ACTUAL]]></name>
	<text><![CDATA[
El 11/05/17 a las 11:30 es econtrada con alteración de la emisión y comprensión del lenguaje. Vista asintomática por familiares el día anterior a las 23:00. Es traída por el SEM sin activación de código ictus, llegando a nuestro centro a las 12:10. Se avisa a la guardia de Neurología inmediatamente desde Urgencias.
	]]></text>
</Section>
<Section span_begin="1902" span_end="1919" id="SECCION_EXPLORACION_FISICA" type="INFORMACIÓN SOBRE LA EXPLORACIÓN FÍSICA">
	<name><![CDATA[EXPLORACIÓ FÍSICA]]></name>
	<text><![CDATA[
FC	57 bpm
Tªaxi 35.7 ºC
FR	rpm Tªrec  ºC
TA s	145 mmHg SAT O2 98 %
TA d   66 mmHg Pes Kg
Exploración neurológica: vigil, afasia mixta completa, no comprende ninguna orden, no emite lenguaje. No clara alteración campimétrica por amenaza, anque difícil de valorar. No oftalmoparesias. Paresia facial derecha moderada. Leve paresia braquial dereche. No claudicación en extremidades inferiores. No asimetrías sensitivas.
NIHSS = 0.2.2.0.0/2(1.0)(0.0)/0.1.3.2.0 = 13
Exploración sistémica: auscultación cardíaca con tonos regulares sin soplo, auscultación respiratoria con murmullo vesicular sin ruidos sobreañadidos, abdomen blando y depresible, no doloroso a la palpación, no se palpa masa ni megalia, peristaltismo conservado. No edema no signos de trombosis venosa profunda en extremidades inferiores.
Informe d'alta d'hospitalització
	]]></text>
</Section>
<Section span_begin="2763" span_end="2788" id="SECCION_EXPLORACIONES_COMPLEMENTARIAS" type="INFORMACIÓN SOBRE PRUEBAS COMPLEMENTARIAS">
	<name><![CDATA[EXPLORACIÓ COMPLEMENTÀRIA]]></name>
	<text><![CDATA[
Analíticas:
Urgente: Hemograma:Leucocitos 9.200 (86%N, 8'9%L), Hematies 4.710, Hb 15'1, Hto 44'6, VCM 94'7,
Plaquetas 179.000, TP 1'11, TTPA 0'95, Fibrinógeno 406, Bilirrubina 0'85, GOT 19, CK 207, Glucosa 128, Urea
42, Cr 0'67, Na 137, K 3'9, PCR 1'1.
Ingreso: glucosa 68mg/dL, HbA1c 5,6%, proteína 62g/L, urea 33mg/dL, FG 76 mL/min/1.73 m2, creatinina 0,77mg/dL, urato 4,7mg/dL, Mg 1,98mg/dL, Na 138,8mmol/L, K 3,9mmol/L, FA 87U/L, ALT 15U/L, GGT 19U/L, LDH  223U/L,  PCR  3,2mg/L.  TG  88mg/dL,  colesterol  194mg/dL,  HDL  73,9mg/dL,  LDL  103mg/dL,  TSH 1.923mcUI/mL. Proteinograma normal.
Electrocardiograma:  ritmo  sinusal  a  70  lpm,  T  negativas  en  DII,  DIII  y  aVF,  y  de  V1-6  (en  ECG  ya  se evidenciaban T negativas en cara inferior y de V1-V4).
Monitorización electrocardiográfica: salvas de fibrilación auricular.
Radiografía de tórax: índice cardiotorácico conservado, no condensación ni derrame pleural.
TC craneales:
Urgente (11.05.2017): Leve hipoatenuación con desdiferenciación córtico-subcortical de los lóbulos frontal y de la ínsula izquierdos sugestivas de infarto isquémico aguda de territorio de ACM izquierda. ASPECTS 7 (ínsula, M1, M4). AngioTC: Se observa oclusión a nivel de segmento distal de M1 de ACM izquierda. Resto de sistema arterial y venoso permeables. TC perfusión: Disminución del volumen sanguíneos cerebral en localización fronto-temporoparietal izquierda con alargamiento del tránsito medio superponible, sin área de penumbra.
	]]></text>
</Section>
<Section span_begin="4277" span_end="4284" id="SECCION_CONTROL" type="INFORMACIÓN SOBRE TRATAMIENTO">
	<name><![CDATA[Control]]></name>
	<text><![CDATA[
 (13.05.2017): Área de infarto agudo/subagudo establecido córtico-subcortical en territorio de ACM izquierda de localización insula/cápsula externa, frontotemporal izquierda (unión M1/M2 y unión M4/M5). No se observan claros signos de transformación hemorrágica.
Ecocardiograma transtorácico (16.05.2017): Ventrículo izquierdo con hipertrofia moderada de predominio segmentos apicales (sugestivo MH apical) y motilidad conservada (FE Simpson 70%). Aurícula izquierda moderada-severamente dilatada. Insuficiencia mitral ligera. Alteración diastólica tipo II - FA. Cavidades derechas normales. Hipertensión pulmonar ligera
	]]></text>
</Section>
<Section span_begin="4907" span_end="4923" id="SECCION_EVOLUCION" type="INFORMACIÓN SOBRE EVOLUCIÓN">
	<name><![CDATA[EVOLUCIÓ CLÍNICA]]></name>
	<text><![CDATA[
Paciente de 74 años con antecedentes de hipertensión, dislipemia y un único episodio de fibrilación auricular paroxística en tratamiento antiagregante. mRS 0. Acude traída por el SEM por se encontrada en un comercio a las 11:30h con un trastorno del lenguaje de cronología incierta (vista bien por última vez el día previo a las 23:00h, la paciente vive sola). A su llegada al Hospital (12:10h) se encuentra hemodinámicamente estable y afebril, y la exploración neurológica muestra una afasia mixta  con leve paresia facio-braquial derecha, puntuando un NIHSS
13. Se realiza TC cranial que muestra signos incipientes de isquemia en arteria cerebral media izquierda (ASPECTS 7) con angioTC que demuestra una oclusión distal de M1, y en las secuencias de perfusión se observa una afectación de todo el territorio de la ACM izquierda superficial tanto en CBV como en MTT y TTP, por lo que se desestima cualquier tipo de tratamiento de reperfusión.
Informe d'alta d'hospitalització
Durante el ingreso la paciente presenta inicialmente tendencia a la hipertensión que se controla al introducir hipotensores orales. Ante bradicardia mantenida se disminuye dosis habitual de betabloqueante. Es valorada por servicio de Rehabilitación que pauta tratamiento específico. Neurológicamente presenta mejoría progresiva de la afasia, con comprensión de órdenes simples y alguna compleja, capaz de nominar con algunos errores y con discurso en su mayor parte coherente con parafasias fonémicas. Tolera dieta oral y deambulación autónoma sin incidencias.
Dentro del estudio etiológico la analítica de ingreso muestra correctos perfiles lipídico y glicémico. La monitorización cardíaca registra salvas de fibrilación auricular. En TC craneal de control se observa lesión isquémica aguda/subaguda de territorio anterior de ACM izquierda. Se completa estudio con  ecocardiograma transtorácico que objetiva aurícula izquierda moderada-severamente dilatada e hipertrofia ventricular izquierda moderada (hallazgos ya presentes en exploraciones previas). Se orienta como ictus isquémico de territorio anterior de ACM izquierda de etiología cardioembólica por lo que se inicia anticoagulación con Sintrom al sexto día.
Ante estabilidad clínica, se decide alta a domicilio con seguimiento por Neurología de nuestro centro y especialistas habituales y rehabilitación y controles de INR ambulatorios.
Al alta: NIHSS = 3
mRS = 3
	]]></text>
</Section>
<Section span_begin="7335" span_end="7346" id="SECCION_DIAGNOSTICO_PRINCIPAL" type="DIAGNÓSTICO">
	<name><![CDATA[DIAGNÒSTICS]]></name>
	<text><![CDATA[
-	Ictus isquémico de territorio anterior de ACM izquierda de etiología cardioembólica
-	Fibrilación auricular paroxística
-	Hipertensión arterial
-	Dislipemia
	]]></text>
</Section>
<Section span_begin="7507" span_end="7542" id="SECCION_TRATAMIENTO_AL_ALTA" type="INFORMACIÓN SOBRE TRATAMIENTO">
	<name><![CDATA[TRACTAMENT I RECOMANACIONS A L'ALTA]]></name>
	<text><![CDATA[
-	ABSTENCIÓN DE HÁBITO TABÁQUICO
-	Ejercicio físico moderado diario
-	Dieta baja en grasas y sal
-	Sintrom 2 mg hoy (17/05), 2 mg mañana y 19/05 control
-	STOP Adiro 100 mg
-	Emconcor 1,25 mg/24 h
-	Openvas 40 mg/24 h
-	Simvastatina 20 mg/24 h
	]]></text>
</Section>
<Section span_begin="7790" span_end="7797" id="SECCION_CONTROL" type="INFORMACIÓN SOBRE TRATAMIENTO">
	<name><![CDATA[CONTROL]]></name>
	<text><![CDATA[
-	Primera visita en consultas externas de Rehabilitación (Dra. _NAME_) el 20/06/17 a las 8:30
-	Primera visita en consultas externas de Neurología (Dra. _NAME_) el 09/08/17 a las 12:00
-	Control de INR en CAP Dr. _NAME_ (_LOCATION_) el 19/05/17
-	
Informe d'alta d'hospitalització
-	Se contactará para comunicar día y hora de inicio de rehabilitación ambulatoria
-	Seguimiento por especialistas habituales (revalorar dosis de betabloqueante por parte de Cardiología según evolución) y Medicina de Familia
DESTINACIÓ A L'ALTA:	A DOMICILI
Validat per: _NAME_	Col·legiat: _ID_
17.05.2017
Pàgina 1 de 4	]]></text>
</Section>
</ehr>