<?xml version='1.0' encoding='UTF-8'?>
<ehr id="371864936.utf8.txt">
<Section id="DEFAULT_HEADER" type="DEFAULT_HEADER" >
	<name>DEFAULT_HEADER</name>
	<text><![CDATA[
1/ 2
Cognoms:	_NAME_ -	Adreça:	_LOCATION_	
Nom:
Edat: 49	_NAME_
Sexe:M	
CIP:	_LOCATION_
_ID_	
NIF:	_ID_
Data naixement:   _DATE_	NHC:	_ID_	NASS:    _ID_
Telèfon / Mòbil:	_CONTACT_ / _CONTACT_
INFORME  D'ASSISTÈNCIA
Metge/essa:	_NAME_	Servei:	NEUROLOGIA
Data ingrés: S'informa a:	12/05/ 2017
Metge de família	Data Alta: 17-05-2017
Núm.  llit: _ID_
	]]></text>
</Section>
<Section span_begin="353" span_end="364" id="SECCION_DIAGNOSTICO_PRINCIPAL" type="DIAGNÓSTICO">
	<name><![CDATA[DIAGNÒSTICS]]></name>
	<text><![CDATA[
:
1.	Ictus  isquèmic,  de  topografia  no  demostrada  per  neuroimatge  (hemisfèric  E  probable)  i d'etiologia cardiombòlica en relació a 3 i 4
2.	Disàrtria secundari a 1
3.	Valvulopatia Mi-Ao portadora de prótesi mecànica
4.	FA
5.	HTA
6.	Cardiopatia isquènmica
	]]></text>
</Section>
<Section span_begin="630" span_end="642" id="SECCION_PROCEDIMIENTOS" type="PROCEDIMIENTO">
	<name><![CDATA[PROCEDIMENTS]]></name>
	<text><![CDATA[
1.	TC cranial
2.	Ecodoppler TSA/TC
3.	Analítica
4.	ECG
Pacient de 48 anys sense hàbits tòxics ni al.lèrgies medicamentoses conegudes que ingressa per disàrtria i debilitat a hemicòs dret.
	]]></text>
</Section>
<Section span_begin="835" span_end="858" id="SECCION_ANTECEDENTES_PATOLOGICOS" type="ANTECEDENTES">
	<name><![CDATA[ANTECEDENTS  PATOLÒGICS]]></name>
	<text><![CDATA[
:
·	HTA en tractament farmacològic.
·	Doble substitució valvular mitro-aòrtica amb pròtesis mecàniques Sorin Slimline 21 (Ao) i Sorin Bicarbon 29 mm (mi) el 26-7-2007 per valvulopatia reumàtica mitral i aòrtica diagnosticada al 2005. Durant el post-operatori va presentar FA, que va revertir a RS posteriorment amb amiodarona. No es va realitzar coronariografia. Holter cardíac (2008): FA, FC entre 32 i 140 bpm, amb una FC mitja de 75 bpm. ES molt ocasional.
·	FA permanent.
·	Ingrés el 6/13 per IAM no Q Killip I.
o	Coronariografia: arteries coronaries sense lesions angiografiques 07/13.
o	Ecocardiograma 3/14: Dinàmica conservada. Pròtesis mecànica mitral normofuncionant.
Pròtesis mecànica aòrtica amb lleuger gradient anterógrad.
·	Dolor a colze esq. en tractament antinflamatori, havia consultat al MAP al març .
	]]></text>
</Section>
<Section span_begin="1678" span_end="1697" id="SECCION_TRATAMIENTO_HABITUAL" type="INFORMACIÓN SOBRE TRATAMIENTO">
	<name><![CDATA[Tractament habitual]]></name>
	<text><![CDATA[
: minitran 10, enalapril 5 1-0-1, adiro 100/dia, digoxina 1-0-0, furosemida 40 mg 1-
0-0, Sintrom sp.
Situació  social  i  funcional:  Natural  del  _LOCATION_,  porta  més  de  20  anys  al  nostre  país,  parla perfectament l'idioma. Viu amb el marit, autònoma per les activitats de la vida diària. Rankin previ 0
	]]></text>
</Section>
<Section span_begin="2014" span_end="2029" id="SECCION_PROCESO_ACTUAL" type="INFORMACIÓN SOBRE LA HISTORIA ACTUAL">
	<name><![CDATA[MALALTIA ACTUAL]]></name>
	<text><![CDATA[
:
El dia 11/05 sobre les 17h presenta impossibilitat per la parla amb disàrtria i debilitat BC dreta de predomini crural, amb hipoestèsia, que ha anat recuperant progressivament  tot i que amb fluctuacions, pel que la pacient consulta a Urg, on es  valorada per Neurologia, activat codi ictus
intrahosp (17:50h). S'orienta com ictus isquèmic a territori carotidi  dret  vs  llacunar  fluctuant,  en pacient probablement infradescoagulada portadora de vàlvula mecànica. Es va comentar amb _SS_, no considerant-la tributària de trasllat per no presentar ni oclusions ni estenosis significatives a l'angio-TAC. Sense canvis durant l'observació a Urg, s'ingressa a planta de Neurologia per a control i completar estudi.
	]]></text>
</Section>
<Section span_begin="2746" span_end="2763" id="SECCION_EXPLORACION_FISICA" type="INFORMACIÓN SOBRE LA EXPLORACIÓN FÍSICA">
	<name><![CDATA[EXPLORACIÓ FÍSICA]]></name>
	<text><![CDATA[
:
PA 155/78, afebril, FC 63x', FR 18x', SO2 100, Normohidratada i normocolorida. RESP: MVC, sense sorolls sobreafegits. COR: TC arítmics amb clic mecànic. No IJ no edemes.
NRL: conscient, nomina 2/2 amb parla disàrtrica, no alteracions MOE ni campi per amenaça, no PFSN, no claudicacions motores, hipocinèsia ma D lleu, EID fluctua però no claudica en 10 segons, RCP indiferent D, hemihipoestèsia BD D. Marxa autònoma, no observo parèsia quan la faig caminar. NIHSS=  0-0-0-0-0/0-0-0-0-0/0-1-0-1-0=2
	]]></text>
</Section>
<Section span_begin="3264" span_end="3293" id="SECCION_EXPLORACIONES_COMPLEMENTARIAS" type="INFORMACIÓN SOBRE PRUEBAS COMPLEMENTARIAS">
	<name><![CDATA[EXPLORACIONS  COMPLEMENTÀRIES]]></name>
	<text><![CDATA[
:
ECG: FA FVM 50x'
Rx tòrax: no condensacions, anell metàl·lic valvular
TC cranial urg (18:15h) asimetria de la banyes temporals, amb dilatació de la banya temporal del VL esquerre, inespecífic.
Angio TC: Estudi sense troballes significatives.
Analítica urg: anèmia lleu, INR 2.3, resta sense alteracions. Analítica planta: sense alteracions, incloent perfil lipídic.
EcoDTSA/TC: sense alteracions
TC cranial control  pendent realització
COMENTARI:
Pacient de 48 anys amb antecedents de HTA, valvulopatia cardiaca (doble protesi mecànica), FA i cardiopatia isquèmica, en tractament amb sintriom que ha presentat un ictus isquèmic, a territori no demostrat per neuroimatge (RMN contraindicada per prèotesis cardiaca) i que considerem d'etiologia cardioembòlica en context d'infradescoagulació. No ha presentat cap complicació durant l'ingrés, persistint a l'alta mínima disàrtria residual (NIHSS 1, Rankin 1)
S'ha ajustat el seu tractament anticoagulant, per a mantenir l'INR en rang 3-4, i es dona d'alta a domicili per a completar estudi i seguiment ambulatori a CCEE Neurologia.
	]]></text>
</Section>
<Section span_begin="4376" span_end="4386" id="SECCION_TRATAMIENTO_HABITUAL" type="INFORMACIÓN SOBRE TRATAMIENTO">
	<name><![CDATA[TRACTAMENT]]></name>
	<text><![CDATA[
Sintrom segons pauta
Resta del seu tractament habitual
Signat per _NAME_ núm.col: _ID_ Data/Hora:17-05-2017 15:27
	]]></text>
</Section>
</ehr>