<?xml version='1.0' encoding='UTF-8'?>
<ehr id="374016353.utf8.txt">
<Section id="DEFAULT_HEADER" type="DEFAULT_HEADER" >
	<name>DEFAULT_HEADER</name>
	<text><![CDATA[
I.CLINIC DE NEUROCIÈNCIES NEUROLOGIA
_NAME_	NHC: _ID_
Sexo/Sexe: Fem.	Fecha nac./Data naix.: _DATE_	Edad/Edat: 76 años Dirección/Adreça: _LOCATION_	CP: _LOCATION_
Municip. (Prov.): _LOCATION_  ABS:_SS_	Tel.:_CONTACT_
As.: SERVEI CATALA DE LA SALUT	CIP: _ID_	NASS: _ID_
Nº epis.: _ID_	Tipo/Tipus: HOSPIT.	Inici.: 21.05.2017
Serv: NEUROLOGIA	UO Enf.: I064 SALA G DE NEUROL. INTE   Hora: 11:39:55
Facult. de ref.: _NAME_
	]]></text>
</Section>
<Section span_begin="424" span_end="449" id="SECCION_TIPO_DE_INGRESO" type="TIPO DE INGRESO">
	<name><![CDATA[Tipo ingreso/Tipus ingrés]]></name>
	<text><![CDATA[
: Urgent	Motivo/Motiu alta: Dom. Familiar
Diag.:
ACCIDENTE ISQUÉMICO TRANSITORIO. ()
Proc.:
INFORME CLÍNICO ALTA / INFORME CLÍNIC ALTA
	]]></text>
</Section>
<Section span_begin="589" span_end="627" id="SECCION_MOTIVO_DE_INGRESO" type="MOTIVO DEL INGRESO">
	<name><![CDATA[Motivo de consulta / Motiu de consulta]]></name>
	<text><![CDATA[
Alteración súbita del lenguaje
	]]></text>
</Section>
<Section span_begin="660" span_end="722" id="SECCION_ANTECEDENTES" type="ANTECEDENTES">
	<name><![CDATA[Antecedentes e historia previa / Antecedents i història prèvia]]></name>
	<text><![CDATA[
Paciente sin alergias medicamentosas conocidas, no hábitos tóxicos. Independiente para actividades básicas de de la vida diaria. mRs 0.
ANTECEDENTES PATOLÓGICOS:
1.	FIBRILACIÓN AURICULAR en tratamiento anticoagulante con Sintrom y antiarritmico con Flecainida.
2.	DISLIPEMIA en tratamiento farmacológico.
3.	OSTEOPOROSIS.
4.	Probable deterioro cognitivo leve en seguimiento por neurólogo privado del que no disponemos informes.
	]]></text>
</Section>
<Section span_begin="1153" span_end="1172" id="SECCION_TRATAMIENTO_HABITUAL" type="INFORMACIÓN SOBRE TRATAMIENTO">
	<name><![CDATA[MEDICACIÓN HABITUAL]]></name>
	<text><![CDATA[
: Carbonato calcio/Colecalciferol 1000 mg/880 UI 1  comp/24h, Flecainida 100mg/12h, Sintrom según pauta, Atorvastatina 20mg/24h, Lorazepam 1mg/24h.
	]]></text>
</Section>
<Section span_begin="1321" span_end="1351" id="SECCION_PROCESO_ACTUAL" type="INFORMACIÓN SOBRE LA HISTORIA ACTUAL">
	<name><![CDATA[Proceso actual / Procés actual]]></name>
	<text><![CDATA[
Paciente que presenta episodio de alteración del lenguaje en torno a las 10:15 mientras se encontraba en misa. La paciente se encontraba con una hija que refiere episodio de desconexión del medio transitorio de segundos de duración previo a la alteración del lenguaje. Niega síntomas vegetativos previos al evento.
	]]></text>
</Section>
<Section span_begin="1668" span_end="1706" id="SECCION_EXPLORACION_FISICA" type="INFORMACIÓN SOBRE LA EXPLORACIÓN FÍSICA">
	<name><![CDATA[Exploración física / Exploració física]]></name>
	<text><![CDATA[
Frecuencia  respiratoria  (rpm)  19,  Glicemia  capilar  (mg/dl)  86,  PAS  (mm  Hg)  124,  PAD  (mm  Hg)  74, Pulsioximetría (%) 92, Tª a xilar (ºC) 35.9.
NRL: Consciente, desorientada. Lenguaje hipofluente con anomia 0/5. Obedece órdenes simples. Mirada centrada en posición primaria con déficit en la sacada hacia la derecha. No limitación. No déficit campimétrico por cofrontación. No paresia facial. Hemiparesia 4/5 braquio -crural 4/5 derecha. No déficit sensitivo. No dismetrías. NIHSS 5.
Radiología / Radiologia
*	TC CRANEAL (21/05/2017): No se aprecian imágenes de sangrado intracraneal. Sin alteraciones significativas en el parénquima encefálico. ASPECTS 10. Cisternas basales libres. Estructuras de la línea media centradas. Sistema ventricular de tamaño y morfología conservada.
* ANGIO-TC: Arterias carótidas comunes permeables con sin ateromatosis calcificada ni estenosis significativas. Origen de arterias carótidas internas sin ateromatosis ni estenosis signifciativa. Ateromatosis calcificada de arterias carótidas internas a nivel cavernoso y supraclinoideo sin estenosis significativas. Art. vertebrales desde su origen permeables sin ateromatosis calcificada ni estenosis significativas. Principales arterias de la circulación cerebral anterior y posterior permeables.
*	PERFUSION-TC: No se observan retrasos en el TTP ni caída en el CBV.
*	RMN (Pendiente de informe radiológico definitivo)
No se aprecian lesiones isquémicas agudas. Lesiones isquémicas periventriculares de características crónicas compatible con etiología microvascular Secuencia susceptibilidad magnética muestra pequeños microsangrados lobares parieto occipitales izquierdos en probable etiología congófila.
Angio-RMN sin alteraciones.
	]]></text>
</Section>
<Section span_begin="3439" span_end="3499" id="SECCION_EXPLORACIONES_COMPLEMENTARIAS" type="INFORMACIÓN SOBRE PRUEBAS COMPLEMENTARIAS">
	<name><![CDATA[Exploraciones complementarias / Exploracions complementàries]]></name>
	<text><![CDATA[
* ANALÍTICA SANGUÍNEA: función renal normal e iones en rango, perfil hepático normal, proteínas totales: 56, LDL: 109, hemograma normal. HbA1c: 5.5%, INR: 4.0. Tiroides normal.
* ECOCARDIOGRAMA TRANSESOFÁFICO (23/05/2017): FEVI: 60%, sin evidencia de fuentes cardioembólicas.
	]]></text>
</Section>
<Section span_begin="3778" span_end="3798" id="SECCION_EVOLUCION" type="INFORMACIÓN SOBRE EVOLUCIÓN">
	<name><![CDATA[Evolución / Evolució]]></name>
	<text><![CDATA[
1.	PROBABLE ACCIDENTE ISQUÉMICO CEREBRAL TRANSITORIO (AIT).
2.	FIBRILACIÓN AURICULAR.
Paciente que acude por episodio de alteración del lenguaje de inicio súbito. A su llegada a urgencias se encontraba hemodinámicamente estable y afebril. En la exploración neurológica inicial destacaba la presencia de anomia y de desorientación temporoespacial (NIHSS 5). El ECG al ingreso muestra ritmo sinusal. En la analítica sanguínea inicial destacaba un INR de 2,8, resto sin alteraciones. La neuroimagen realizada en la fase aguda (TC cerebral multimodal) no objetivó la presencia de lesiones isquémicas agudas ni hemorrágicas. El estudio vascular con angio-TC objetivó la presencia de ateromatosis intracraneal de ambas carótidas en porción cavernosa y supraclinoidea sin estenosis significativas. Los mapas de perfusión no identificaron alteraciónes hemodinámicas en el parénquima cerebral. Tras la adquisición del TC la paciente presentó una recuperación espontánea del trastorno del lenguaje.
Se orienta como proabble AIT en paciente con antecedente de fibrilación auricular anticoagulada con sintrom y con ateromatosis intracraneal. Al ingreso en la Unidad de Ictus se mantiene el tratamiento anticoagulante con sintrom por encontrarse en rango adecuado y se completa estudio con ecocardiograma y RM cerebral.
Durante el ingreso en la Unidad de Ictus para monitorización la paciente evoluciona de forma favorable, sin recurrencia de los síntomas. Un realiza ecocardiograma tranesofágico no ha evidenciado la presencia de trombos intracardíacos ni la tpresencia de otras fuentes cardioembólicas mayores ni de atoreomatosis complicada en el cayado aórtico. Un RM cerebral de control no ha mostrado la presencia de lesiones isquémicas agudas.
Al alta se decide mantener tratamiento anticoagulante oral con acenocumarol. Se reocmienda mantener tratamiento con estatinas así como vigilancia periódica d elos factores de riesgo vascular por su médico de familia. Dada la estabulidad clínica se decide el alta hospitalaria.
Plan terapéutico / Pla terapèutic
Tratamiento habitual sin cambios:
-	Sintrom 4 mg. Vía oral. Cada 24 horas, según pauta.
-	
-	Lorazepam 1 mg. Vía oral. Cada 24 horas.
-	Calodis 1000 mg/880 UI. 1 UND. Vía oral. Cada 24 horas.
-	Apocard 100 mg. Vía oral. Cada 12 horas.
-	Atorvastatina 10 mg. Vía oral. Cada 24 horas.
-	Pantoprazol 40 mg. Vía oral. Una vez al día, en el desayuno.
	]]></text>
</Section>
<Section span_begin="6202" span_end="6223" id="SECCION_RECOMENDACIONES" type="INFORMACIÓN SOBRE TRATAMIENTO">
	<name><![CDATA[Otras recomendaciones]]></name>
	<text><![CDATA[
 / Altres recomanacions
- Se remite a médico de familia para control de factores de riesgo cardiovascular.
Firma/Signatura1: _NAME_		Firma/Signatura2: _NAME_ Categoría: Resident 2	Categoría: Espec. Senior
Nº Matrícula HCP: _ID_	Nº Matrícula HCP: _ID_
Fecha/Data Informe: 23.05.2017
Hora Informe: 16:39:43
Docum.: _ID_
Hist. Clínica: _ID_
El _SS_ ha incorporado sus datos al Fichero de Pacientes, para tratarlos con fines sanitarios.
Puede ejercer sus derechos de acceso, rectificación, cancelación y oposición, así como obtener mas información en la Unidad de Atención al Cliente.
Vers. 00
Pag. 2 de
3
	]]></text>
</Section>
<Section span_begin="6830" span_end="6836" id="SECCION_PROCESO_ACTUAL" type="INFORMACIÓN SOBRE LA HISTORIA ACTUAL">
	<name><![CDATA[Episod]]></name>
	<text><![CDATA[
.: _ID_
_SS_ ha incorporat les seves dades al Fitxer de Pacients, per a tractar-los amb finalitats sanitàries. Pot exercir els seus drets d'accés, rectificació, cancel·lació i oposició, i obtenir més informació a la Unitat d'Atenció al Client.
_SS_
_LOCATION_) _LOCATION_) Tel. _CONTACT_ Fax _CONTACT_
http://_CONTACT_/	]]></text>
</Section>
</ehr>