<?xml version='1.0' encoding='UTF-8'?>
<ehr id="374056993.utf8.txt">
<Section id="DEFAULT_HEADER" type="DEFAULT_HEADER" >
	<name>DEFAULT_HEADER</name>
	<text><![CDATA[
_LOCATION_ Telf Consultes: _CONTACT_ / _CONTACT_
Telf Centraleta Hospital: _CONTACT_
Nº Història Clínica: _ID_
Cognoms, Nom: _NAME_
NºEpisodi: _ID_
CIP: _ID_
Sexe: Home
Data de Naixement: _DATE_   Edat: 73 Anys
NIF/DNI: _ID_Informe d'alta d'hospitalització
18:00:00
23.05.2017
_LOCATION_
_SS_ NEUROLOGIA
CP
ABS
Servei Data d'alta
_LOCATION_
_CONTACT_; _CONTACT_
DOMICIL/RES.SOC 13.05.2017
_NAME_
Adreça
Telèfon Procedència Data d'ingrés Atès per
	]]></text>
</Section>
<Section span_begin="449" span_end="463" id="SECCION_MOTIVO_DE_INGRESO" type="MOTIVO DEL INGRESO">
	<name><![CDATA[MOTIU D'INGRÉS]]></name>
	<text><![CDATA[
Episodi de disminució de consciència
	]]></text>
</Section>
<Section span_begin="502" span_end="513" id="SECCION_ANTECEDENTES" type="ANTECEDENTES">
	<name><![CDATA[ANTECEDENTS]]></name>
	<text><![CDATA[
Al·lèrgia penicil·lina.
Fumador actiu. Enol 3 UBE/dia. HTA, DLP i DM tipus II.
BAV 1r grau.
Antecedents de tuberculosi pulmonar en la juventud, tractada. Accident de tràfic amb TCE sever en la edat adulta.
No IQs.
	]]></text>
</Section>
<Section span_begin="730" span_end="748" id="SECCION_TRATAMIENTO_HABITUAL" type="INFORMACIÓN SOBRE TRATAMIENTO">
	<name><![CDATA[MEDICACIÓ HABITUAL]]></name>
	<text><![CDATA[
Insulina lantus 22-0-0+ velmetia 1-0-1 + Novonorm 2 mg 1-0-1. Ezetrol 10mg. Codiovan 80/12.5mg.
	]]></text>
</Section>
<Section span_begin="846" span_end="859" id="SECCION_PROCESO_ACTUAL" type="INFORMACIÓN SOBRE LA HISTORIA ACTUAL">
	<name><![CDATA[PROCÉS ACTUAL]]></name>
	<text><![CDATA[
Home de 73anys fumador i enol actius. HTA, dislipemia i diabetes tipus II. Ingresa a UCI el 13/05/2017 per quadre de disminució del nivell de consciència i focalitat NRL (DOC E, bobbing sense limitació, pupil·les lleu miòtiques, hemiparesia dreta, RCP flexors). Es va realitzar TAC cranial que mostrava infart antic cerebrel·lòs dret, sense lesions agudes. AngioTAC: Vertebral dreta hipoplàsica. A/S amb BQ i HMG i coagulació normals. PCR negativa. Toxics en orina negatius. LCR normal. Afebril. Es va iniciar tto empíric amb levetiracetam. Recuperació del nivell de consciència, presentant oftalmoplegia persistent i lleu paresia facial dreta. EEG 15/05 sense signes comicialògens. No evidència de crisis comicials durant l'estad a UCI.
	]]></text>
</Section>
<Section span_begin="1600" span_end="1617" id="SECCION_EXPLORACION_FISICA" type="INFORMACIÓN SOBRE LA EXPLORACIÓN FÍSICA">
	<name><![CDATA[EXPLORACIÓ FÍSICA]]></name>
	<text><![CDATA[
FC	60 bpm
Tªaxi 35.8 ºC
FR	rpm Tªrec  ºC
TA s	137 mmHg SAT O2 98 %
TA d   80 mmHg Pes Kg
AC: tons rítmics, no bufs. No bufs carotidis.
AR: murmuri vesicular conservat, sense sorolls sobreafegits. ABD: tou i depressible, no doloròs, no masses ni visceromegalies.
NRL: PFSN D sutil, diplopia binocular per limitació a la supra i infraversió i OIN E. Resta expl.NRL normal.
Expl.NRL al alta: conscientm, orientat, parla i llenguatge conservats, PICNR, limitació a la supra i infraversió amb recuperació de la movilitat ocular horitzontal, sense diplopia, campimetria normal, parells cranials conservats amb quasi ressolució de la paresia facial central dreta, no dèficits motors ni sensitius. RCP flexors. No dismetries. Marxa estable.
Informe d'alta d'hospitalització
	]]></text>
</Section>
<Section span_begin="2392" span_end="2417" id="SECCION_EXPLORACIONES_COMPLEMENTARIAS" type="INFORMACIÓN SOBRE PRUEBAS COMPLEMENTARIAS">
	<name><![CDATA[EXPLORACIÓ COMPLEMENTÀRIA]]></name>
	<text><![CDATA[
A/S: Ions normals. Cr 0.67mg/dl. Funció hepàtica normal. PCR negativa. Lactat normal. Amoni normal. HMG: Hb 11.6, Hto 35.8%, VCM 81fL. Leucos 6.8 (N47, L 1.2), Plaq 148.
Toxics en orina negatius.
LCR: Leucòctis 1mm3. Proteina 0.34g/l. Glucosa 74mg/dl. ADA i LDH normal. Cultius negatius.
TAC i Antio TAC crani: Hemiparesia derecha. TC craneal simple y angio-TC de TSA e intracraneal. Lesiones isquémicas antiguas, marcadamente hipodensas en el hemisferio cerebeloso derecho. Resto del parénquima cerebral y fosa posterior dentro de la normalidad. Sistema ventricular centrado sin desplazamientos de la línea media. Cuerto ventrículo y cisternas peripontinas conservadas. En el estudi angio-TC: Tronco basilar de pequeño calibre, sin oclusiones. Variante anatómica de arterias cerebrales anteriores (aparente ACA derecha única, posteriormente bifurcada). Arteria comunicante anterior presente. V4 derecha hipoplásica. CONCLUSIÓN: Exploración craneal sin lesiones parenquimatosas agudas. Angio-TC sin signos de patología aguda.
EEG 15/05: Estudi EEG de vigília i somnolència (fase N1) que mostra una activitat fonamentalment inestable i dèbilment sincronitzada en el que no s#observen signes comicialògens en el moment actual de l#exploració.
Planta Neurologia:
A/S: glucosa 254mg/dl, Cr 0.8mg/dl. Funció hepàtica normal. Albumina i proteina normals. Folats i cobalamines normals. TSH normal. Colesterol 144mg/dl, HDL 37mg/Dl, LDL 86mg/dl, Triglicèrids106mg/dl. HbAlc 7.5%. HMG: Hb 12, Hto 36.8%, VCM 80, Leucos 7.7 (N5.9, L0.8), plaq 147, TP 1.19.
Rx tòrax: ICT< 0.5, sins lliures, no masses ni condensacions.
ECG: ritme sinusal a 69ppm, PR 284, QRS 80, QT372, QTc399, sense alteracions de la repolarització.
Holter: Ritmo sinusal durante todo el registro a una FC media de 59 lpm; máxima de 77 lpm y mínima de 40 lpm.
Extrasistoles
supraventriculares aislados poco frecuentes. Extrasistoles ventriculares aislados de poca densidad. Pausas máxima de
2,33 segundos que corredsponde a ESV aislada bloqueada sobre paciente con BAV de primer grado. No se deteta FA-flutter.
DCO: RITMO SINUSAL SIN ARRITMIAS SIGNIFICATIVAS
Ecocardio: Hipertrofia ventrículo izquierdo septal severa. Función sistólica conservada. Disfunción diastólica grado I.
RMN cerebral: Lesión bitalámica probablemente de naturaleza  isquémica ( el comportamiento difusión-ADC probablemente se justifique por el tiempo de evolución ) probablemente secundaria a variante anatómica (art Percheron ). Parece menos probable considerar estas lesiones bitalámicas secundarias a trastorno tóxico-metabólico. Cambios involutivos en parénquima cerebral con signos de afectación isquémica de sustancia blanca.
AngioRMN: Ausencia de señal en segmento V4 derecho. Basilar permeable pero de calibre reducido de forma
Informe d'alta d'hospitalització
global sin estenosis focales. Arco aórtico sin variantes anatómicas, eje carotídeo bilateral permeable
	]]></text>
</Section>
<Section span_begin="5338" span_end="5354" id="SECCION_EVOLUCION" type="INFORMACIÓN SOBRE EVOLUCIÓN">
	<name><![CDATA[EVOLUCIÓ CLÍNICA]]></name>
	<text><![CDATA[
Home de 73 anys amb antecedent de HTA, dislipemia i diabetes tipus II. Ingresa a Neurologia per ictus minor vèrtebro-basilar amb afectació bitalàmica en probable contexte de variant anatòmica de arteria de Percheron. De forma aguda va cursar amb episodi de disminució del nivell de consciència autolimitat, quedant oftalmoplegia residual.
RMN cerebral mostra lesió talàmica bilateral i leucoaraiosi. AngioRMN sense estenosis significatives a nivell carotidi, reducció de calibre de V4 dret sense signes de disecció, en probable contexte de ateromatosi. Holter en ritme sinusal. Ecocardio amb signes de hipertròfia ventricular esquerra severa en probable contexte de HTA crònica.
S'inicia antiagregació amb AAS 100mg/dia. Es manté tto per HTA, dislipemia i diabetes. Es recomana abstenció de tabac i enol.
Sense incidències durant l'estada a planta. Inicialment diplopia binocular per oftalmoplegia, potserior milloria. Al alta, limitació a la supra i infraversió de la mirada bilateral sense diplopia.
Donada la estabilitat clínica, es decideix alta a domicili.
	]]></text>
</Section>
<Section span_begin="6418" span_end="6429" id="SECCION_DIAGNOSTICO_PRINCIPAL" type="DIAGNÓSTICO">
	<name><![CDATA[DIAGNÒSTICS]]></name>
	<text><![CDATA[
HTA, diabetes tipus II, dislipemia.
	]]></text>
</Section>
<Section span_begin="6467" span_end="6479" id="SECCION_PROCEDIMIENTOS" type="PROCEDIMIENTO">
	<name><![CDATA[PROCEDIMENTS]]></name>
	<text><![CDATA[
Estada a UCI.
Analítiques, ECG, Rx tórax, TAC cranial, RMN cerebral. AngioRMN. Holter. Ecocardio.
	]]></text>
</Section>
<Section span_begin="6579" span_end="6614" id="SECCION_TRATAMIENTO_AL_ALTA" type="INFORMACIÓN SOBRE TRATAMIENTO">
	<name><![CDATA[TRACTAMENT I RECOMANACIONS A L'ALTA]]></name>
	<text><![CDATA[
Reduir consum de tabac i alcohol.
Activitat física moderada diaria (camianr 30 min).
AAS 100mg 1 comprimido al dia via oral (comida) (aspirina). Codiovan 80/12.5mg 1 comprimido al dia via oral (desayuno).
Insulina lantus 22-0-0 (puede administrarse por la mañana o por la noche, preferentemente por la noche). Velmetia 1-0-1 (desayuno / cena)
Novonorm 2 mg 1-0-1 (desayuno / cena). Ezetrol 10mg 1 comprimido al dia via oral (cena).
Omperazol 20mg 1 comprimido al dia (desayuno) si precisa como protector gástrico (protector de estómago).
	]]></text>
</Section>
<Section span_begin="7155" span_end="7162" id="SECCION_CONTROL" type="INFORMACIÓN SOBRE TRATAMIENTO">
	<name><![CDATA[CONTROL]]></name>
	<text><![CDATA[
Control por Endocrinologo habitual.
Control de factores de riesgo cardiovascular por Médico de Familia.
DESTINACIÓ A L'ALTA:	A DOMICILI
Validat per: _NAME_	Col·legiat: _ID_
23.05.2017
Pàgina 1 de 3	]]></text>
</Section>
</ehr>