<?xml version='1.0' encoding='UTF-8'?>
<ehr id="374359584.utf8.txt">
<Section id="DEFAULT_HEADER" type="DEFAULT_HEADER" >
	<name>DEFAULT_HEADER</name>
	<text><![CDATA[
_LOCATION_
email: _CONTACT_ Telèfon _CONTACT_
Nº Història Clínica: _ID_
Cognoms, Nom: _NAME_
NºEpisodi: _ID_
CIP: _ID_
Sexe: Home
Data de Naixement: _DATE_   Edat: 84 Anys
NIF/DNI: _ID__NAME_; _NAME_; _NAME_
Informe de Trasllat a Sociosanitari
12:00:00
24.05.2017
_LOCATION_
_SS_ NORD UNITAT D'ICTUS
CP
ABS
Servei Data d'alta
_LOCATION_
_CONTACT_; _CONTACT_
DOMICIL/RES.SOC 20.05.2017
Adreça
Telèfon Procedència Data d'ingrés Atès per
	]]></text>
</Section>
<Section span_begin="438" span_end="452" id="SECCION_MOTIVO_DE_INGRESO" type="MOTIVO DEL INGRESO">
	<name><![CDATA[MOTIU D'INGRÉS]]></name>
	<text><![CDATA[
Varón de 84 años que ingresa por hematoma lobar.
	]]></text>
</Section>
<Section span_begin="503" span_end="514" id="SECCION_ANTECEDENTES" type="ANTECEDENTES">
	<name><![CDATA[ANTECEDENTS]]></name>
	<text><![CDATA[
-Alérgico a Sulfamidas.
-Cardiopatia isquemica (SCASEST Kilip I (2015) stent en DA).
-Fibrilación auricular en tratamiento con Amiodarona y sin tratamiento anticoagulante.
-Adenomectomia prostatica.
-SAHS.
-Prolapse mitral e IM severa intervenida (12/2006) con reconstrucción valvular.
	]]></text>
</Section>
<Section span_begin="803" span_end="827" id="SECCION_SITUACION_FUNCIONAL" type="ANTECEDENTES">
	<name><![CDATA[Situación sociofuncional]]></name>
	<text><![CDATA[
: independiente para todas las actividades de la vida diaria. mRS 1.
	]]></text>
</Section>
<Section span_begin="897" span_end="915" id="SECCION_TRATAMIENTO_HABITUAL" type="INFORMACIÓN SOBRE TRATAMIENTO">
	<name><![CDATA[MEDICACIÓ HABITUAL]]></name>
	<text><![CDATA[
AAS 100/24h, enalapril 20mg, pantoprazol 2, trangorex
	]]></text>
</Section>
<Section span_begin="971" span_end="984" id="SECCION_PROCESO_ACTUAL" type="INFORMACIÓN SOBRE LA HISTORIA ACTUAL">
	<name><![CDATA[PROCÉS ACTUAL]]></name>
	<text><![CDATA[
El día 20/5/17 a las 7:00 ha iniciado cefalea, ha tomado un paracetamol, aparentemente sin presentar ningún déficit neurológico. Sobre las 10h, al intentar levantarse, él y su mujer han constatado debilidad de miembro inferior izquierdo y posteriormente miembro superior por lo que han avisado al SEM, que activa el código ictus. (13:00h) El paciente es incluido en el registro RACECAT y se deriva directamente a urgencias de nuestro centro
	]]></text>
</Section>
<Section span_begin="1427" span_end="1444" id="SECCION_EXPLORACION_FISICA" type="INFORMACIÓN SOBRE LA EXPLORACIÓN FÍSICA">
	<name><![CDATA[EXPLORACIÓ FÍSICA]]></name>
	<text><![CDATA[
EXP. FÍSICA A URG: PAS158 , PAD 88 mmHg // FC de70 bpm // Glicèmia capil·lar:136
Vigil, desorientado en tiempo (1). No alteraciones del lenguage, disartria leve (1). Preferencia ocular derecha (1), hemianopsia homonima izquierda (2). Hemiplegia facio-braquio-crural (2+4+4), probable hemihipoestesia (1) y heminegligencia (2). NIHSS=18
	]]></text>
</Section>
<Section span_begin="1783" span_end="1813" id="SECCION_EXPLORACION_FISICA_DURANTE_HOSPITALIZACION" type="INFORMACIÓN SOBRE LA EXPLORACIÓN FÍSICA">
	<name><![CDATA[Exploración en Unidad de ictus]]></name>
	<text><![CDATA[
:
TA 156/69, afebril. FC 81 lpm.
Alerta, desorientado en tiempo. Disartria moderada severa (2). Nomina, repite y comprende órdenes. Preferencia ocular derecha (1), hemianopsia homonima izquierda (2), Hemiplegia facio-braquio-crural (2+4+4), probable hemihipoestesia (1) y heminegligencia (1). NIHSS 18
	]]></text>
</Section>
<Section span_begin="2116" span_end="2141" id="SECCION_EXPLORACIONES_COMPLEMENTARIAS" type="INFORMACIÓN SOBRE PRUEBAS COMPLEMENTARIAS">
	<name><![CDATA[EXPLORACIÓ COMPLEMENTÀRIA]]></name>
	<text><![CDATA[
-TC craneal de urgencias (14.30h): Voluminosos hematoma parieto-temporal derecho (123ml) que condiciona desplazamiento de la línea media hacia contralateral en 6.2mm, colapso del ventrículo lateral homolateral y
Informe de Trasllat a Sociosanitari
desplazamiento hacia anterior y craneal del segmento M2 y M3 de la ACM derecha. Ausencia de hallazgos en relación a sangrado agudo intraparenquimatoso.
-TC de control a las 24 horas: Estudio urgente de cráneo que muestra un voluminoso hematoma parieto-temporal derecho que ha aumentado discretamente respecto estudo previo y que condiciona un desplazamiento de la línea media hacia contralateral en 11 mm y un colapso del ventrículo lateral homolateral.
-Rxtorax: no se observan condensaciones claras, senos libres.
-Ag urgencias. 11340 leucos, gluc 140, resto normal.
-AG de control ingreso: nada destacable (se adjunta)
-TC de control 72h: estabilidad de voluminoso hematoma parieto tempota derecho con desplazamiento de la línea media hacia la izquierda, de aproximadamente 10 mm.
-Hemocultivos: pendientes.
	]]></text>
</Section>
<Section span_begin="3207" span_end="3223" id="SECCION_EVOLUCION" type="INFORMACIÓN SOBRE EVOLUCIÓN">
	<name><![CDATA[EVOLUCIÓ CLÍNICA]]></name>
	<text><![CDATA[
Paciente varón de 84 años con los antecendentes descritos que ingresa por extenso hematoma parieto temporal derecho. Estable hemodinámicamente, con leve mejoría clínica. Se realiza TC craneal de control a las 24 hroas que muestra aumento en las dimensiones del hematoma con desplazamiento de linea media de 11 mm.
Clínicamente alerta, por lo que se inicia sedestación y se realiza test de disfagia que muestra ingesta no segura e insuficiente por vía oral, por lo se decide colocación de SNG y nutrición enteral, que el paciente tolera sin problemas. Se realiza nuevo TC de control a las 48 horas que muestra estabilidad del hematoma.
Durante su estancia en la Unidad de Ictus ha Iniciado RHB pasiva. A las 48 horas presenta pico febril de 37.8ºC por lo se solicitan hemocultivos que estan pendientes y se realiza Rxtorax de control que no muestra condensaciones claras, se inicia antibiótico con la sospecha de broncoaspiración posible.
Manteniéndose en situación de estabilidad clínica y hemodinámica, se decide solicitar traslado a su centro de referencia para continuar con Convalescencia.
Al traslado NIHSS 18, rankin 5.
	]]></text>
</Section>
<Section span_begin="4351" span_end="4362" id="SECCION_DIAGNOSTICO_PRINCIPAL" type="DIAGNÓSTICO">
	<name><![CDATA[DIAGNÒSTICS]]></name>
	<text><![CDATA[
Hematoma parieto temporal derecho de posible etiología secundaria a angiopatía amiloide Infección respiratoria broncoaspirativa.
	]]></text>
</Section>
<Section span_begin="4493" span_end="4505" id="SECCION_PROCEDIMIENTOS" type="PROCEDIMIENTO">
	<name><![CDATA[PROCEDIMENTS]]></name>
	<text><![CDATA[
TC craneal AngioTC cerebral
	]]></text>
</Section>
<Section span_begin="4536" span_end="4571" id="SECCION_TRATAMIENTO_AL_ALTA" type="INFORMACIÓN SOBRE TRATAMIENTO">
	<name><![CDATA[TRACTAMENT I RECOMANACIONS A L'ALTA]]></name>
	<text><![CDATA[
Se adjunta.
DESTINACIÓ A L'ALTA:	SOCI SANITARI
Validat per: _NAME_	Col·legiat: _ID_
24.05.2017
Pàgina 1 de 2	]]></text>
</Section>
</ehr>