<?xml version='1.0' encoding='UTF-8'?>
<ehr id="374431534.utf8.txt">
<Section id="DEFAULT_HEADER" type="DEFAULT_HEADER" >
	<name>DEFAULT_HEADER</name>
	<text><![CDATA[
_LOCATION_ Tel. _CONTACT_
e-mail: _CONTACT_
Nº Història Clínica: _ID_
Cognoms, Nom: _NAME_
NºEpisodi: _ID_
CIP: _ID_
Sexe: Dona
Data de Naixement: _DATE_   Edat: 75 Anys
NIF/DNI: _ID__NAME_; _NAME_; _NAME_;
_NAME_
Informe d'alta d'hospitalització
16:30:00
24.05.2017
_LOCATION_
_SS_ NEUROLOGIA
CP
ABS
Servei Data d'alta
_LOCATION_
_CONTACT_; _CONTACT_; _CONTACT_
AGUTS 19.05.2017
Adreça
Telèfon Procedència Data d'ingrés Atès per
	]]></text>
</Section>
<Section span_begin="433" span_end="447" id="SECCION_MOTIVO_DE_INGRESO" type="MOTIVO DEL INGRESO">
	<name><![CDATA[MOTIU D'INGRÉS]]></name>
	<text><![CDATA[
Ictus
	]]></text>
</Section>
<Section span_begin="455" span_end="466" id="SECCION_ANTECEDENTES" type="ANTECEDENTES">
	<name><![CDATA[ANTECEDENTS]]></name>
	<text><![CDATA[
Paciente mujer de 75 años, no alérgias medicamentosas conocidas, sin hábitos tóxicos. Independiente para las ABVD, vive con el hijo, escala de Rankin modificada 0.
Antecedentes Patológicos:
-	Hipertensión Arterial en tratamiento farmacológico.
-	Diabetes Mellitus tipo 2 en tratamiento con ADOS, última HbA1c Sept/2016 7.2%. Como complicaciones probable nefropatía diabética con ínice alb/creat 53.7 mg/g. Se desconocen otras complicaciones. En seguimiento por su médico de cabecera.
-	Dislipemia en tratamiento farmacológico y seguimiento por su médico de cabecera.
- La familia refiere cardiomegalia con episodio de insuficiencia cardíaca, disnea de esfuerzo y disnea paroxística nocturna. No se disponen de informes. Último ETT 2014 con ventrículo izquierdo no dilatado, con ligera hipertrofia septal. Función sistólica global conservada sin aparentes defectos de la contractilidad segmentaria.
-	Insuficiencia renal crónica leve en control por médico de cabecera, última analítica con creatinina de 1,2 mg/dl, con FG 63.
-	Trombocitosis con JAK2 negativo en control por hematología en nuestro centro, última visita en julio 2016
-	Pancreatitis aguda secundaria a intoxicación por setas en 11/2016. TC control de Marzo/2016 páncreas de tamaño, morfología y densidad normales, marcada reducción de la colección localizada en el saco menor, persistiendo una pequeña lengüeta a dicho nivel.
- Ulcera venosa cara externa pierna izquierda de larga evolución. En 2009 fue valorada por Cir Vascular de Can Ruti. Se practicó una Eco doppler de EEII que descartó la presencia de una TVP.
-	Trombloflebitis en extremidad inferior derecha en febrero/2015, descartándose TVP.
-	Enfermedad por reflujo gastroesofágico en tratamiento con Omeprazol 20 mg
-	Actualmente se encontraba ingresada en _SS_ por colecistectomía endoscópica el día 17.05.2017 motivo por el que se habia retirado el tratamiento antiagregante.
-	Episodio de retención aguda de orina en el 2009 que ameritó sondaje vesical. Se  desconocen nuevos episodios.
- Mioma uterino calcificado de 62mm.
- IQ cesárea
	]]></text>
</Section>
<Section span_begin="2537" span_end="2555" id="SECCION_TRATAMIENTO_HABITUAL" type="INFORMACIÓN SOBRE TRATAMIENTO">
	<name><![CDATA[MEDICACIÓ HABITUAL]]></name>
	<text><![CDATA[
Adalat 20mg  1comp/24h, Adiro 100mg 1comp/24h, Atenolol 100mg 1comp/24h, Enalapril 10mg 1comp/12h, Fenofibrato 160mg 1comp/24h, Hidrasaluretil 50mg 1comp/24h, Hydrea 500mg 1comp/24h, Metformina 850mg 1comp(24h, Omeprazol 20mg 1comp/24h, Simvastatina 20mg 1comp/24h, Paracetamol
	]]></text>
</Section>
<Section span_begin="2835" span_end="2848" id="SECCION_PROCESO_ACTUAL" type="INFORMACIÓN SOBRE LA HISTORIA ACTUAL">
	<name><![CDATA[PROCÉS ACTUAL]]></name>
	<text><![CDATA[
Paciente ingresada en _SS_ por colecistectomía (por lo que se habia retirado tratamiento antiagregante),
Informe d'alta d'hospitalització
estando previamente asintomática hoy 18.05.2017 sobre las 17:40h presenta de forma súbita alteración de lenguaje y desviación de la comisura bucal por lo que activa código ictus a las 17:40h, la paciente llega nuestro centro a las 18:30h.
	]]></text>
</Section>
<Section span_begin="3232" span_end="3249" id="SECCION_EXPLORACION_FISICA" type="INFORMACIÓN SOBRE LA EXPLORACIÓN FÍSICA">
	<name><![CDATA[EXPLORACIÓ FÍSICA]]></name>
	<text><![CDATA[
FC	99 bpm
Tªaxi 36.3 ºC
FR	rpm Tªrec  ºC
TA s	152 mmHg SAT O2 100 %
TA d   92 mmHg Pes Kg
Glicemia capilar 180mg/dL.
	]]></text>
</Section>
<Section span_begin="3370" span_end="3406" id="SECCION_EXPLORACION_FISICA_EN_URGENCIAS" type="INFORMACIÓN SOBRE LA EXPLORACIÓN FÍSICA">
	<name><![CDATA[Exploración neurológica en urgencias]]></name>
	<text><![CDATA[
: Paciente consciente y orientada, comprende ordenes simples y complejas, nomina, evoca y repite correctamente, disartria leve.moderada, leve paresia facial derecha central, no alteración de PPCC bajos, no déficit motor ni sensitivo, RCOP flexor bilateral.
NIHSS (0.0.0)0.0//1(0.0)(0.0)//0.0.0. 1.0 = 2.
Exploración neurológica en unidad de ictus: Paciente consciente y orientada, comprende ordenes simples y complejas, nomina, evoca y repite correctamente, disartria severa, paresia facial derecha central con componente superior, no alteración de PPCC bajos, no déficit motor ni sensitivo, RCP flexor bilateral.
NIHSS (0.0.0)0.0//3(0.0)(0.0)//0.0.0. 2.0 = 5
Exploración sistémica: Auscultación cardíaca con tonos regulares sin soplo, auscultación respiratoria con murmullo vesicular conservado sin ruidos sobreañadidos, abdomen blando y depresible, no doloroso a la palpación, no se palpa masa ni megalia, peristaltismo vonservado. Edemas crónicos en extremidades inferiores, no signos de trombosis venosa profunda en extremidades inferiores.
	]]></text>
</Section>
<Section span_begin="4454" span_end="4479" id="SECCION_EXPLORACIONES_COMPLEMENTARIAS" type="INFORMACIÓN SOBRE PRUEBAS COMPLEMENTARIAS">
	<name><![CDATA[EXPLORACIÓ COMPLEMENTÀRIA]]></name>
	<text><![CDATA[
Analíticas
Urgente (18/05/17): Hemograma: leucocitos 13000 (N 66,9%, L 21,6%, M 9,7%), Hb 12,9g/dL, Hto 39,3%, plaquetas 388.000. Hemostasia: TP 86%, fibrinógeno 381mg/dL, TTPA 25,7seg. Bioquímica: glucosa 113mg7dL, urea 67,5mg/dL, creatinina 1,24mg/dL; Na 135,3mmol/L, K 3,4mmol/L, PCR 10,7mg/L.
Ingreso (19/05/2017): Hemograma: 8000 (N 73,3%, L 17,3%, M 7,9%), Hb 13,9g/dL, Hto 42,6%, plaquetas
396.000. Hemostasia: TP 83%, fibrinógeno 422mg/dL, TTPA 27,8seg. Glucosa 398mg/dL, HbA1c 6,8%, proteína 79,7g/L, albúmina 36,9g/L, urea 40mg/dL, FG 63 mL/min/1.73 m2, creatinina 0,90mg/dL, urato 5,9mg/dL, Mg 1,88mg/dL, Na 134,3mmol/L, K 4,55mmol/L, Bil 0,79mg/dL, FA 63U/L, ALT 32U/L, GGT 71U/L, LDH 164U/L, PCR 12,5mg/L. Bioquímica lípidos: TG 113mg/dL, colesterol 170mg/dL, HDL 46,7mg/dL, LDL 101mg/dL. Proteinograma sin alteración. TSH 0,610mcUI/mL.
Electrocardiograma: ritmo sinusal 60lpm, PR 160ms, eje QRS 0, QRS 110ms, no alteración de repolarización aguda.
Radiografía de tórax (19/05/17): ICT >0.5, senos costofrénicos libres, engrosamiento de hilio pulmonar con signos de redistribución vascular.
TC craneal con angioTC urgente (18/05/17): No se observan lesiones isquémicas ni hemorrágicas agudas. Lesiones parenquimatosas en núcleo lenticulado derecho, cápsula interna y tálamo, así como en corona radiada y cuerpo de núcleo caudado derechos, compatibles con lesiones residuales de probable origen isquémico antiguo.
Informe d'alta d'hospitalització
Sin otros hallazgos TC destacables. Angio-TC TSA y craneal. Correcta permeabilidad de los vasos arteriales cervicales y de los vasos arteriales y venosos craneales. Hipoplasia de arteria cerebral posterior derecha. Sin otros hallazgos TC destacables.
Ecocardiograma Transtorácico (19/05/17): Ventriculo izquierdo ligeramente hipertrófico, no dilatado, sin alteraciones de la contractilidad y función sistólica conservada (FE 59%). Aurícula izquierda severamente dilatada Válvula aórtica esclerosada con estenosis ligera. Cavidades derechas no dilatadas y normocontráctiles.
Resonancia cerebral con angioRM (22/05/17): Se aprecian focos de isquemia de aspecto subagudo cortical en los tercios medio e inferior en el giro precentral izquierdo, con algún foco puntiforme más alto. No muestran sufusión hemorrágica, ni edema circundante. No se aprecian otras lesiones isquémicas agudas o recientes. Lacunar crónico en corona radiada y cola del putamen derecho, y algún otro pequeño lacunar en ganglios de la base. De forma dudosa podría haber una mínima lesión isquémica crónica cortical en hemisferio cerebeloso derecho. No se aprecia una leucoencefalopatía relevante, ni tampoco hemorragias o microhemorragias ni otros depósitos minerales anómalos. Parénquima cerebral que no muestra otras alteraciones relevantes de la señal. Sistema ventricular de tamaño y morfología normales. Cisternas de la base patentes y libres. No se aprecian efectos de masa, ni otras alteraciones morfológicas relevantes. Los vasos intracraneales muestran vacío de señal en T2, sugiriendo permeabilidad. En la angio-RM intracraneal, que ante secuencia de flujo, se aprecia irregularidad en la porción distal de ACP derecha y de algunas ramas silvianas de ACM izquierda, aunque no se aprecian oclusiones, ni estenosis definitivas u otras alteraciones morfológicas relevantes. Conclusión: Pequeños focos de isquemia reciente en territorio superficial de ACM izquierda, afectando al giro precentral.
Monitorización contínua en UIA (desde el ingreso hasto el alta 5 dias): sin alteraciones del ritmo.
	]]></text>
</Section>
<Section span_begin="8021" span_end="8037" id="SECCION_EVOLUCION" type="INFORMACIÓN SOBRE EVOLUCIÓN">
	<name><![CDATA[EVOLUCIÓ CLÍNICA]]></name>
	<text><![CDATA[
Paciente mujer de 75 años de edad con factores de riesgo cardiovascular que presenta paresia facial y alteración de lenguaje en contexto de postoperatorio de colecistectomía endoscópica, para la que se habia suspendido el tratamiento antiagregante con AAS 100 mg. Se activó código ictus y la paciente llega a Urgencias del nuestro centro con 50min de clínica.
A su llegada a urgencias la paciente se encuentra hemodinámicamente estable, la exploración neurológica destaca disartria leve-moderada con paresia facial derecha central, puntuando NIHSS de 2. Analítica urgente muestra leve aumento de RFA que podría ser en contexto de postoperatorio, electrocardiograma está en ritmo sinusal, TC craneal que no muestra lesión isquémica ni hemorrágica aguda, angioTC no muestra oclusión de gran vaso. Por colecistectomía reciente se desestima tratamiento fibrinolítico endovenoso, por ausencia de oclusión de gran vaso y clínica minor se desestima trombectomía.
Se orienta el caso como ictus isquémico minor/lacunar izquierdo de territorio indeterminado y etiología indeterminada, se inicia antiagregación con adiro después de valorar riesgo-beneficio y consensuar con guardia de Cirugía general. Durante su estancia en urgencias presenta empeoramiento de la disastria e inicia con episodio de disnea moderada, por lo que se solicita ingreso en UIA para continuar estudio y evolución.
Informe d'alta d'hospitalització
Durante el ingreso la paciente se mantiene con tendencia a la hipertensión con algunas determinaciones de hiperglicemia. La analítica de ingreso muestra HbA1c 6,8%, los perfiles lipídico y tiroideo sin alteración. También destaca leve aumento de GGT y leve aumento de reactante fase aguda probablemente en contexto de colecistectomia. También se completa estudio con ecocardiograma transtorácico que muestra dilatación aurícula izquierda severa con función ventricular conservada (FE 59%). La Resonancia magnética muestra lesión isquémica en territorio cortical ACM izquierda (opercular). Se orienta el caso como ictus isquémico de territorio ACM izquierda de mecanismo embólico y etiología indeterminada después del estudio completo, por lo que tras comprobar que ciumple con los criterios de inclusión/exclusión se popone a la paciente y familia participación en estudio de prevención secundaria Navigate-ESUS. Se cita para el próximo lunes para su inclusión en el estudio.
Clínicamente presenta estabilidad neurológica con persistencia de disfagia a líquidos, disartria moderada y paresia facial derecha. Se inicia dieta oral con espesante, sedestación y deambulación. Es valorada por servicio de Rehabilitación que pauta fisioterapia con terapia ocupacional y logopedia.
Por heridas de colecistectomía endoscópica es valorada por servicio de Cirugía general que retira el drenaje. Como hallazgo incidental se observa nódulo tiroidea de predominio izquierdo sin compromiso aérea que es comentado con servicio de Cirugía general, pendiente de valoración.
Al alta NIHSS 3
mRS 2
	]]></text>
</Section>
<Section span_begin="11038" span_end="11049" id="SECCION_DIAGNOSTICO_PRINCIPAL" type="DIAGNÓSTICO">
	<name><![CDATA[DIAGNÒSTICS]]></name>
	<text><![CDATA[
436/5 Ictus isquémico lacunar/minor izquierdo de territorio indeterminado y de etiología indeterminada después de estudio completo
OD
1.	Ictus isquèmico agudo de territorio cortical ACM izquierda de mecanismo embólico y etiologia indetreminad tras estudio completo (ESUS)
2.	HTA
3.	DM tipo 2
4.	Dislipemia
	]]></text>
</Section>
<Section span_begin="11358" span_end="11393" id="SECCION_TRATAMIENTO_AL_ALTA" type="INFORMACIÓN SOBRE TRATAMIENTO">
	<name><![CDATA[TRACTAMENT I RECOMANACIONS A L'ALTA]]></name>
	<text><![CDATA[
Stop Adiro 100mg 1comp/24h.
Stop Simvastatina 20mg 1comp/24h.
Dieta túrmix con espesante. Adiro 300mg 1comp/24h vo.
Atorvastatina 40mg 1comp/24h vo. Resto de medicación igual
	]]></text>
</Section>
<Section span_begin="11570" span_end="11577" id="SECCION_CONTROL" type="INFORMACIÓN SOBRE TRATAMIENTO">
	<name><![CDATA[CONTROL]]></name>
	<text><![CDATA[
Acudir el 29.05.2017 a las 08:15h a consultas externas de Neurología (Dra. _NAME_).
Informe d'alta d'hospitalització
Acudir el 26.06.2017 a las 09:50h a consultas externas de Neurología (Dra. _NAME_). Será avisada para logopedia en nuestro centro.
Será avisada para consultas externas de Cirugía General
DESTINACIÓ A L'ALTA:	A DOMICILI
Validat per: _NAME_	Col·legiat: _ID_
24.05.2017
Pàgina 1 de 5	]]></text>
</Section>
</ehr>