<?xml version='1.0' encoding='UTF-8'?>
<ehr id="376345848.utf8.txt">
<Section id="DEFAULT_HEADER" type="DEFAULT_HEADER" >
	<name>DEFAULT_HEADER</name>
	<text><![CDATA[
1/ 2
Cognoms:   _NAME_	Adreça:  _LOCATION_
Nom:	_NAME_	_LOCATION_
Edat: 65	Sexe:H	CIP:	_ID_	NIF:	_ID_
Data naixement:   _DATE_	NHC:	_ID_	NASS:    _ID_
Telèfon / Mòbil:	_CONTACT_ / _CONTACT_
INFORME  D'ASSISTÈNCIA
Metge/essa:	_NAME_	Servei:	Neurologia
Data ingrés:	26/05/ 2017	Data Alta: 30-05-2017
S'informa a:	Metge de família	Núm.  llit: _ID_
	]]></text>
</Section>
<Section span_begin="352" span_end="363" id="SECCION_DIAGNOSTICO_PRINCIPAL" type="DIAGNÓSTICO">
	<name><![CDATA[DIAGNÒSTICS]]></name>
	<text><![CDATA[
:
1.	Ictus isquèmic, de topografia no demostrada per neuroimatge, probablement lacunar a territori d'ACM E.
2.	HTA
3.	DLP
4.	DM
5.	Arteriopatia obliterant EEII
6.	Ictus isquèmics antics, aterotrombòtics i lacunars
Pacient de 65 anys d'edat, sense al.lèrgies medicamentoses conegudes, fumador fins fa uns 10 anys, enolisme de 10 gr al dia, que ingressa per ictus.
	]]></text>
</Section>
<Section span_begin="730" span_end="753" id="SECCION_ANTECEDENTES_PATOLOGICOS" type="ANTECEDENTES">
	<name><![CDATA[ANTECEDENTS  PATOLÒGICS]]></name>
	<text><![CDATA[
:
-	HTA.
-	Dislipèmia.
-	Diabetis mellitus tipus 2 insulinodepenent, en seguiment per Endocrinologia. Hb glic (2015) 8'7 %.
-	Ictus isquèmic considerat aterotrombòtic a braç posterior de càpsula  externa esq,  l'any  2011,  recuperat sense seqüeles. Va ser ingressat a Neurologia a _SS_ i segueix tractament amb doble antiagregació (AAS + Clopidogrel) des de llavors. La RMN cranial  va mostrar infart agut a braç posterior de càpsula externa esq., i infart llacunar crònic talàmic esq. ECG-Holter, EcoDTSA/ DTC i Ecocardiograma no van mostrar  alteracions significatives.
-	Arteriopatia perifèrica severa obliterant EEII: isquèmia grau IV peu dret, que va requerir amputació distal de dits el juliol.05; isquèmia subaguda a EEII de predomini esq. el 2005, secundari a aneurisma  d' aorta abdominal i obliteració de troncs distals bilateralment, a més de lisi del cos vertebral per l'aneurisma segons va mostrar la TAC abdominal; va requerir intervenció d'urgències realitzant-se resecció de l'aneurisma amb by pass aorto bifemoral i amputació transtibial esquerra.
-	Suboclusió intestinal el 2014 que va requerir ingrés hospitalari, resolt amb tractament mèdic.
-	Insuficiencia venosa crònica.
-	Pneumònia necrotitzant adquirida a la comunitat a LSD Fine I, que va requerir ingrés el maig-15.
-	IQx: herniorràfia umbilical; herniorràfia inguinal bilateral; postectomia; by pass aorto bifemoral i amputació transtibial esquerra (2005).
	]]></text>
</Section>
<Section span_begin="2189" span_end="2213" id="SECCION_SITUACION_FUNCIONAL" type="ANTECEDENTES">
	<name><![CDATA[Situació sociofuncio nal]]></name>
	<text><![CDATA[
: Independent per les acti vit ats bàsiques de la vida diària. Viu a domicili amb l' esposa. Portador de pròtesi crural esq. post-amputació; camina amb dues crosses.
	]]></text>
</Section>
<Section span_begin="2379" span_end="2400" id="SECCION_TRATAMIENTO_HABITUAL" type="INFORMACIÓN SOBRE TRATAMIENTO">
	<name><![CDATA[Tractame nt ha bitual]]></name>
	<text><![CDATA[
 (se go ns rece pta electrònica ): Plavix 75 mg, 1 comp. al dia. AAS 100 mg, 1 comp. al dia.
Cardyl 40 mg 1-0-0. Enalapril 10 mg, 1-0-0. Lantus solostar 38 u. cada 24 hores. Novonorm 1 mg, 1 cada 8 hores. Ranitidina 150 mg, 1 comp. cada 12 hores. Xiliarx 50 mg, 1 comp. cada 12hores.
	]]></text>
</Section>
<Section span_begin="2685" span_end="2702" id="SECCION_MOTIVO_DE_INGRESO" type="MOTIVO DEL INGRESO">
	<name><![CDATA[MOTIU DE CONSULTA]]></name>
	<text><![CDATA[
:
El pacient presenta al despertar el matí del 26.05.17 a les 08:30 hores (havent anat a dormir el dia abans asimptomàtic a les 23 hores) malaptesa a mà dreta sense altres símptomes associats, pel que acudeix a Urgències. A la seva arribada a Urgències és val orat com a codi ictus (09:01 hores). TA 154/70, RS i exploració neurològica que mostra únicament Miller Fisher dret, sense altres alteracions. NIHSS 0. TAC cranial i angio - TAC (09:20 h) que mostren infarts llacunars crònics sense altres alteracions.
La simptomatologia tendeix cap a la milloria ja des de la seva arribada a Urgències, pel que tenint en compte la cronologia incerta, la normalitat de l'angio TAC i la mínima simptomatologia, no es considera  tributari  de tractament de reperfusió en fase aguda. Es decideix ingrés a Neurologia.
	]]></text>
</Section>
<Section span_begin="3510" span_end="3528" id="SECCION_EXPLORACION_FISICA" type="INFORMACIÓN SOBRE LA EXPLORACIÓN FÍSICA">
	<name><![CDATA[EXPLORACIÓ  FÍSICA]]></name>
	<text><![CDATA[
:
TA a Urgències 145/ 70, a planta 130/ 57. Afebril. Glicèmia 211. AC: rítmica, no bufs. No bufs a TSA. AR: MVC, eupneic. Abdomen: tou i depressible, no megàlies, no edemes val orables.
Exploració   neurològica:   Conscient  i   orientat.  Llenguatge   normal.   No   alteracions  de   parells  cranials   ni
campimètriques. Mínim Miller Fisher positiu dret, sense altres parèsies, alteracions de la sensibilitat ni de coordinació valorables. Reflexes miotàtics presents i simètrics. RCP no valorable per amputació. Marxa amb doble recolzament bilateral. NIHSS 0.
	]]></text>
</Section>
<Section span_begin="4093" span_end="4123" id="SECCION_EXPLORACIONES_COMPLEMENTARIAS" type="INFORMACIÓN SOBRE PRUEBAS COMPLEMENTARIAS">
	<name><![CDATA[EXPLORACIONS   COMPLEMENTÀRIES]]></name>
	<text><![CDATA[
:
Analítica a Urgències: glucosa 243, resta de  bioquímica,  hemograma  i  coagulació  sense  alteracions significatives. Plaquetes 134.000.
Analítica a pla nta: glucosa 219'5, resta de bioquímica incloent perfil lipídic sense alteracions significati ves. Plaquetes 120.000. Resta d'hemograma sense alteracions.
TA C crani al i angio TA C d' Ur gènc i es : Estructures de la  l ínia  mitjana  centrades.  Sistema  ventricular supratentorial lleument dilatat. Solcs corticals de la convex itat, cisternes basals i valls silvi ans eixamplats. Àrees hipodenses d'aspecte isquèmic  crònic  en caudat dret i periventricular frontal esquerra. No  s'observen alteracions en el parènquima cerebral ni cerebel·lós. El trajecte intracranial de les artèries caròtides internes, artèries cerebrals mitjanes dreta i anteriors mostren una correcta permeabilitat sense estenosi o dilatació aneurismática. Absència de A 1 dreta, L'ACA neix de la caròtida esquerra com a variant normal. Les artèries vertebrals, el tronc basilar i les artèries cerebrals posteriors són permeables. Absència de comunicants posteriors. S'identifiquen les PIQUES, AICAS i cerebel·loses superiors sense alteracions. Artèries caròtides primitives, internes i externes. Ateromatosi càlciques aïllades  en caròtides internes bilaterals i bulbs carotidis que no causen obstrucció significativa. CONCLUSIÓ: TC crani -encefàlic amb signes d'involució parenquimàtica cortico-subcortical, en grau moderat. Infarts lacunars.
ECG a Urg ències: RS a 60x', sense alteracions de la repolarització.
ECG-Holte r: Ritme Sinusal. FC entre 48 i 92 bpm amb una FC mitja de 64 bpm. ESVs ocasional. EVs també ocasional amb una parella polimòrfica. No taqui ni bradiarítmies. No pauses significatives. No canvis  en  el segment ST.
Ecocardio grama: Ventricle esquerre amb lleugera hipertròfia septal. FEVE normal. Insuficiència aòrtica molt lleugera.  Cavitats dretes sense troballes patològiques.
RMN  c rani al:  Moderada  dilatació  simètrica  del  sistema  ventricular,  associada  a  una  dilatació  proporcional
d'espais subaracnoïdals cerebrals compatible amb atròfia cortico-subcortical. Àrea hiperintensa en T2 i Flair en corona radiata esquerra compatible amb AVC crònic. Infarts lacunars en caudat dret i protuberància. No s'observen lesions isquèmiques agudes. Línia mitjana centrada. No s 'observen altres lesions en parènquima cerebral, cerebel·lós ni en tronc encefàlic. Principals estructures vasculars amb senyal de flux normal. Unió crani-cervical sense alteracions.
Eco.TSA: es realitzarà ambulatòriament.
EVOLUCIÓ i COMENTARIS:
Pacient de 65 anys d'edat, ex-fumador, amb factors de risc cardiovascular, antecedents d'ictus isquèmic aterotrombòtic i d'arteriopatia obliterant severa EEII, que ha presentat un altre ictus isquèmic, a territori probablement d'ACM esq. -no demostrada per neuroimatge- i d'etiologia probablement per patologia de petit vas, no objetivant-se alteracions a l'angioTC TSA ni a l'estudi cardiològic practicat.
Ha evolucionat favorablement, quedant asimptomàtic al tercer dia de l'inici de la clínica, pel que es decideix l'alta a domicili, per a completar l'estudi i seguiment ambulatori a CCEE Neurologia. A l' alta l'exploració neurològica es normal (NIHSS 0, Rankin 0). Es manté el seu tractament antiagregant juntament amb optimització del control dels seus FRCV.
	]]></text>
</Section>
<Section span_begin="7478" span_end="7488" id="SECCION_TRATAMIENTO_HABITUAL" type="INFORMACIÓN SOBRE TRATAMIENTO">
	<name><![CDATA[TRACTAMENT]]></name>
	<text><![CDATA[
:
·	Cardyl 40 mg 2-0-0
Resta del seu tractament habitual: Plavix 75 mg, 1 comp. al dia. AAS 100 mg, 1 comp. al dia. Enalapril 10 mg, 1-0-0. Lantus solostar 38 u. cada 24 hores. Novonorm 1 mg, 1 cada 8 hores. Ranitidina 150 mg, 1 comp. cada 12 hores. Xiliarx 50 mg, 1 comp. cada 12hores.
Signat per _NAME_ núm.col: _ID_ Data/Hora:30-05-2017 16:33	]]></text>
</Section>
</ehr>