<?xml version='1.0' encoding='UTF-8'?>
<ehr id="377087238.utf8.txt">
<Section id="DEFAULT_HEADER" type="DEFAULT_HEADER" >
	<name>DEFAULT_HEADER</name>
	<text><![CDATA[
Informe d'Alta Hospitalària	Cognoms i nom:
_NAME_	NHC:
_ID_
	ABS:
_SS_	CIP:
_ID_	DNI:
_ID_
	Data de naixement:
_DATE_	Sexe:
Home	Edat:
54a	Telèfon:
_CONTACT_
	Finançament:
CatSalut - _LOCATION_	Procedència:
URGÈNCIES
	Admissió:
29.05.2017 - 17:09	Servei:
NEUROLOGIA HOSP	Data entrada urg.:
27.05.2017 - 11:48
Adreça:
_LOCATION_	Població:
_LOCATION_	Codi Postal:
_LOCATION_
	]]></text>
</Section>
<Section span_begin="381" span_end="398" id="SECCION_MOTIVO_DE_INGRESO" type="MOTIVO DEL INGRESO">
	<name><![CDATA[Motivo de ingreso]]></name>
	<text><![CDATA[
:
Paciente de 54 años que ingresa por AIT de repetición
	]]></text>
</Section>
<Section span_begin="456" span_end="468" id="SECCION_ANTECEDENTES" type="ANTECEDENTES">
	<name><![CDATA[ANTECEDENTES]]></name>
	<text><![CDATA[
-	No AMC
-	Hábitos tóxicos: Fumador activo 7 cigarrillos / día. No enol.
-	Obesidad (IMC 38.78).
Factores de riesgo vascular: HTA, DLP, DM (HbA1c 7,9% febrero17).
-	Asma bronquial, no precisa BD crónicos ni corticoides ni constan agudizaciones frecuentes.
-	Cólico biliar hace 15 años. Se detectó colelitiasis. No ha realizado seguimiento médico.
-	Hematuria macroscópica autolimitada en 2011 en contexto de doble antiagregación.
-	Hª cardiológica:
Miocardiopatía isquémica no dilatada con FEVI moderadamente deprimida (36%). Controles en HSCSP (Dr._NAME_-_NAME_).
*	Debutó en forma de IAM con BRIHH Killip III en 2011 realizándose KT emergente que mostró CTO de DA (colaterales desde D1 y CD) y oclusión trombótica de CDm, implantándose BMS (TITAN 4.5x19mm). FEVI entonces 35%.
*	Nuevo ingreso ese mismo año por EAP + DT por que se activó código (tiene Q con supradesnivel ST anterior crónico) en el que se observó permeabilidad del BMS en CD y misma anatomía del árbol izquierdo. SPECT con ligera isquemia inducible en territorio de DA, TAC-MD que informaba de viabilidad técnica para la ACTP con garantía de éxito, se realizó finalmente ACTP sobre la CTO de la DAm en octubre de 2011 implantándose 3 DES solapados (de distal a proximal 2.25 x 32, 2.5 x 38 y 2.75 x 38mm) con buen resultado y sin side Brach oclussion. La DA más distal tiene enfermedad difusa sin lesiones significativas.
*	Ingreso en 2013 por edema agudo de pulmón en contexto de HTA severa (en contexto de IRVB+AINEs+ transgresión dietética). Aneurisma apical con trombo intraaneurismático.
*	Ingreso en 2015 por IAM anterior en 2015. Cateterismo izquierdo (20/1/2015): Enfermedad  arterial coronaria significativa de 1 vaso:
-	DA proximal ocluida 100% de aspecto agudo, con oclusión creónica distal . Vaso distal visualizado a través de circulación colateral heterocoronaria desde coronaria derecha (RENTROP 3) sin lesiones significativas, Stent en CD media permeable sin signos de reestenosis
-	Ecocardio 01/2015: Se aprecia ventrículo izquierdo significativamente dilatado, con área de disquinesia ántero-septal medial y apical, y función ventricular global reducida FEVI 36%.
-	Tratamiento habitual 05/17:
Aspirina 100 mgr/d
Atorvastatina 80 mgr/d
Omeprazol 20 mgr/d Bisoprolol 5mg 1.5/d Coronur 20 mgr/8h
Cafinitrina sublingual si lo precisa.
Synjardy 5mg / 1000mg (METFORMINA + EMPAGLIFLOZINA)
-	Situación social: Trabaja de vigilante. FFSS conservadas y autónomo para las AVD. mRS 0.
	]]></text>
</Section>
<Section span_begin="2936" span_end="2953" id="SECCION_PROCESO_ACTUAL" type="INFORMACIÓN SOBRE LA HISTORIA ACTUAL">
	<name><![CDATA[ENFERMEDAD ACTUAL]]></name>
	<text><![CDATA[
-	El 27/05/17, en tono a las 11:45 mientras estaba en domicilio hablando con su madre ha presentado alteración del lenguje consistente en dificultad a la hora de articular la palabra, de menos de 1 minuto de duración y decide consultar en Urgencias. Una vez en el hospital presenta un segundo episodio de alteración del lenguaje algo más prolongado (aunque tampoco llega a un minuto de duración), activándose código ictus intrahospitalario. Niega otra clínica asociada (no cefalea, visión doble o borrosa, pérdida de fuerza, alteración de la sensibilidad o la coordinación, palpitaciones o dolor torácico). Se mantiene hemodinámicamente estable.
-	A la exploración neurológica, paciente consciente y orientado, con NIHSS de 0 y exploración neurológica correcta. Se realiza TC cerebral y angio TC sin revelar lesiones agudas, descartándose tratamiento fibrinolítico por clínica autolimitada y NIHSS 0. Dado que no presenta oclusión de gran vaso se desestima tratamiento endovascular. Se orienta como AITs en territorio indeterminado de probable etiología cardioembólica y se inicia anticoagulación con BIC de heparina. En posteriores controles de TTPa, no alcanza rango a pesar de dosis completas (350 mg / día), por lo que se comenta con hemostasia y se decide inicio de anticoagulación con bemiparina 15000 UI/d. En Urgencias se mantiene asintomático salvo por episodio febril, debido a lo cual se cursan sedimento de orina (con resultado negativo) y hemocultivos, y se decide ingreso en Neurología.
	]]></text>
</Section>
<Section span_begin="4456" span_end="4474" id="SECCION_EXPLORACION_FISICA" type="INFORMACIÓN SOBRE LA EXPLORACIÓN FÍSICA">
	<name><![CDATA[EXPLORACIÓN FÍSICA]]></name>
	<text><![CDATA[
En Urgencias: Hemodinámicamente estable y afebril.
CV: TA 142/72mmHg, FC 77lpm, FR: 18rpm, Tª 36,5ºC, sat 97% al aire.
	]]></text>
</Section>
<Section span_begin="4595" span_end="4631" id="SECCION_EXPLORACION_FISICA_EN_URGENCIAS" type="INFORMACIÓN SOBRE LA EXPLORACIÓN FÍSICA">
	<name><![CDATA[Exploración neurológica en Urgencias]]></name>
	<text><![CDATA[
-	Vigil
-	Orientado en las tres esferas
-	No rasgos afásicos ni disartria
-	MOE correcta, campimetría por confrontación normal
-	No paresia facial
-	Trigémino sensitivo motor correcto
-	Pares bajos normales
-	Balance motor normal
-	Sensibilidad conservada
-	RCP flexor bilateral
-	No dismetrías NIHSS = 0
En Sala de neurología 30/05/17
-	Vigil y orientado. Sin rasgos afásicos ni disartria.
-	PPCC correctos, MOE correctos, campimetría normal.
-	Balance motor normal.
-	Sensibilidad correcta.
-	Sin dismetrías.
-	NIHSS = 0
	]]></text>
</Section>
<Section span_begin="5158" span_end="5187" id="SECCION_EXPLORACIONES_COMPLEMENTARIAS" type="INFORMACIÓN SOBRE PRUEBAS COMPLEMENTARIAS">
	<name><![CDATA[EXPLORACIONES COMPLEMENTARIAS]]></name>
	<text><![CDATA[
-	Rx de tórax al ingreso: Cardiomegalia, no pinzamiento de senos, no signos de condensación.
-	ECG al ingreso: RS a 80 lpm, eje a 90º, BRDHH completo, no alteraciones agudas de la repolarización.
-	Analítica 27/05/17:
Bioquímica: Sodio 142 mmol/l, potasio 4,00 mmol/l, glucosa  7,6 mmol/l, urea 4,5 mmol/l, creatinina 68
µmol/l, relación Ur:Cr 66, osmolalidad plasmática (estimada) 296 mOsm/Kg, bilirrubina total 6 µmol/l, AST 8 U/l, ALT 11 U/l, fosfatasa alcalina 88 U/l, GGT 33 U/l.
Hemograma: hemoglobina 117 g/l, hematocrito 0,38 l/l, hematíes 4,61 T/l, VCM 82,4 fl, CHCM 308 g/l, HCM 25,4 pg, RDW 15,3 %, leucocitos 13,90 G/L (neutrófilos 74,1%), plaquetas 463 G/l, VPM 8,4 fl, plaquetocrito
0,50 %.
EBA: IRF 25; RET-He 28,60, reticulocitos 1,49%. fracción de baja intensidad 75,00 %, fracción de media intensidad 15,80 %, fracción de alta intensidad 9,20 %,
Coagulación: TTPa 0.97; INR 1.03, tiempo de trombina 19,50 seg.
-	Sedimento de orina: negativo.
-	Hemocultivos: en curso
-	TC craneal y angio TC: No lesiones agudas, ASPECTS 10. Se observan lesiones crónicas con extensión cortical frontal I y dos pequeños focos occipitales I en territorio de la ACM y ACP vs frontera superficial. No se observan otras alteraciones relevantes de densidad o de morfologia.
ANGIO-TC (TSA e INTRACRANEAL): Estudio angio-TC de los TSA de baja calidad con contaminación venosa. No se observa oclusión vascular de ramas intracraneales proximales susceptibles de tratamiento endovascular. Ateromatosis calcificada en ambos bulbos carotídeos pero sin estenosis significativas. Imagen lineal hipodensa en el bulbo carotídeo izquierdo (carotid web). No se observan alteraciones relevantes en el sistema vertebro-basilar.
-	Ecocardiografía transesofágica: PENDIENTE RESULTADO
-	Anatomia patológica-Biopsia lesión sacra: Resultado pendiente al alta.
	]]></text>
</Section>
<Section span_begin="7025" span_end="7034" id="SECCION_EVOLUCION" type="INFORMACIÓN SOBRE EVOLUCIÓN">
	<name><![CDATA[EVOLUCIÓN]]></name>
	<text><![CDATA[
-	Varón de 54 años estable desde el punto de vista neurológico, sin repetición de eventos, ingresado en Sala el 30/05 para completar estudio etiológico de AITs de repetición. Actualmente antiagregado con AAS 100 mg/día y anticoagulado con bemiparina 15000 UI/d por recomendación de la Unidad de Hemostasia. Al alta se entrega pauta ambulatoria de paso de heparina de bajo peso molecular a Sintrom.
-	Durante la exploración física, se aprecia tumoración sacra. El paciente tiene antecedentes de fístula en esta
localización, por la que se interconsulta a cirugía general para valoración. Realizan biopsia de la lesión, ante la sospecha de carcinoma. Pendiente de resultal alta, se solicita visita en Cirugía.
-	Al alta NIHSS=0, Rankin 0.
	]]></text>
</Section>
<Section span_begin="7774" span_end="7788" id="SECCION_PROCEDIMIENTOS" type="PROCEDIMIENTO">
	<name><![CDATA[PROCEDIMIENTOS]]></name>
	<text><![CDATA[
-	Electrocardiograma
-	Analítica sanguínea
-	Radiografía de tórax
-	TC craneal
-	Ecocardiografía transesofágica
-	Cultivo de orina
-	Hemocultivo
-	Biopsia lesión sacra.
	]]></text>
</Section>
<Section span_begin="7960" span_end="7971" id="SECCION_DIAGNOSTICO_PRINCIPAL" type="DIAGNÓSTICO">
	<name><![CDATA[DIAGNÓSTICO]]></name>
	<text><![CDATA[
AIT carotídeo izquierdo de repetición, de etiología cardioembólica. Miocardiopatía isquémica con FE baja
Tumoración sacra, pendiente de completar estudio
	]]></text>
</Section>
<Section span_begin="8128" span_end="8139" id="SECCION_TRATAMIENTO_HABITUAL" type="INFORMACIÓN SOBRE TRATAMIENTO">
	<name><![CDATA[TRATAMIENTO]]></name>
	<text><![CDATA[
Seguir su tratamiento habitual
Se adjunta pauta de paso de Hibor a Sintrom.
Inici sintrom:
-	2/6: Hibor 15.000UI/dia +sintrom 1/2cp 4mg
-	3/6: Hibor 10.000UI/dia +sintrom 1/2cp 4mg
-	4/6: Hibor 7500UI/dia +sintrom 1/2cp 4mg
-	5/6: Hibor 5000UI/dia +sintrom 1/2cp 4mg
-	6/6 control INR.
Primera visita en Cirugía, según cita adjunta.
Responsable clínic: Dr. _NAME_ (NºCol. _ID_)
Equip mèdic: Dra. _NAME_ (NºCol. _ID_), _NAME_ (NºCol. _ID_), Dr. _NAME_ (NºCol. _ID_)
Servei que ha donat d'alta:
NEUROLOGIA HOSP	Data d'alta:
02.06.2017	Nom del metge que informa de l'alta:
Dr. _NAME_ (NºCol. _ID_)
_LOCATION_, 02.06.2017
Pàg. 1 de   4	]]></text>
</Section>
</ehr>