<?xml version='1.0' encoding='UTF-8'?>
<ehr id="378201738.utf8.txt">
<Section id="DEFAULT_HEADER" type="DEFAULT_HEADER" >
	<name>DEFAULT_HEADER</name>
	<text><![CDATA[
_LOCATION_
_LOCATION_) Anul·lació/Reprogramació visites:_CONTACT_
Telèfon Centraleta: _CONTACT_
Nº Història Clínica: _ID_
Cognoms, Nom: _NAME_
NºEpisodi: _ID_
CIP: _ID_
Sexe: Home
Data de Naixement: _DATE_   Edat: 56 Anys
NIF/DNI: _ID__NAME_; _NAME_; _NAME_
Informe d'alta d'hospitalització
17:47:17
06.06.2017
_LOCATION_
_SS_ NEUROLOGIA
CP
ABS
Servei Data d'alta
_LOCATION_
_CONTACT_; _CONTACT_
AGUTS 31.05.2017
Adreça
Telèfon Procedència Data d'ingrés Atès per
	]]></text>
</Section>
<Section span_begin="466" span_end="480" id="SECCION_MOTIVO_DE_INGRESO" type="MOTIVO DEL INGRESO">
	<name><![CDATA[MOTIU D'INGRÉS]]></name>
	<text><![CDATA[
Ingresa en NRL por diplopia, parestesias peribucales e inestabilidad de la marcha.
	]]></text>
</Section>
<Section span_begin="565" span_end="576" id="SECCION_ANTECEDENTES" type="ANTECEDENTES">
	<name><![CDATA[ANTECEDENTS]]></name>
	<text><![CDATA[
Alergia a la penicilina.
Hábitos tóxicos: Ex-fumador >10 años, no otros hábitos tóxicos.
Factores de riesgo cardioavscular: HTA y DLP en tratamiento. No DM conocida. Obesidad. No cardioneumopatías.
Consta antecedente de migrañas con aura, ingresado en _SS_ (2012) por episodio de parestesias faciales y afasia. Tc craneal y angioTC sin alteraciones. Se orienta inicialmente como aura migrañosa siendo dado alta con tratamiento antiagregante, pdte de IRM ambulatoria. IRM cerebral: Lesión talámica izquierda que brilla en difusión sugestiva de infarto lacunar subagudo. Dos pequeñas áreas malácicas/porencefálicas en ambos hemisferios cerebelosos compatibles con infartos antiguos. Estudio angiográfico: Arteria vertebral izquierda con ausencia de flujo en segmento V1, flujo filiforme y con superficie discretamente irregular en V2 y V3 y flujo normal en V4, hallazgos que sugieren causa aterotrombótica. Arteria vertebral derecha, tronco basilar, ejes carotídeos y segmentos proximales de arterias cerebrales de aspecto conservado.
-No otros AP a destacar.
	]]></text>
</Section>
<Section span_begin="1636" span_end="1651" id="SECCION_SITUACION_FUNCIONAL" type="ANTECEDENTES">
	<name><![CDATA[Situación basal]]></name>
	<text><![CDATA[
: Trabaja como administrativo. mRankin 0.
	]]></text>
</Section>
<Section span_begin="1694" span_end="1712" id="SECCION_TRATAMIENTO_HABITUAL" type="INFORMACIÓN SOBRE TRATAMIENTO">
	<name><![CDATA[MEDICACIÓ HABITUAL]]></name>
	<text><![CDATA[
ADIRO 300MG 1 x 24 h. ATORVASTATINA 40MG1 x 24 h. ENALAPRIL 10MG 1 x 24 h.
ENALAPRIL/HDROCLOROTIAZIDA 20/12,5MG 1 x 24 h.
OMEPRAZOL 1 x 24 h.
EZETIMIBA 10MG 1 x 24 h.
	]]></text>
</Section>
<Section span_begin="1881" span_end="1894" id="SECCION_PROCESO_ACTUAL" type="INFORMACIÓN SOBRE LA HISTORIA ACTUAL">
	<name><![CDATA[PROCÉS ACTUAL]]></name>
	<text><![CDATA[
Paciente de 56 años que el día 30/05 se acuesta asintomático. El día 31/05 se levanta a las 06:30h presentando cuadro de diplopia, parestesias peribucales e inestabilidad de la marcha. Avisa a su mujer siendo derivado a UCIEs de _SS_ para valoración. Llega a las 07:15h. Valorado por médicos UCIEs paciente con TA 161/92mmHg. NRL (según informe): limitación add OD y lateralización de la marcha a la izquierda. Se activa Código Ictus a las 07:30h y se deriva a nuestro centro.
Llega a UCIEs _SS_ a las 08:15h. Tc craneal a las 08:39h. A su llegada paciente con TA 118/90mmHg, FC 72lpm. Por monitor impresiona de RS. Neurológicamente vigil, orientado en TEP, PICNR, OIN derecha, ptosis OD vs Parálisis facial pseudoperiférica izq, resto de PPCC conservados, dismetría D-N I, no al T-R, no déficit motor. Parestesias peribucales, resto exploración sin alteraciones. No agnosias. RCP flexor bilateral. Durante traslado al TC realiza un vómito.
Como pruebas complementarias se realiza analítica que no muestra alteraciones destacables. La radiografía de
Informe d'alta d'hospitalització
tórax muestra un mediastino ensanchado, ICT > 0,5, no claras condensaciones. Se realizan Tc craneal y angioTC sin lesiones agudas. El estudio angiográfico evidencia ausencia de repleción del tercio proximal de la arteria vertebral izquierda, desde su origen hasta la altura de C5 (segmentos V1 y V2 proximal), con opacificación distal del vaso aunque de aspecto filiforme. No se puede descartar oclusión aguda del mismo. Se revisaIRM 2012 donde ya consta hallazgos a nivel AVizq (ausencia repleción en tercio proximal con repermeabilización distal a nivel V1-V2).
Se orienta como ictus en territorio vértebro-basilar de etiología a estudio. No tributario a rTPAev por clínica del despertar. No tributario a tratamiento de rescate endovascular por ausencia de olcusión gran vaso intracraneal. Ingresa en NRL para completar estudio y control evolutivo (Unidad Ictus). Iniciamos Clopidrogel 75mg.
	]]></text>
</Section>
<Section span_begin="3877" span_end="3894" id="SECCION_EXPLORACION_FISICA" type="INFORMACIÓN SOBRE LA EXPLORACIÓN FÍSICA">
	<name><![CDATA[EXPLORACIÓ FÍSICA]]></name>
	<text><![CDATA[
FC	92 bpm
Tªaxi 36.0 ºC
FR	rpm Tªrec  ºC
TA s	118 mmHg SAT O2  %
TA d   90 mmHg Pes Kg
NRL: Neurológicamente vigil, orientado en TEP, PICNR, OIN derecha, ptosis OD vs  Parálisis facial pseudoperiférica izq, resto de PPCC conservados, dismetría D-N I, no al T-R, no déficit motor. Parestesias peribucales, resto exploración sin alteraciones de la sensibilidad. No agnosias. RCP flexor bilateral.
	]]></text>
</Section>
<Section span_begin="4293" span_end="4318" id="SECCION_EXPLORACIONES_COMPLEMENTARIAS" type="INFORMACIÓN SOBRE PRUEBAS COMPLEMENTARIAS">
	<name><![CDATA[EXPLORACIÓ COMPLEMENTÀRIA]]></name>
	<text><![CDATA[
	]]></text>
</Section>
<Section span_begin="4319" span_end="4361" id="SECCION_EXPLORACIONES_COMPLEMENTARIAS_EN_URGENCIAS" type="INFORMACIÓN SOBRE PRUEBAS COMPLEMENTARIAS">
	<name><![CDATA[EXPLORACIONES COMPLEMANTARIAS EN URGENCIAS]]></name>
	<text><![CDATA[
Analítica: sin alteraciones destacables, resta pendiente ionograma.
Rx tórax: Mediastino ensanchado, ICT > 0,5, no claras condensaciones.
Tc craneal y angioTC: Sin lesiones agudas. El estudio angiográfico evidencia ausencia de repleción del tercio proximal de la arteria vertebral izquierda, desde su origen hasta la altura de C5 (segmentos V1 y V2 proximal), con opacificación distal del vaso aunque de aspecto filiforme. No se puede descartar oclusión aguda del mismo.
ECG: ritmo sinusal a 68 lp, PR 0.12s, QRS 0.08s, onda T negativa en III y AvF, sin otras alteraciones de la repolarización.
	]]></text>
</Section>
<Section span_begin="4958" span_end="5011" id="SECCION_EXPLORACIONES_COMPLEMENTARIAS_EN_PLANTA_DE_NEUROLOGIA" type="INFORMACIÓN SOBRE PRUEBAS COMPLEMENTARIAS">
	<name><![CDATA[EXPLORACIONES COMPLEMENTARIAS EN PLANTA DE NEUROLOGÍA]]></name>
	<text><![CDATA[
Analítica de ingreso: función renal (urea, creatinina, FG) normal, iones normales, perfil hepático (AST, ALT, GGT, FA) normal, perfi lipídico (HDL, LDL, TG) normal a excepción de HDL disminuido 0.88mmol/L, perfil tiroideo (tiroxina, tirotropina) normal, pefil glucídico (HbA1c, glusosa media estimada) normal, no anemia, plaquetas normales, leucocitos normales, coagulación (TP, TTPA) normal. Folatos y cobalaminas normales, proteinograma pendiente.
RMN cerebral: Lesiones isquémicas múltiples en territorio posterior que afectan a  hemisferios cerebelosos, mesencéfalo y tálamo izquierdo, además de una lesión en territorio profundo de ACM derecha en cabeza de núcleo caudado. La lesión mesencefálica podría ser relativamente reciente aunque no existe semiología concluyente al respecto. Secuencia angio-RM sin alteraciones a destacar.
Ecocardiograma transtorácico:
1.	VI no dilatado, SIV algo hipertrófico, con función contráctil conservada. VD no dilatado, con contractilidad conservada.
2.	Aurícula izquierda no dilatada. Aorta ascendente no dilatada.
3.	Válvula mitral con anillo algo calcificado, con ligera insuficiencia.
4.	Insuficiencia tricuspídea ligera. PAPs estimada de 31 mm Hg.
5.	PVC normal.
1.	
Informe d'alta d'hospitalització
6.	Sin derrame pericárdico significativo.
	]]></text>
</Section>
<Section span_begin="6302" span_end="6318" id="SECCION_EVOLUCION" type="INFORMACIÓN SOBRE EVOLUCIÓN">
	<name><![CDATA[EVOLUCIÓ CLÍNICA]]></name>
	<text><![CDATA[
Ingresa para estudio de cuadro brusco de diplopia, parestesias peribucales e inestabilidad de la marcha, con angioTC en urgencias donde destaca defecto de repleción a nivel de segmentos V1-V2 de arteria vertebral izquierda con flujo filiforme distal, ya conocido. Se inicia tratamiento con clopidogrel.
Durante monitorización en unidad de ictus no se han objetivado arritmias en la telemetría.
Como parte del estudio vascular analítica de ingreso en la que destaca alteración del perfil lipídico por HDL disminuido 0.88mmol/L, siendo el resto de la analítica normal, proteínograma pendiente de resultado.
Se realiza RMN cerebral que muestra lesiones isquémicas múltiples antiguas en territorio posterior que afectan a hemisferios cerebelosos, mesencéfalo y tálamo izquierdo, además de una lesión en territorio profundo de ACM derecha en cabeza de núcleo caudado. La lesión mesencefálica podría ser relativamente reciente aunque no existe semiología concluyente al respecto. La secuencia angioRMN no muestra alteraciones a destacar. La ecografía cardiaca muestra fracción de eyección conservada, ausencia de segmentarismos, sin alteraciones valvulares significativas, aurícula izquierda no dilatada.
Durante el ingreso en NRL se ha mantenido hemodiámica y clínicamente estable en todo momento sin presentar incidencias. Tolera dieta oral, sedestación y deambulación libre sin ayda. Nurológicamente ha presentado mejoría progresiva encontrándose en el momento del alta asintomático, NIHSS 0, mRS 0.
Se orienta como ictus mesencefálico paramedial periacueductal derecho (territorio de perforante vertebrobasilar). Antiagregado con clopidogrel 75mg.
Ante buena evolución se decide alta a domicilio con seguimiento en CEX de NRL (Resala) para control clínico y ver parámetros analíticos pendientes (proteinograma). Se recomienda control de FRCV por médico de cabecera. Se explican signos de alarma y normas de reconsulta.
	]]></text>
</Section>
<Section span_begin="8242" span_end="8253" id="SECCION_DIAGNOSTICO_PRINCIPAL" type="DIAGNÓSTICO">
	<name><![CDATA[DIAGNÒSTICS]]></name>
	<text><![CDATA[
436/5 Ictus
Ictus vertebrobasilar.
	]]></text>
</Section>
<Section span_begin="8290" span_end="8325" id="SECCION_TRATAMIENTO_AL_ALTA" type="INFORMACIÓN SOBRE TRATAMIENTO">
	<name><![CDATA[TRACTAMENT I RECOMANACIONS A L'ALTA]]></name>
	<text><![CDATA[
Clopidogrel 75mg vía oral cada 24h. Pantoprazol 20mg vía oral cada 24h.
STOP omeprazol y adiro.
Resto de tratamiento habitual sin cambios.
	]]></text>
</Section>
<Section span_begin="8469" span_end="8476" id="SECCION_CONTROL" type="INFORMACIÓN SOBRE TRATAMIENTO">
	<name><![CDATA[CONTROL]]></name>
	<text><![CDATA[
-Control de FRCV por médico de cabecera.
-Seguimiento en CEX de NRL (Resala) según programación.
Informe d'alta d'hospitalització
DESTINACIÓ A L'ALTA:	A DOMICILI
Validat per: _NAME_ NAIMA	Col·legiat: _ID_
06.06.2017
Pàgina 1 de 4	]]></text>
</Section>
</ehr>