<?xml version='1.0' encoding='UTF-8'?>
<ehr id="379178385.utf8.txt">
<Section id="DEFAULT_HEADER" type="DEFAULT_HEADER" >
	<name>DEFAULT_HEADER</name>
	<text><![CDATA[
_LOCATION_
email: _CONTACT_ Telèfon _CONTACT_
Nº Història Clínica: _ID_
Cognoms, Nom: _NAME_
NºEpisodi: _ID_
CIP: _ID_
Sexe: Dona
Data de Naixement: _DATE_   Edat: 77 Anys
NIF/DNI: _ID__NAME_; _NAME_; _NAME_;
_NAME_; _NAME_
Informe de Trasllat a Sociosanitari
16:00:00
09.06.2017
_LOCATION_
_SS_ NEUROLOGIA
CP
ABS
Servei Data d'alta
_LOCATION_
_CONTACT_; _CONTACT_
DOMICIL/RES.SOC 17.05.2017
Adreça
Telèfon Procedència Data d'ingrés Atès per
	]]></text>
</Section>
<Section span_begin="445" span_end="459" id="SECCION_MOTIVO_DE_INGRESO" type="MOTIVO DEL INGRESO">
	<name><![CDATA[MOTIU D'INGRÉS]]></name>
	<text><![CDATA[
Mujer 77 años que ingresa por ictus ACM izquierda
	]]></text>
</Section>
<Section span_begin="511" span_end="522" id="SECCION_ANTECEDENTES" type="ANTECEDENTES">
	<name><![CDATA[ANTECEDENTS]]></name>
	<text><![CDATA[
	]]></text>
</Section>
<Section span_begin="523" span_end="546" id="SECCION_ANTECEDENTES_PERSONALES" type="ANTECEDENTES">
	<name><![CDATA[Antecedentes Personales]]></name>
	<text><![CDATA[
-Consta intolerancia a clavulánico, clindamicina y clopidogrel.
	]]></text>
</Section>
<Section span_begin="612" span_end="636" id="SECCION_ANTECEDENTES_PATOLOGICOS" type="ANTECEDENTES">
	<name><![CDATA[Antecedentes Patologicos]]></name>
	<text><![CDATA[
-Hipertensión arterial
-Dislipemia
-Fibrilación auricular anticoagulada con sintrom (correctos controles de INR ambulatorios)
-Hipotiroidismo en tratamiento sustitutivo
-Déficit de vitamina B12
-Valvulopatía reumática severa. Último Ecocardio 2/3/17: funcion sistolica VI levemente deprimida. VD dilatado con función sistolica deprimida. Insuficiencia tricuspidea severa mixta, doble lesion mitral reumatica con estenosis moderada e insuficiencia leve. Hipertension pulmonar severa.
SSF: Vive sola. Indendiente para ABVD. Camina con ayuda de bastón. mRS 2
	]]></text>
</Section>
<Section span_begin="1196" span_end="1214" id="SECCION_TRATAMIENTO_HABITUAL" type="INFORMACIÓN SOBRE TRATAMIENTO">
	<name><![CDATA[MEDICACIÓ HABITUAL]]></name>
	<text><![CDATA[
eutirox 50mcg, vitamina B12, emconcor 5mg
	]]></text>
</Section>
<Section span_begin="1258" span_end="1271" id="SECCION_PROCESO_ACTUAL" type="INFORMACIÓN SOBRE LA HISTORIA ACTUAL">
	<name><![CDATA[PROCÉS ACTUAL]]></name>
	<text><![CDATA[
La paciente avisa ella misma por teleasistencia a las 08:45h del día 17 de mayo; el SEM refiere no entender lo que decía cuando se han puesto en contacto con ella telefónicamente. Cuando acuden a domicilio se la encuentran con síndrome completo de ACM izquierda (como vive sola no  podemos saber seguro si se ha  despertado asintomática). Se activa código ictus por parte de SEM a las 9:11h, Llegada a urgencias: 9:26, llegada a sala de TC: 9:29, Realización de TAC a las 9:36h.
	]]></text>
</Section>
<Section span_begin="1752" span_end="1769" id="SECCION_EXPLORACION_FISICA" type="INFORMACIÓN SOBRE LA EXPLORACIÓN FÍSICA">
	<name><![CDATA[EXPLORACIÓ FÍSICA]]></name>
	<text><![CDATA[
EN URGENICAS
Tensió arterial:150 /95 mmHg. Glicèmia capil·lar:159 mg/dl
Vigil, alerta, nomina 0/2, comprensión de órdenes simples, afasia grave (2+1+3), HHD por confrontación (2). PFSN D (2). Paresia 3/5 extremidades derechas (2+2). Sensibilidad no valorable (1). NIHSS 15
EN PLANTA DE NEUROLOGÍA
Buen  estado  general  con  beuna  hidratación de  piel  y  mucosas. Obesidad.  Discreta  palidez  cutánea.  A  la exploración neurológica presenta encontrarse vigil, LOC C 2/2 LOC Q (1/2) (1)  DOC I (1) , HHI (2) PFSN D (3)
Informe de Trasllat a Sociosanitari
Hemiplejia D (4+4) Hemihipoestesia D (1) afasia grave motora (2) disartria grave (2) NIHSS 20
	]]></text>
</Section>
<Section span_begin="2430" span_end="2455" id="SECCION_EXPLORACIONES_COMPLEMENTARIAS" type="INFORMACIÓN SOBRE PRUEBAS COMPLEMENTARIAS">
	<name><![CDATA[EXPLORACIÓ COMPLEMENTÀRIA]]></name>
	<text><![CDATA[
Analítica de urgencias: Hb: 10.4, leu: 5.55 plaq: 259x109 Glu: 164 U:31 Cr: 0.58 Na: 138.6 K: 3.58 Ca: 9.5, INR:
1.84
Analítica de ingreso: Hb: 12.8, Hto: 41.8%, leu: 11.11, plaq: 285x109,  Glu:93, U:66, Cr: 0.68, Na: 152.1, K:3.96,
Ca: 9.6, AST:36 ALT:12, GGT:127, FA: 44, colesterol total: 266, TG: 159, proteina: 7, albumina: 3.4, INR: 1.09 Analisis  de  orina  26/05:  leu:  582.1cell/uL,  bacterias  abundantes.  Cultivo:  Positivo  para  E.coli  y  Klebsiella pneumoniae sensible a cefuroxima.
Hemocultivo 1/6: 2 muestras negativas
EEG 25/5: Registro en vigilia. Signos de afección neuronal de expresión bilateral, pero con distribución asimétrica, más acentuados en regiones temporales de hemisferio izquierdo, donde se insinúan algunos elementos irritativos, aparentemente inespecíficos. La actividad motora que presenta la paciente (hemifacial bilateral) no tiene una traducción cortical que sugiera un origen comicial.
Rx torax:
-18/05: Aumento de silueta cardiopericárdica. Sin otros datos que sugieran patología pleuropulmonar aguda.
-	26/05: Mala calidad de la imagen. No se aprecian cambios significativos con respecto a la anterior.
-	4/6: Se aprecia pulmones congestivos, opacidad en angulo costofrenico izquierdo.
-8/6: Mala calidad de la imagen. Silueta cardiaca aumentada de tamaño, no cambios con respecto a la anterior. TC craneal:
-De urgencias 17/5/17: Estufio urgente que muestra una hipdensidad cortico-subcortical temporal izquierda (M2) (ASPECTS 9/10) en la TC simple. En la AngioTC se observa un defecto de repleción en la rama superior del segmento M2
proximal a la ACM izquierda, que condiciona un mismatch del territorio superificial de la ACM izquierda (M2,M5,M6), hallazgos de ictus isquemico agudo. Presencia de una lámina hiperdensa en corteza parieto- temporal, compatible con discreto component e de hemorragia parenquimatosa focal, sugestiva de transformación hemorrágica.
-24/5/17: Respecto al TAC previo, 17-5-2017 se observa disminucion de la hemorragia subaracnoidea quedando unicamente ocupacion parcial en valle silviano y trayecto M1 y aislada en surcos de region temporal y parietal. Lesion hipodensa insular posterior, ganglios basales y capsula interna izquierdas sin hipodensidad en territorio superficial ACM izquierda con mejor visualizacion de surcos.
-1/6/17: Estudio TC craneal de control que muestra mejoría radiológica de la contaminación hemática extra-axial hemisférica izquierda persistiendo mínimos restos hemáticos a nivel tempo- parietal. No se observan lesiones de nueva aparición.
-9/6/17: (informe provisional) mejoría de los mínimos restos hemáticos temporo-parietales izquierdos con practica resolución.
IC:
-	RHB: Se inicia tto de Fisioterapia en la habitación. PP con hemiplejia derecha y afasia de expresión. Se han realizado mobilizaciones pasivas de todo el hemicuerpo derecho. PP que ya realiza SD y que por lo tanto podría bajar a gimnasio. En gimnasio area general realiza bipedestación en estabilizador, control de tronco en sedestación  y movlizacion pasiva hemicuerpo afecto
-	Logopedia y Foniatría: Alta de rehabilitació logopèdica durant l#ingrès per trasllat a _SS_. La pacient va iniciar rehabilitació logopèdica el passat 2 de juny. Al llarg dels últims dies s#aprecien millores en l#expressió. Manté preservades les emissions automàtiques, però presenta dificultats en la repetició, nominació i evocació, tot i que ha començat a repetir i nominar paraules freqüents amb ajudes fonètiques i d#esbós facial. Segueix algunes ordres simples.
-	
Informe de Trasllat a Sociosanitari
	]]></text>
</Section>
<Section span_begin="6020" span_end="6036" id="SECCION_EVOLUCION" type="INFORMACIÓN SOBRE EVOLUCIÓN">
	<name><![CDATA[EVOLUCIÓ CLÍNICA]]></name>
	<text><![CDATA[
Paciente con factores de riesgo cardiovascular y antecedente de fibrilación auricular anticoagulada que es traída como codigo ictus. A su llegada se evidencia clínica de síndrome completo de ACM izquierda con NIHSS
15. El TC simple descarta la presencia de signos de isquemia, si bien se aprecia en AngioTC oclusión a nivel de M2 de ACM izquierda. Se desestima tratamiento con fibrinolítico por estar bajo anticoagulación oral y por inicio no claro de la sintomatología, pero dada la presencia de oclusión proximal se procede a realización de tratamiento intraarterial primario. Se consigue recanalización TICI 2B, pero como complicación presenta disección arterial, realizandose TC en la la sala de NRI que muestra HSA en el trayecto de la ACM, en el valle Silviano y surcos temporales, sin hematoma parenquimatoso. Al finalizar procedimiento NIHSS 17. Ingresa en la unidad de ictus para control evolutivo, necesitando bomba de urapidil para mantener TAS < 140 mmHg. La analitica urgente objetiva INR de 1.8. Se orienta el cuadro como ictus de origen cardioembolico en paciente con FA infradescoagulada, no precisandose otras pruebas para estudio etiologico. Se realiza TC craneal de control a las 24h que no muestra cambios respecto a previo, evidenciandose estabilidad del componente hemorragico. Durante su estancia en la Unidad de Ictus permanece clinicamente estable, por lo que se inicia rehabilitación y se decide traslado a planta de neurología. Se realiza nuevo TC craneal el 24/5 que muestra disminución de la hemorragia subaracnoidea, pero por persistencia de la misma no se inicia prevención secunaria. Durante su estancia presenta episodio de mioclonías faciales y en extremidad superior izquierda, de dudoso origen por el que se realiza EEG,  en el que no se observaron signos epileptiformes decidiendose por ello control evolutivo y no inicar tratamiento. Como complicaciones durante el ingreso presenta febricula, objetivandose sedimento urinario patologico como único foco infeccioso y resultando el urocultivo positivo para E. coli y K. pneumoniae sensibles a todos antibioticos testados. Realiza tratamiento antibiotico con Cefuroxima durante una semana, manteniendose desde entonces afebril. En una de las analíticas de control realizadas se detectó hipernatremia en probable contexto de deshidratación que mejoró con la rehidratación. Además ha presentado disnea asociada a probable insuficiencia cardiaca descompensada, por lo que se ha iniciado tratamiento deplectivo ev y oxigenoterapia a bajos flujos para mantener adecuadas saturaciones, con posterior recuperación clínica progresiva. Como prevención secundaria se inicia clexane a dosis anticoagulantes, dada la la practica resolución de la transformación hemorrágica en TC craneal control, pendiente de cambio a anticoagulación oral (valorar warfarina en vez de sintrom, dado que existe patología valvular por lo no es candidata a NACOs y el fracaso terapeútico previo de sintrom). Valorada por los servicios de Foniatría, logopedia y RHB ha iniciado rehabilitació en las diferentes areas con buena evolución. Se solicita control en CCEE Logopedia y Foniatría. Considerada la estabilidad clínica, se decide traslado a _SS_ para completar convalescencia y rehabilitación. NIHSS al alta 17. mRs al alta 5
	]]></text>
</Section>
<Section span_begin="9320" span_end="9331" id="SECCION_DIAGNOSTICO_PRINCIPAL" type="DIAGNÓSTICO">
	<name><![CDATA[DIAGNÒSTICS]]></name>
	<text><![CDATA[
-Ictus ACM izquierda de origen cardioembolico (FA anticoagulada con sintrom, infradescoagulada)
-	Tratamiento intraarterial primario
-Trasformación hemorragica, hemorragia subaracnoidea resuelta
-	Episodio de ICC resuelto
-	ITU resuelta
	]]></text>
</Section>
<Section span_begin="9570" span_end="9582" id="SECCION_PROCEDIMIENTOS" type="PROCEDIMIENTO">
	<name><![CDATA[PROCEDIMENTS]]></name>
	<text><![CDATA[
TC craneal multimoda Trombectomíamecánica TC craneal control
AG
Rx torax
Informe de Trasllat a Sociosanitari
	]]></text>
</Section>
<Section span_begin="9696" span_end="9731" id="SECCION_TRATAMIENTO_AL_ALTA" type="INFORMACIÓN SOBRE TRATAMIENTO">
	<name><![CDATA[TRACTAMENT I RECOMANACIONS A L'ALTA]]></name>
	<text><![CDATA[
Se adjunta
	]]></text>
</Section>
<Section span_begin="9744" span_end="9751" id="SECCION_CONTROL" type="INFORMACIÓN SOBRE TRATAMIENTO">
	<name><![CDATA[CONTROL]]></name>
	<text><![CDATA[
Control estrecho de factores de riesgo vascular por su CAP
Se solicita primera visita en CCEE Logopedia y Foniatría, le informaran telefónicamente y/o por carta con los datos de la cita
DESTINACIÓ A L'ALTA:	SOCI SANITARI
Validat per: _NAME_	Col·legiat: _ID_
09.06.2017
Pàgina 1 de 4	]]></text>
</Section>
</ehr>