<?xml version='1.0' encoding='UTF-8'?>
<ehr id="380254306.utf8.txt">
<Section id="DEFAULT_HEADER" type="DEFAULT_HEADER" >
	<name>DEFAULT_HEADER</name>
	<text><![CDATA[
Informe d'Alta d'Urgències	Cognoms i nom:
_NAME_	NHC:
_ID_
	ABS:
_SS_	CIP:
_ID_	DNI:
_ID_
	Data de naixement:
_DATE_	Sexe:
Dona	Edat:
89a	Telèfon:
_CONTACT_	_CONTACT_
	Adreça:
_LOCATION_
	Finançament:
CatSalut - _LOCATION_	Procedència:
URGÈNCIES
	]]></text>
</Section>
<Section span_begin="251" span_end="258" id="SECCION_PROCESO_ACTUAL" type="INFORMACIÓN SOBRE LA HISTORIA ACTUAL">
	<name><![CDATA[Episodi]]></name>
	<text><![CDATA[
:
304232892	Admissió:
11.06.2017 - 15:25	Assistència:
11.06.2017 - 15:36	Servei:
URGENCIES MEDICINA
	]]></text>
</Section>
<Section span_begin="361" span_end="375" id="SECCION_MOTIVO_DE_INGRESO" type="MOTIVO DEL INGRESO">
	<name><![CDATA[Motiu Consulta]]></name>
	<text><![CDATA[
:
Alteración del lenguaje. Código ictus activado desde triaje.
	]]></text>
</Section>
<Section span_begin="440" span_end="455" id="SECCION_PROCESO_ACTUAL" type="INFORMACIÓN SOBRE LA HISTORIA ACTUAL">
	<name><![CDATA[MALALTIA ACTUAL]]></name>
	<text><![CDATA[
Mujer de 89 años con antecedentes de infartos lacunares isquémicos en tratamiento con Clopidogrel y atorvastatina, sin otros antecedentes relevantes. A nivel funcional camina con bastón por seguridad, FFSS aparentamente conservadas, IABVD, mRs 2.
Hoy 11/06/17 a las 14:30h presenta de forma súbita alteración del lengauje con dificultad para la expresión, con bloqueos y realización de alguna parafasia. No alteración en la comprensión. Además ha notado leve dificultad para la deambulación.
No palpitaciones. No dolor torácico ni clínica infecciosa. A su llegada a HSCSP se activa código ictus desde triaje.
A nuestra valoración la paciente se encuentra hemodinámicamente estable (TA 187/87mmHg, FR 16, sat.
O2 97%, Glicemia 90, afebril).
	]]></text>
</Section>
<Section span_begin="1199" span_end="1228" id="SECCION_EXPLORACION_FISICA" type="INFORMACIÓN SOBRE LA EXPLORACIÓN FÍSICA">
	<name><![CDATA[En la exploración neurológica]]></name>
	<text><![CDATA[
: vigil, orientada en TEP, no disartia, no rasgos afásicos, PPCC normales, no alteración de la sensibilidad ni motor, no dismetrías, CV normales. NIHSS 0.
Realizamos TC cerbebral que es normal. ECG en RS
AS pendiente de realización.
Orientamos como AIT en territorio de ACM-izquierda de etiología indeterminada por estudio incompleto.
Dada la ausencia de clínica en el momento actual, no es tributaria a tratamiento en fase aguda.
Se decide monitorización durante 24 horas y valoración mañana por equipo de neurovascular para CRI.
	]]></text>
</Section>
<Section span_begin="1765" span_end="1776" id="SECCION_ANTECEDENTES" type="ANTECEDENTES">
	<name><![CDATA[ANTECEDENTS]]></name>
	<text><![CDATA[
Al·lèrgies
Medicamentoses - ALTRES ANTIBIOTICS TERRAMICINA
Antecedents patològics Antecedentes patologicos No HTA, no DLP, no DM
Infartos lacunares isquemicos por lo que se inicia tratamiento plavix i simvastatina. Seguimiento por MAP y Neurólogo de CAP.
Exploración neuropsicológica normal por edad y nivel cultural 09/06/2017 MEDICACIÓN HABITUAL 24/06/13:
Citalopram 10 mg c/día 0-0-1
Atorvastatina 40mg c/día 0-0-1 Clopidogrel 75mg c/dia Quetiapina 25mg c/noche Omeprazol 20 mg día
Ibercal (Calcio pidolato, Colecalciferol) 1 diaria Lorazepam 0.5 mg noche
SOCIAL:
Vive en domicilio con un hijo. FFSS conservadas. Autónoma para AVD. Camina con bastón para más seguridad.
ALERGIA A TERRAMICINA
	]]></text>
</Section>
<Section span_begin="2480" span_end="2497" id="SECCION_EXPLORACION_FISICA" type="INFORMACIÓN SOBRE LA EXPLORACIÓN FÍSICA">
	<name><![CDATA[EXPLORACIÓ FÍSICA]]></name>
	<text><![CDATA[
Global
(TA 187/87mmHg, FR 16, sat. O2 97%, Glicemia 90, afebril).
En la exploración neurológica: vigil, orientada en TEP, no disartia, no rasgos afásicos, PPCC normales, no alteración de la sensibilidad ni motor, no dismetrías, CV normales. NIHSS 0.
	]]></text>
</Section>
<Section span_begin="2750" span_end="2778" id="SECCION_EXPLORACIONES_COMPLEMENTARIAS" type="INFORMACIÓN SOBRE PRUEBAS COMPLEMENTARIAS">
	<name><![CDATA[EXPLORACIONS COMPLEMENTÀRIES]]></name>
	<text><![CDATA[
analítica : Sodi 135 ? mmol/L ( 136 - 145 ) Potassi 4,27 mmol/L ( 3,50 - 5,10 )
Urea 7,1 mmol/L ( 2,9 - 8,2 )
43 mg/100mL
Creatinina 111 ? µmol/L ( 0 - 80 )
1,26 mg/100mL HEMATOLOGIA-HEMATIMETRIA
Hemograma
Hemoglobina 134 g/L ( 120 - 150 )
Hematòcrit 0,35 L/L ( 0,35 - 0,45 )
Hematies 4,20 x10E12/L ( 3,90 - 5,00 )
VCM 84,3 fL ( 80,0 - 98,0 )
CCMH 379 ? g/L ( 320 - 360 )
HCM 31,9 pg ( 27,0 - 32,0 )
RDW 12,7 % ( 12,0 - 15,0 )
Plaquetes 290 x10E9/L ( 140 - 350 )
VPM 7,2 fL ( 7,0 - 10,5 )
Plaquetòcrit 0,30 %
Leucòcits 7,72 x10E9/L ( 3,80 - 11,00 ) Fórmula leucocitària
Neutròfils 56,5 %
Neutròfils absoluts 4,36 x10E9/L ( 1,80 - 7,00 )
Eosinòfils 2,3 %
Eosinòfils absoluts 0,18 x10E9/L ( 0,05 - 0,50 )
Basòfils 1,0 %
Basòfils absoluts 0,08 x10E9/L ( 0,00 - 0,10 )
Monòcits 8,2 %
Monòcits absoluts 0,63 x10E9/L ( 0,30 - 1,00 )
Limfòcits 32,0 %
Limfòcits absoluts 2,47 x10E9/L ( 1,00 - 4,00 )
COMENTARIS HEMOGRAMA: Malgrat la incubació a 37C persisteix aglutinació; aquest fet invalida la majoria dels paràmetres de serie roja
Codi de validació AJP HEMOSTÀSIA
Temps de tromboplastina 1,14 RATIO ( 0,75 - 1,30 ) Temps de protrombina 1,21 ? INR ( 0,75 - 1,20 ) Temps de trombina 22,60 s ( 17,00 - 24,00 )
Rx de tòrax : normal
TAC de crani :Parece apreciarse una discreta hiperdensidad en M2 y M3 de la ACM izquierda.
No se observan hemorragias intracraneales, lesiones isquémicas agudas evidentes, efectos de masa ni desplazamientos valorables a nivel de estructuras de línea media supra e infratentoriales.
Moderada dilatación del sistema ventricular.
Focos de hipodensidad en la sustancia blanca periventricular de aspecto hipóxico-isquémico crónico. Resto del parénquima cerebral con aumento de valles silvianos, cisternas basales y surcos corticales de la convexidad, traduciendo cambios involutivos cerebrales.
CONCLUSIÓN:
Discreta hiperdensidad en M2 y M3 de la ACM izq, sin evidencia de lesiones agudas intracraneales.
ECG , RITMO SINUSAL sin alteraciones repolarización
TC: se insonan ambas ACMs con flujo ortodrómico, simétrico y sin evidencia de estenosis focales.
	]]></text>
</Section>
<Section span_begin="4854" span_end="4862" id="SECCION_EVOLUCION" type="INFORMACIÓN SOBRE EVOLUCIÓN">
	<name><![CDATA[EVOLUCIÓ]]></name>
	<text><![CDATA[
Mujer de 89 años con dos episodios de alteración del lenguaje de inicio brusco y autolimitados que soin comaptibvles como primera opción con ictus isquémico transitorio (AIT) de territorio supercifial de ACM izuqierda, como segunjda opción dentro del diagnóstico diferencial considerarís la angiopatía amiloide (amyloid spell). En este momento no hay datos clínicos que apoyen la etiología comicial pero sería la tercera opción.
Ante estabilidad de la paciente damos alta a domicilio en CRI
	]]></text>
</Section>
<Section span_begin="5355" span_end="5359" id="SECCION_CONTROL" type="INFORMACIÓN SOBRE TRATAMIENTO">
	<name><![CDATA[PLAN]]></name>
	<text><![CDATA[
:
- Tratamiento. Cambio de plavix (clopidogrel) por AAS 100mg/día y aumento a atorvastatina 80mg/día.
	]]></text>
</Section>
<Section span_begin="5464" span_end="5486" id="SECCION_RECOMENDACIONES" type="INFORMACIÓN SOBRE TRATAMIENTO">
	<name><![CDATA[RECOMANACIONS A L'ALTA]]></name>
	<text><![CDATA[
añadidmos a medicación habitual :
cambio de simvastatina por atorvastatina 80mg7 D STOP CLOPIDOGREL
AFEGIM AAS 10mg / d
	]]></text>
</Section>
<Section span_begin="5609" span_end="5620" id="SECCION_DIAGNOSTICO_PRINCIPAL" type="DIAGNÓSTICO">
	<name><![CDATA[DIAGNÒSTICS]]></name>
	<text><![CDATA[
-	AIT regresivo
	]]></text>
</Section>
<Section span_begin="5639" span_end="5647" id="SECCION_CONTROL" type="INFORMACIÓN SOBRE TRATAMIENTO">
	<name><![CDATA[CONTROLS]]></name>
	<text><![CDATA[
CRI neurologia:
-	Dx: Acudir a realizar según citación adjunta RM cerebral y ecocardiogramaTT vía circuito rápido de ictus.
-	Logístico: Altable con parte de neurología con control por su CAP y con control en CEX de neurología vascular - CRI según citación adjunta
Responsable clínic: Dra. _NAME_ (NºCol. _ID_)
Equip mèdic: Dra. _NAME_ (NºCol. _ID_)
Servei que ha donat d'alta:
URGENCIES MEDICINA	Data d'alta:
12.06.2017 - 14:00	Nom del metge que informa de l'alta:
Dra. _NAME_ (NºCol. _ID_)
_LOCATION_, 12.06.2017
Pàg. 1 de   4	]]></text>
</Section>
</ehr>