<?xml version='1.0' encoding='UTF-8'?>
<ehr id="380215730.utf8.txt">
<Section id="DEFAULT_HEADER" type="DEFAULT_HEADER" >
	<name>DEFAULT_HEADER</name>
	<text><![CDATA[
_LOCATION_) Telèfon _SS_  972 _CONTACT_
Telèfon IDI (Ressonància i TAC) _CONTACT_
Telèfon ICO _CONTACT_
Nº Història Clínica: _ID_
Cognoms, Nom: _NAME_
NºEpisodi: _ID_
CIP: _ID_
Sexe: Dona
Data de Naixement: _DATE_   Edat: 85 Anys
NIF/DNI: _ID__NAME_; _NAME_
Informe d'alta d'hospitalització
11:05:50
12.06.2017
_LOCATION_
_SS_ MEDICINA INTERNA
ABS
Servei Data d'alta
_CONTACT_; _CONTACT_; _CONTACT_
DOMICIL/RES.SOC 08.06.2017
_LOCATION_
Adreça
Telèfon Procedència Data d'ingrés Atès per
	]]></text>
</Section>
<Section span_begin="490" span_end="504" id="SECCION_MOTIVO_DE_INGRESO" type="MOTIVO DEL INGRESO">
	<name><![CDATA[MOTIU D'INGRÉS]]></name>
	<text><![CDATA[
Síndrome confusional agut
	]]></text>
</Section>
<Section span_begin="532" span_end="543" id="SECCION_ANTECEDENTES" type="ANTECEDENTES">
	<name><![CDATA[ANTECEDENTS]]></name>
	<text><![CDATA[
	]]></text>
</Section>
<Section span_begin="544" span_end="565" id="SECCION_ANTECEDENTES_PERSONALES" type="ANTECEDENTES">
	<name><![CDATA[ANTECEDENTS PERSONALS]]></name>
	<text><![CDATA[
-	Nega al·lèrgies medicamentoses conegudes
-	Nega hàbits tòxics
-Pacient ATDOM. Depenent per les ABVD, viu sola però la seva filla viu al pis de dalt. Deambula amb caminador.
	]]></text>
</Section>
<Section span_begin="742" span_end="764" id="SECCION_ANTECEDENTES_PATOLOGICOS" type="ANTECEDENTES">
	<name><![CDATA[ANTECEDENTS PATOLÒGICS]]></name>
	<text><![CDATA[
-	Lumbociatàlgia crònica per patologia vertebral ja coneguda i en seguiment per la _SS_, en tractament amb opioides crònicament
-	HTA amb tractament farmacològic
-	Tiroïdectomiafa 15 anys per probable goll. Hipotiroïdisme residual amb tractament substitutiu
-	Ansietat en tractament
-	Carcinoma escamós al dors de la mà esquerra ressecat al maig de 2013
-	Carcinoma escamós vulvar el maig de 2014 tractada amb hemivulvectomia esquerre el juliol de 2014, amb ampliació de marges quirúrgics el setembre de 2014, es va plantejar RDT complementària que no es comença per agudització de la seva artropatia. Al gener del 2015, adenopatia inguinal esquerre estadiada per TAC sense presència de malaltia a distància i amb exèresis el 06/02/2015 on es va observar carcinoma escamós metastàsic, el qual es va presentar al comitè i es va decidir rescat amb RDT a nivell inguinal fins el 06/05/2015, dosi de 45Gy, amb epitelitis lleu posterior.
-	Nefrectomia completa ronyó esquerre fa 35 anys per probable TBC. (estigmes clars de tuberculosi pulmonar)
-	Osteoporosis amb fractura subcapital de fèmur que ingressa el passat 29/04/2017 per la col·locació d'artroplàstia bipolar al maluc dret sense incidències.
Desconeixem perque està antiagrgada. SITUACIÓ BASAL:
Pacient de 85 anys dependent per les ABDV que viu sola però la seva filla viu al pis superior.  Es dutxa sola amb
ajuda de la filla i deambula amb caminador. Surt a passejar diàriament  amb ajuda de la fisioterapeuta. Bon estat cognitiu.
	]]></text>
</Section>
<Section span_begin="2256" span_end="2274" id="SECCION_TRATAMIENTO_HABITUAL" type="INFORMACIÓN SOBRE TRATAMIENTO">
	<name><![CDATA[MEDICACIÓ HABITUAL]]></name>
	<text><![CDATA[
-	Àcid alendronic 70mg setmanal
-	Adiro 100mg cada 24 hores
-	Enalapril cinfa 5mg cada 24 hores
-	Hidrosaluretil 50mg mig comprimit cada 24 hores
-	Levotiroxina 50mcg 2 comprimits cada 24 hores
-	Lorazepam 1mg cada 24 hores
-	
Informe d'alta d'hospitalització
-	Omeprazol 20mg cada 24 hores
-	Oxycontin 40mg cada 12 hores
-	Tryptizol 10mg cada 24 hores
	]]></text>
</Section>
<Section span_begin="2634" span_end="2647" id="SECCION_PROCESO_ACTUAL" type="INFORMACIÓN SOBRE LA HISTORIA ACTUAL">
	<name><![CDATA[PROCÉS ACTUAL]]></name>
	<text><![CDATA[
Pacient que acut a urgències per inici des d'ahir a les 11.30h per quadre progressiu d'impossibilitat de nominació d'objectes i dels noms de les seves filles, juntament amb desorientació, respostes incoherents i inadecuades. Les filles contacten amb el 112 i es trasllada al nostre centre on acut amb sintomatologia semblant.
A l'arribada al centre es valora possible afasia nominativa, motiu pel qual decideix activar-se el codi ictus. A la valoració de  neurologia, s'objectiva una pacient vigil, desorientada en temps i  espai amb  dificultats per la nominació en context de molta confusió, fluència conservada i sense altres signes de focalitat neurològica. No hi ha desviació de la comissura bucal, sense alteració de força ni sensibilitat.
Davant el TAC normal i l'exploració dubtosa de l'alteració del llenguatge es descarta patologia isquèmica aguda desactivant-se així el codi ictus.
La família refereix la presència de tres episodis de deposicions diarreiques, sense termometrar febre en cap moment ni altra clínica acompanyant.
Durant la revaloració a urgències per part del nostre servei, no s'objectiva la afàsia nominativa i degut a la fluència clarament conservada i la confusió present, es considera que la clínica és secundària a un quadre confusional que ha anat millorant progressivament durant l'estada a urgències.
	]]></text>
</Section>
<Section span_begin="3986" span_end="4003" id="SECCION_EXPLORACION_FISICA" type="INFORMACIÓN SOBRE LA EXPLORACIÓN FÍSICA">
	<name><![CDATA[EXPLORACIÓ FÍSICA]]></name>
	<text><![CDATA[
Bon estat general. Normocolorejada i normoperfundida. Conscient i orientada. Afebril. Eupneica
-	Exploració cardiovascular: tons rítmics, amb buf sistòlic mitral i buf carotidi de predomini esquerre. Absència d'edemes em EEII, sense signes d'insuficiència cardíaca. Polsos perifèrics presents i simètrics.
-	Exploració respiratòria: murmuri vesicular conservat, sense sorolls sobreafegits.
-Exploració abdominal: tou i depressible, no dolorós a la palpació, no masses ni megàlies, peristaltisme conservat, no signes de peritonisme, puny percussió lumbar bilateral negativa.
-	Exploració neurològica: pacient conscient i orientada en tres esferes, glasgow 15, sense objectivació de dificultat en la nominació. No confusió. Pupil·les isocòriques i normorreactives, parells cranials conservats, campimetria preservada, absència de signes meningis, força i sensibilitat conservades, absència de nistagmus, comprensió conservada.
-Exploració dermatològica: presència d'intertrigen a nivell abdominal i vaginal en resolució.
	]]></text>
</Section>
<Section span_begin="5026" span_end="5051" id="SECCION_EXPLORACIONES_COMPLEMENTARIAS" type="INFORMACIÓN SOBRE PRUEBAS COMPLEMENTARIAS">
	<name><![CDATA[EXPLORACIÓ COMPLEMENTÀRIA]]></name>
	<text><![CDATA[
Analítica (07/06/2017)
Creatinina 0.52, CK 36 Creatinincinasa-MB 24, Na 130, K 5 Troponina T hs 26.5
Sediment orina: Densitat 1010 PH orina 8 Leucòcits tira Negatiu Nitrits Negatiu Proteïna * 25 Glucosa Negatiu Cossos cetònics Negatiu Urobilinogen Negatiu Bilirubina Negatiu Eritròcits Negatiu
Control analític (8/6/17):
Hb 11.4, Hto 35, Plaquetes  481, Leucòcits 8.34, Tasa protrombina 91, INR 1.04, TTPA 31.4, Temps de cefalina
Informe d'alta d'hospitalització
(ratio) 1, Fibrinogen 481, Glucosa 111, Urea 26, Creatinina 0.60, Urat 4.4, Proteïna 7.2, Albúmina (sèrum) 3.9,
Colesterol  163, Colesterol HDL 49, Colesterol LDL 92, Triglicèrid 108, Bilirubina total 0.31, GOT 17, GPT 8, GGT
22, FA 120, LDH 168, CK 30, Amilasa 54, Calci (II) 9, Na 130, K 4.2, Troponina T hs 21.1, PCR 1.67
Analítica (09/06/2017):
Hb* 10.4,Hto 31, 14.2,Plaquetes 443 ,Leucòcits 4.98, Glucosa 82,Urea 18,Creatinina 0.61,   Albúmina (sèrum)
3.5,Colesterol 157, HDL 52, LDL 92,Triglicèrid 66, GPT11,GGT 19,FA 100, Ca 8.6,Ferro (II+III) 52,Na 135, K 3.8,
FG82.9, Sodi orina 55,Potasi orina 13.6, Ferritina 52,Prealbúmina * 13.6,Proteïna C reactiva * 1.19,Transferrina 23
,Capacitat total fixació ferro 303.5,IST 17,   Folats (vitamina B9) 9.68,vitamina B12 328.4, Triiodotironina lliure 1.59,Tiroxina lliure 1.42,Tirotropina 2.39
PROTEINOGRAMA
Proteinograma-Albumina * 50.7 % [ 55.8 - 66.1 ]
Proteinograma-Globulina alfa-1 4.9 % [ 2.9 - 4.9 ]
Proteinograma-Globulina alfa-2 10.9 % [ 7.1 - 11.8 ] Proteinograma-Globulina beta * 15.1 % [ 8.4 - 13.1 ] Proteinograma-Globulina gamma 18.4 % [ 11.1 - 18.8 ]
TAC cranial simple amb contrast ev (07/06/2017):
No es visualitza signes hemorràgics aguts intra ni extraxials. Subtil zona d'hipdensitat periventricular en relació a lleus canvis per hipoperfusió crònica. Resta de parènquima cerebral, cerebel·lós i del tronc encefàlic sense alteracions densitomètriques significatives. Estructures de la linia mitja centrades. Sistema ventricular simètric, de morfologia i mida conservada per a l'edat del pacient. Cisternes de la base i peritronculars lliures. L'estudi de perfusió no mostra alteracions valorables. Estudi angiogràfic lleugerament artefactuat per moviment (situació que disminueix la sensibilitat de la prova). Es visualitza correcta
permeabilitat i morfologia de artèries caòtides internes, intra i extracranials, ACAs, ACMs, ACPs i resta de territori vertebrobasilar. La part de l'exploració que inclou l'hemitòrax superior mostra canvis fibrocicatricials biapicals calcificats. Lleus canvis degeneratius a columna cervical.
CONCLUSIÓ: Estudi TC cranial que no mostra signes d'isquèmia hiperaguda en el
moment actual. No es visualitza signes hemorràgics aguts intra  ni extraxials. Resta  d'estudi sense troballes patològiques agudes rellevants.
ECG (07/06/2017):
ritme sinusal, T negatives en cara anterior amb patró de sobrecàrrega.
RXT (7/6/17): mala qualitat. No infiltarts ni signes de ICC.
	]]></text>
</Section>
<Section span_begin="7993" span_end="8009" id="SECCION_EVOLUCION" type="INFORMACIÓN SOBRE EVOLUCIÓN">
	<name><![CDATA[EVOLUCIÓ CLÍNICA]]></name>
	<text><![CDATA[
-	Síndrome confusional agut:
* Es descarta la possible intoxicació farmacològica per fàrmacs (triptizol, oxicodona i lorazepam) ja que no presenta canvi de medicació en l'últim any ni augment de dosi o freqüència de medicació.
*Analíticament s'observa una lleu hiponatrèmia de 130  justificada pel tractament diürètic que segueix, el el únic que es troba com a possible causa del síndrome confusional.
-	Intertrigen vaginal i abdominal pel que es pauta tractament amb eosina.
-Discreta anèmia probablement ferropenica (IST : 17% (normal > 28%)
Informe d'alta d'hospitalització
La pacient segueix tractament amb SF corretgint la natremia, desapareixent el sdm confusional i tornant a la situació basal. Es suprimeix el diuretic i s'augmenta la dosi d'enalapril per control de TA.
	]]></text>
</Section>
<Section span_begin="8798" span_end="8809" id="SECCION_DIAGNOSTICO_PRINCIPAL" type="DIAGNÓSTICO">
	<name><![CDATA[DIAGNÒSTICS]]></name>
	<text><![CDATA[
293.0/6 Sindrome confusional agut 276.1/2 Hiponatremia
281.9/1 Anemia cronica
112.2/6 Intertrigen uro-genital per candides
	]]></text>
</Section>
<Section span_begin="8934" span_end="8946" id="SECCION_PROCEDIMIENTOS" type="PROCEDIMIENTO">
	<name><![CDATA[PROCEDIMENTS]]></name>
	<text><![CDATA[
89.09 Consulta, no especificada de cap altra manera
	]]></text>
</Section>
<Section span_begin="9000" span_end="9035" id="SECCION_TRATAMIENTO_AL_ALTA" type="INFORMACIÓN SOBRE TRATAMIENTO">
	<name><![CDATA[TRACTAMENT I RECOMANACIONS A L'ALTA]]></name>
	<text><![CDATA[
EL SEU DE BASE PERO SUSPENENT HIDROSALURETIL I AGUGMENTAT DOSI ENALAPRIL. ENALAPRIL 5 MG VO CADA 12 HORES.
EOSINA 2 APLICACIONS AL DIA.
	]]></text>
</Section>
<Section span_begin="9173" span_end="9180" id="SECCION_CONTROL" type="INFORMACIÓN SOBRE TRATAMIENTO">
	<name><![CDATA[CONTROL]]></name>
	<text><![CDATA[
CONTROL METGE DE CAPÇALERA QUE AJUSTARA TRACTAMENT ANTIHIPERTENSIÓ.
CONTROL	CCEE   DR   _NAME_   DIMATRS	3   D'OCTUBRE	A   LES   12:00   AMB   ANALÍTICA   AMB FERROCINATICA I HEMORRAGIES EN FEMTA
DESTINACIÓ A L'ALTA:	A DOMICILI
Validat per: _NAME_	Col·legiat: _ID_
12.06.2017
Pàgina 1 de 4	]]></text>
</Section>
</ehr>