<?xml version='1.0' encoding='UTF-8'?>
<ehr id="381150279.utf8.txt">
<Section id="DEFAULT_HEADER" type="DEFAULT_HEADER" >
	<name>DEFAULT_HEADER</name>
	<text><![CDATA[
_LOCATION_ Tel. _CONTACT_
e-mail: _CONTACT_
Nº Història Clínica: _ID_
Cognoms, Nom: _NAME_
NºEpisodi: _ID_
CIP: _ID_
Sexe: Home
Data de Naixement: _DATE_   Edat: 77 Anys
NIF/DNI: _ID__NAME_; _NAME_; 
_NAME_;;_NAME_
Informe d'alta d'hospitalització
16:00:00
15.06.2017
_LOCATION_
_SS_ NEUROLOGIA
CP
ABS
Servei Data d'alta
_LOCATION_
_CONTACT_; _CONTACT_
DOMICIL/RES.SOC 09.06.2017
Adreça
Telèfon Procedència Data d'ingrés Atès per
	]]></text>
</Section>
<Section span_begin="433" span_end="447" id="SECCION_MOTIVO_DE_INGRESO" type="MOTIVO DEL INGRESO">
	<name><![CDATA[MOTIU D'INGRÉS]]></name>
	<text><![CDATA[
Alteración del lenguaje
	]]></text>
</Section>
<Section span_begin="473" span_end="484" id="SECCION_ANTECEDENTES" type="ANTECEDENTES">
	<name><![CDATA[ANTECEDENTS]]></name>
	<text><![CDATA[
	]]></text>
</Section>
<Section span_begin="485" span_end="508" id="SECCION_ANTECEDENTES_PERSONALES" type="ANTECEDENTES">
	<name><![CDATA[ANTECEDENTES PERSONALES]]></name>
	<text><![CDATA[
:
Paciente de 77 años, sin alergias medicamentosas conocidas. Fumador de 4 cigarrilos al dia.
Situación funcional previa: mRS 0.  Vive solo. Tiene una ayuda de una persona que le limpia y le cocina pero sale solo a comer con los amigos.
	]]></text>
</Section>
<Section span_begin="746" span_end="770" id="SECCION_ANTECEDENTES" type="ANTECEDENTES">
	<name><![CDATA[ANTECEDENTES PATOLÓGICOS]]></name>
	<text><![CDATA[
:
-	Hipertensión arterial en tratamiento farmacológico.
-	Dislipemia en tratamiento médico.
-	Insuficiencia valvular Aórtica
-	Hipertrofia benigna de próstata en tratamiento médico.
-	Estudio por Neurólogo particular por transtorno de memoria con clínica amnésica.
RM cerebral: infartos lacunares crónicos bihemisféricos en localizaciones mencionadas. Área de necrogliosis postisquémia en substáncia blanca profunda frontal paraventricular.#
ECO Doppler TSA: Estenosis del 50% en ACI Derecho sin repercusión hemodinámica. Estenosis del 50-70% en ACI Izquierdo.
Holter (04/13). RS, FVM:61; Tendencia a bradicardia. Conducción AV limitada. Extrasístoles supraventriculares aislados escasos. 2 salvas TANS de hasta 7 latidos. EV aislada pleomórfica muy frecuente 12% con abundantes parejas y tripletes. No sintomatologia durante el registro.
- Episodio de desconnexión del medio de 5 minutos de duración sin movimientos tónic-clónicos en 2015 que fue visitado en _SS_, que se realizó TC craneal que objetivó lesión isquémica crónica paraventricular en caudado derecho. Fue dado de alta con tratamiento antiagregante y sin tratamiento anticomicial.
	]]></text>
</Section>
<Section span_begin="1917" span_end="1935" id="SECCION_TRATAMIENTO_HABITUAL" type="INFORMACIÓN SOBRE TRATAMIENTO">
	<name><![CDATA[MEDICACIÓ HABITUAL]]></name>
	<text><![CDATA[
Amlodipino	5	mg,	atorvastatina	40	mg,	Emconcor	2.5	mg	cada	12	horas,	finasteride	5	mg, Lisinopril/Hidroclorotiazida 20/12.5 mg, Omeprazol 20 mg, Omnic 0.4 mg, Tromalyt 150 mg
	]]></text>
</Section>
<Section span_begin="2112" span_end="2125" id="SECCION_PROCESO_ACTUAL" type="INFORMACIÓN SOBRE LA HISTORIA ACTUAL">
	<name><![CDATA[PROCÉS ACTUAL]]></name>
	<text><![CDATA[
Paciente visto asintomático por última vez el día 08/06/2017 a las 13:00 por cuidadora, yendo en ese momento él a comer fuera con los amigos. Hoy día 09.06.2017 a las 9:30 de la mañana, la cuidadora al llegar al domicilio y haya la puerta abierta y el paciente en el suelo sin poder emitir lenguaje. Avisa al SEM que activa el código ictus a las 9:48, llegando a nuestro centro a las 10:05.
	]]></text>
</Section>
<Section span_begin="2519" span_end="2536" id="SECCION_EXPLORACION_FISICA" type="INFORMACIÓN SOBRE LA EXPLORACIÓN FÍSICA">
	<name><![CDATA[EXPLORACIÓ FÍSICA]]></name>
	<text><![CDATA[
FC   57 bpm	FR    143 rpm	TA s    71 mmHg	TA d    mmHg
Informe d'alta d'hospitalització
Tªaxi 36.1 ºC	Tªrec  ºC	SAT O2 99 %	Pes Kg
	]]></text>
</Section>
<Section span_begin="2675" span_end="2705" id="SECCION_EXPLORACION_FISICA_EN_URGENCIAS" type="INFORMACIÓN SOBRE LA EXPLORACIÓN FÍSICA">
	<name><![CDATA[Exploración física a Urgéncias]]></name>
	<text><![CDATA[
:
Vigil.  Mutismo,  obedece  órdenes  simples  y  complejas  pero  se  intoxica.  No  alteraciones  campimétricas  ni oculomotoras. no parésia facial. No déficits motores ni sensitivos. No hipoestesias.
NIHSS: (0.2.1)0.0/0.(0.0)(0.0)/0.0.2.2 .0 = 7
	]]></text>
</Section>
<Section span_begin="2955" span_end="2991" id="SECCION_EXPLORACION_FISICA_AL_ALTA" type="INFORMACIÓN SOBRE LA EXPLORACIÓN FÍSICA">
	<name><![CDATA[Exploración física al alta de la UIA]]></name>
	<text><![CDATA[
:
Conciente, lenguaje con fluencia disminuida, bloqueos nominativos muy frecuentes, emite monosílabos y alguna palabra simple, repetición conservada, obedece órdenes simples y complejas, aunque tras varias complejas se intoxica.PICNR. MOE plena. Campimetríaa por confrontación conservada.  Pares craneales conservados. No defícit sensitivomotor. No dismetrias. No negligencia, inatención ni extinción.
NIHSS 0.2.0.0.0/0(0.0)(0.0)/0.0.2.0.0 = 4
	]]></text>
</Section>
<Section span_begin="3436" span_end="3461" id="SECCION_EXPLORACIONES_COMPLEMENTARIAS" type="INFORMACIÓN SOBRE PRUEBAS COMPLEMENTARIAS">
	<name><![CDATA[EXPLORACIÓ COMPLEMENTÀRIA]]></name>
	<text><![CDATA[
	]]></text>
</Section>
<Section span_begin="3462" span_end="3504" id="SECCION_EXPLORACIONES_COMPLEMENTARIAS_EN_URGENCIAS" type="INFORMACIÓN SOBRE PRUEBAS COMPLEMENTARIAS">
	<name><![CDATA[EXPLORACIONES COMPLEMENTARIAS EN URGENCIAS]]></name>
	<text><![CDATA[
:
Analítica de urgencias (09.06.2017): Hematologia: Leucòcits 12800 /µL, (N 77,9 % / L 11,8 / M 9,6 / E 0,2 / B 0,5), Hties 5,12 mill/µL, Hb 16 g/dL, Hct 47,9 %, VCM 93,5 fL, Plaquetes 205000 /µL, TP 95 %, INR 1,04 sg, TP
ratio 1,04, TTPA 24 sg, TTPA ratio 0,77, Fibrinogen 521 mg/dL.
Bioquimica (09/06/17): Glucosa 100 mg/dL, Urea 57, Creatinini 0,89, Na 138 mmol/L, K 4,2, Prot-C reactiva 5,3 mg/L.
TC craneal, perfusión y AngioTC (09.06.2017 10:28): Hipoatenuación temporal izquierda, corticosubcortical, que puede corresponder a lesión isquémica del territorio de ACM izquierda. Múltiples lesiones parenquimatosas en ganglios basales, bilaterales, de predominio derecho, compatibles con lesiones residuales de probable origen isquémico antiguo. Sin otros hallazgos TC destacables TC perfusión: Se observa un alargamiento del tiempo del tránsito medico medio con conservación de volumen sanguíneo cerebral en localización parietal izquierda, compatible con área de penumbra. No se observan lesiones isquémicas establecidas.Angio-TC TSA y craneal: Correcta permeabilidad de los vasos arteriales cervicales de los vasos arteriales y venosas craneales.
EXPLORACIONES COMPLEMENTARIAS EN UIA:
Monitorización cardíaca contínua en UIA (72h): Ritmo sinusal
Analítica de ingreso (13.06.2017) :Hematologia: Leucòcits 7200 /µL, (N 66 % / L 24,3 / M 8 / E 1,3 / B 0,4),
Hties 4,47 mill/µL, Hb 14,1 g/dL, Hct 41,2 %, VCM 92,1 fL, Plaquetes 207000 /µL, TP 94 %, INR 1,05 sg, TP ratio
1,05, TTPA 29 sg, TTPA ratio 0,94, Fibrinogen 551 mg/dL. Bioquimica (13/06/17): Glucosa 92 mg/dL, HbA1c 5,5
%, Urea 38 mg/dL, Creatinini 0,98, Filtrat glomerular estimat 74 mL/min/1.73 m2, Urat 4,8 mg/dL, Ca 8,6, Mg 2,1,
Na 139,6 mmol/L, K 4,29, ALT 31 U/L, GGT 18, FA 59, Bilirubina 1,15 mg/dL, Prot-C reactiva 8,1 mg/L, Proteïna
55,3 g/L, Albumina 32. Proteinograma.- PENDIENTE,  Lípids.- Triglicèrid 101 mg/dL, Colesterol 131, (HDL 34,3 / LDL 76). Hormonas (13/06/17): TSH 2,686 µUI/mL.
Estudio neurosonológico (12.06.2017): Estudi Trans-Craneal:Es registren ambdues ACAs, ACMs, ACPs, Avs i AB. Asimetria de ACMs per mínima acceleració a M1 proximal d'ACM esquerre (VPS 90cm/seg) de forma
Informe d'alta d'hospitalització
focal. Resta de arteries amb característiques de flux i velocitat dintre de la normalitat, no troballes significatives. Oftàlmiques ortodròmiques. Estudi de TSA: Eix carotidi dret: plaques ateromatoses iso/hiperecoiques de superfície lisa calcificades a ACC i emergència de ACI que no condicionen estenosis significatives. Eix carotidi esquerre: plaques ateromatoses iso/hiperecoiques de superfície lisa calcificades a ACC i emergència de ACI  que no condicionen estenosis significatives. Arteries vertebrals ortodrómiques. Conclusió: Plaques ateromatoses iso/hiperecoiques de superfície lisa calcificades a ambdós eixos carotidis que no condicionen estenosis significatives. Asimetria de ACMs per mínima acceleració a M1 proximal d'ACM esquerre (VPS 90cm/seg) de forma focal.
Ecografia transtorácica: Ventricle esquerre no dilatat, lleugerament hipertròfic amb motilitat normal.
Aurícula esquerra lleugerament dilatada. Arrel aòrtica i crossa aòrtica lleugerament dilatades.- Insuficiència aòrtica lleugera.
	]]></text>
</Section>
<Section span_begin="6723" span_end="6739" id="SECCION_EVOLUCION" type="INFORMACIÓN SOBRE EVOLUCIÓN">
	<name><![CDATA[EVOLUCIÓ CLÍNICA]]></name>
	<text><![CDATA[
Paciente de 77 años, con antecedentes de factores de riesgo cardiovascular, que acude a Urgencias el día 09.06.2017 por dificultad de la emisión del lenguaje de cronología incierta. A su llegada a nuestro centro, hemodinámicamente estable y afebril con ECG en ritmo sinusal. Exploración neurológica con mutismo, aunque obedece órdenes simples y complejas, intoxicándose despues de varias, puntuando un NIHSS de 7. Se realiza TC craneal con AngioTC y perfusión que muestra lesión temporal izquierda establecida sin estenosis ni oclusiones vasculares intra ni extracraniales. Se desestima tratamiento médico por cronología y al no observarse oclusión vascular. Se orienta como ictus isquémico de cronología incierta de etiología y mecanismo a estudio. Se decide ingreso en UIA para control médico y estudio etológico.
Durante su ingreso en UIA, monitorizado con constantes mantenidas. Se implanta dispositivo SRA con consentimiento informado de familiares. La telemetría cardíaca durante 72h no muestra eventos arrítmicos. El paciente presenta tendencia a la mejoría neurológica, emitiendo palabra, puntuando una NIHSS de 5. Tolera dieta oral y deambulación.
Dentro del estudio etiológico se realiza una analítica de ingreso que muestra un perfil lipídico y glicémico normal. Se realiza un estudio neurosonológico que muestra ateromatosis bicarotidea leve y un ecocardiograma transtorácico que descarta cardiopatía emoblígena mayor.
Finalmente se orienta como ictus isquémico de ramas posteriores de arteria cerebral media izquierda de mecanismo embólico y etiología indeterminada. Se propone a la familia la inclusión al estudio NAVIGATE (antiagregación simple vs. anticoagulación con rivaroxabán); pendiente de decisión por parte de la familia (serán contactados telefónicamente).
Dada la estabilidad clínica y hemodinámica del paciente, se decide alta a hospital de referencia (_SS_). Al alta;
NIHSS = (0-1-0)0-0//0(0-0)(0-0)//0-0-2- 1-0 = 4
mRS 3
	]]></text>
</Section>
<Section span_begin="8693" span_end="8704" id="SECCION_DIAGNOSTICO_PRINCIPAL" type="DIAGNÓSTICO">
	<name><![CDATA[DIAGNÒSTICS]]></name>
	<text><![CDATA[
-	Ictus isquémico en territorio de ACM izquierda de etiología y mecanismo indeterminado (ESUS).
-	Hipertensión arterial
-	
Informe d'alta d'hospitalització
	]]></text>
</Section>
<Section span_begin="8865" span_end="8900" id="SECCION_TRATAMIENTO_AL_ALTA" type="INFORMACIÓN SOBRE TRATAMIENTO">
	<name><![CDATA[TRACTAMENT I RECOMANACIONS A L'ALTA]]></name>
	<text><![CDATA[
Dieta oral cardiosaludable. Adiro 300mg/234h (0-1-0) Bisoprolol 2.5mg/24h Atorvastatina 40mg/24h Enoxaparina 40mg/24h sc Finasterida 1comp/24h Omnic 1comp/24h
Paracetamol 1g/8h ev si fiebre o dolor
	]]></text>
</Section>
<Section span_begin="9100" span_end="9107" id="SECCION_CONTROL" type="INFORMACIÓN SOBRE TRATAMIENTO">
	<name><![CDATA[CONTROL]]></name>
	<text><![CDATA[
Se realiza traslado a Hospital de referencia (_SS_) - habitacuón _ID_. Serán contactados vía telefónica para decisión de inclusión en estudio Navigate.
DESTINACIÓ A L'ALTA:	HOSP. AGUTS/PSQ
Validat per: _NAME_	Col·legiat: _ID_
15.06.2017
Pàgina 1 de 4	]]></text>
</Section>
</ehr>