<?xml version='1.0' encoding='UTF-8'?>
<ehr id="381181656.utf8.txt">
<Section id="DEFAULT_HEADER" type="DEFAULT_HEADER" >
	<name>DEFAULT_HEADER</name>
	<text><![CDATA[
I.CLINIC DE NEUROCIÈNCIES NEUROLOGIA
_NAME_	NHC: _ID_
Sexo/Sexe: Masc.	Fecha nac./Data naix.: _DATE_	Edad/Edat: 52 años Dirección/Adreça: _LOCATION_	CP: _LOCATION_
Municip. (Prov.): _LOCATION_  ABS:_SS_		Tel.:_CONTACT_ FILLA As.: SERVEI CATALA DE LA SALUT	CIP: _ID_	NASS: _ID_
Nº epis.: _ID_	Tipo/Tipus: HOSPIT.	Inici.: 12.06.2017
Serv: NEUROLOGIA	UO Enf.: G6B4 SALA G NEUROL. CURT. E Hora: 16:00:00
Facult. de ref.: _NAME_
	]]></text>
</Section>
<Section span_begin="430" span_end="455" id="SECCION_TIPO_DE_INGRESO" type="TIPO DE INGRESO">
	<name><![CDATA[Tipo ingreso/Tipus ingrés]]></name>
	<text><![CDATA[
: Programat	Motivo/Motiu alta: Dom. Familiar
Diag.:
Fístula dural AV ()
Proc.:
Embolització/oclusió intravasculars vas-os del cap o el coll mitjançant coils bioactius (39.76) OTRO PROCEDIMIENTO NCOC (99.99)
Angiografía terapéutica ()
INFORME CLÍNICO ALTA / INFORME CLÍNIC ALTA
	]]></text>
</Section>
<Section span_begin="737" span_end="775" id="SECCION_MOTIVO_DE_INGRESO" type="MOTIVO DEL INGRESO">
	<name><![CDATA[Motivo de consulta / Motiu de consulta]]></name>
	<text><![CDATA[
Tratamiento electivo fístula dural AV frontobasal izquierda
	]]></text>
</Section>
<Section span_begin="837" span_end="899" id="SECCION_ANTECEDENTES" type="ANTECEDENTES">
	<name><![CDATA[Antecedentes e historia previa / Antecedents i història prèvia]]></name>
	<text><![CDATA[
Varon de 52 años sin alergias. Fumador de 1 paquete/dia desde los 24 años, enol ocasional. Trabajador autónomo. mRS: 0.
*ANTECEDENTES PATOLÓGICOS:
1.	HIPERTENSIÓN ARTERIAL
2.	DISLIPEMIA
3.	CARDIOPATÍA ISQUÉMICA (SCASEST) en febrero de 2017 (disminución de flujo en descendente anterior sin lesiones revascularizables).
4.	HIPERPLASIA BENIGNA DE PRÓSTATA.
5.	MIGRAÑA CON AURA en forma de escotoma centelleante.
6.	FÍSTULA DURAL FRONTAL BASAL IZQUIERDA con síntomas de migraña con aura acompañante, pendiente de intervención.
	]]></text>
</Section>
<Section span_begin="1426" span_end="1450" id="SECCION_ANTECEDENTES_FAMILIARES" type="ANTECEDENTES">
	<name><![CDATA[*ANTECEDENTES FAMILIARES]]></name>
	<text><![CDATA[
:
- Cardiopatía isquémica en familiares de primer grado (padre y madre).
	]]></text>
</Section>
<Section span_begin="1524" span_end="1544" id="SECCION_TRATAMIENTO_HABITUAL" type="INFORMACIÓN SOBRE TRATAMIENTO">
	<name><![CDATA[*MEDICACIÓN HABITUAL]]></name>
	<text><![CDATA[
:
Bisoprolol 5 mg/12h; atorvastatina 40 mg/24h; ácido acetilsalicílico 100 mg/24h; mononitrato de isosorbide retard 50 mg/24h, diltiazem retard 120 mg/24h; omeprazol 20 mg/24h, enalapril 5 mg/12h, dexametasona 4 mg/12h.
	]]></text>
</Section>
<Section span_begin="1765" span_end="1795" id="SECCION_PROCESO_ACTUAL" type="INFORMACIÓN SOBRE LA HISTORIA ACTUAL">
	<name><![CDATA[Proceso actual / Procés actual]]></name>
	<text><![CDATA[
Paciente con antecedente de fístula dural arteriovenosa frontobasal izquierda que ingresa de forma electiva
para mañana 13/06 realizar tratamiento endovascular de la misma. Refiere que desde el inicio del tratamiento corticoideo se encuentra asintomático (desaparición de la migraña con aura y la hemiparesia izquierda).
	]]></text>
</Section>
<Section span_begin="2120" span_end="2158" id="SECCION_EXPLORACION_FISICA" type="INFORMACIÓN SOBRE LA EXPLORACIÓN FÍSICA">
	<name><![CDATA[Exploración física / Exploració física]]></name>
	<text><![CDATA[
12/06/2017-17:00:00: PAS (mm Hg) 112, PAD (mm Hg) 68, Tª axilar (ºC) 36. 5.
NRL: consciente y orientado en las tres esferas. Lenguaje normofluente sin rasgos de afasia ni disartria. Pupilas isocóricas normorreactivas. Mirada centrada sin limitaciones, campimetría por confrontación sin déficits. No paresia facial. Balance motor simétrico y sin debilidad. Sensibilidad táctil conservada. No dismetrías. No extinción ni negligencia. No rigidez de nuca ni signos meníngeos. Marcha estable sin apoyo.
Radiología / Radiologia
* RX TÓRAX: no condensaciones, ni pinzamento de senos costofrénicos ni otras alteraciones.
* ANGIORADIOLOGÍA: Técnica: Anestesia general. Heparinoterapia sistémica. Punción femoral bilateral. Introductor 8F derecha y 6F izquierdo. Neuronmax y Chaperon. Balón Scepter XC 4x11. Arterias exploradas: ACCD, ACCI. Informe: Con la ayuda de un portador Neuronmax en ACII y un catéter Chaperon en ACCD para control, se realiza microcateterismo con balón Scepter de la arteria oftálmica izquierda y se coloca en posición para realizar inyección de Onyx. Se logra un buen relleno de toda la trama fistulosa, ocluyéndose la fistula dural tras una inyección de Onyx de aprox. 5 minutos. Las series angiográficas finales muestran una oclusión completa con unos tiempos arteriales, parenquimatosos y venosos dentro de la normalidad. No se han producido complicaciones durante el procedimiento. Recomendamos control angiográfico dentro de aproximadamente
	]]></text>
</Section>
<Section span_begin="3623" span_end="3683" id="SECCION_EXPLORACIONES_COMPLEMENTARIAS" type="INFORMACIÓN SOBRE PRUEBAS COMPLEMENTARIAS">
	<name><![CDATA[Exploraciones complementarias / Exploracions complementàries]]></name>
	<text><![CDATA[
ANALÍTICA SANGUÍNEA: Leucos 11 (80%N), Tr 0.054. Función renal, ionograma, resto de hematimetría y coagulación sin alteraciones.
	]]></text>
</Section>
<Section span_begin="3815" span_end="3835" id="SECCION_EVOLUCION" type="INFORMACIÓN SOBRE EVOLUCIÓN">
	<name><![CDATA[Evolución / Evolució]]></name>
	<text><![CDATA[
1. FÍSTULA DURAL ARTERIOVENOSA FRONTOBASAL IZQUIERDA. TRATAMIENTO ENDOVASCULAR
Al ingreso el paciente se encuentra asintomático, sin déficits focales a la exploración neurológica. Analítica sin alteraciones relevantes. Se realiza tratamiento endovascular de la fístula dural AV el 13/06/17  sin incidencias con onyx a través de oftálmica izquierda bajo anestesia general endovenosa con buen resultado angiográfico final. Educción al término de la IQ, presentando protosis izquierda + lagrimeo. Cierre femoral con punto. Durante su estanciua en URPA refiere dolor torácico de características musculares con ECG normal.
Permanece con proptosis izquierda y lagrimeo sin compromiso de la motilidad ocular ni pérdida de agudeza visual. Resto anodino refiriendo mejoria del dolor muscular.
Durante su estancia en la unidad ha presentado una correcta evolución sin nuevas focalidades, analgesia correcta, tolera ingesta vo. Apósito femoral correcto. Dada la correcta evolución se decide alta a domicilio. Se realizará RM craneal de control en 6 meses con visita con el Dr. _NAME_.
NOTA estancia I043: Se trata de un paciente varón de 52 años sin alergias. Fumador de 1 paquete/dia desde los 24 años, enol ocasional. Antecedentes: 1. HIPERTENSIÓN ARTERIAL 2. DISLIPEMIA 3. CARDIOPATÍA ISQUÉMICA (SCASEST) en febrero de 2017 (disminución de flujo en descendente anterior sin lesiones revascularizables). 4. HIPERPLASIA BENIGNA DE PRÓSTATA. 5. MIGRAÑA CON AURA en forma de escotoma centelleante. 6. FÍSTULA DURAL FRONTAL BASAL IZQUIERDA con síntomas de migraña con aura acompañante,
pendiente de intervención.Refiere que desde el inicio del tratamiento corticoideo se encuentra asintomático (desaparición de la migraña con aura y la hemiparesia)
	]]></text>
</Section>
<Section span_begin="5573" span_end="5593" id="SECCION_TRATAMIENTO_HABITUAL" type="INFORMACIÓN SOBRE TRATAMIENTO">
	<name><![CDATA[Tratamiento habitual]]></name>
	<text><![CDATA[
: Bisoprolol 5 mg/12h; atorvastatina 40 mg/24h; ácido acetilsalicílico 100 mg/24h; mononitrato de isosorbide retard 50 mg/24h, diltiazem retard 120 mg/24h; omeprazol 20 mg/24h, enalapril 5 mg/12h, dexametasona 4 mg/12h.
	]]></text>
</Section>
<Section span_begin="5813" span_end="5831" id="SECCION_MOTIVO_DE_INGRESO" type="MOTIVO DEL INGRESO">
	<name><![CDATA[Motivo de inngreso]]></name>
	<text><![CDATA[
: 1.-Postop inmediato de embolización electiva de fístula dural AV frontobasal izquierda: Paciente asintomático tras corticoterapia que en el día de hoy de manera electiva se realiza cierre de fístula dural con onyx a través de oftálmica izquierda bajo anestesia general endovenosa sin incidencias a destacar con buen resultado angiográfico final. Educción al término de la IQ, presentando protosis izquierda + lagrimeo. Cierre femoral con punto. Pasa a URPA en espera de cama IO43. Durante su estanciua en URPA refiere dolor torácico que refiere muscular de predominio posterior con ECG normal. Ingresa en I043 permaneciendo con proptosis izquierda y lagrimeo sin compromiso de la motilidad ocular ni pérdida de agudeza visual. Resto anodino refiriendo mejoria del dolor muscular. Realizó IC a oftalmologia y dejo cortis + lagrimas artificiales. Durante su estancia en la unidad ha presentado una correcta evolución sin nuevas focalidades, analgesia correcta, tolera ingesta vo. Apósito femoral correcto. Dada la correcta evolución se decide alta a NRL.
Plan terapéutico / Pla terapèutic
Añadimos paracetamol si precisa por dolor, stop corticoterapia. Resto de medicación sin cambios. - Bisoprolol 5 mg/12h - atorvastatina 40 mg/24h - ácido acetilsalicílico 100 mg/24h - mononitrato  de isosorbide retard 50 mg/24h - diltiazem retard 120 mg/24h - omeprazol 20 mg/24h - enalapril 5 mg/12h
	]]></text>
</Section>
<Section span_begin="7222" span_end="7243" id="SECCION_RECOMENDACIONES" type="INFORMACIÓN SOBRE TRATAMIENTO">
	<name><![CDATA[Otras recomendaciones]]></name>
	<text><![CDATA[
 / Altres recomanacions
- Control de factores de riesgo cardiovascular por su médico de cabecera. - RM control en 6 meses - Visita con Dr. _NAME_ en 6 meses.
Firma/Signatura1: _NAME_	Firma/Signatura2: _NAME_ Categoría: Resident 2	Categoría: Consultor/a 1
Nº Matrícula HCP: _ID_	Nº Matrícula HCP: _ID_
Fecha Alta Médica/Data Alta Mèdica: 15.06.2017 Hora Alta Médica/ Hora Alta Mèdica: 15:33:36
Fecha/Data Informe: 15.06.2017
Hora Informe: 15:33:36
Docum.: _ID_
Hist. Clínica: _ID_
El _SS_ ha incorporado sus datos al Fichero de Pacientes, para tratarlos con fines sanitarios.
Puede ejercer sus derechos de acceso, rectificación, cancelación y oposición, así como obtener mas información en la Unidad de Atención al Cliente.
Vers. 01
Pag. 2 de
3
	]]></text>
</Section>
<Section span_begin="7993" span_end="7999" id="SECCION_PROCESO_ACTUAL" type="INFORMACIÓN SOBRE LA HISTORIA ACTUAL">
	<name><![CDATA[Episod]]></name>
	<text><![CDATA[
.: _ID_
_SS_ ha incorporat les seves dades al Fitxer de Pacients, per a tractar-los amb finalitats sanitàries. Pot exercir els seus drets d'accés, rectificació, cancel·lació i oposició, i obtenir més informació a la Unitat d'Atenció al Client.
_SS_
_LOCATION_) _LOCATION_) Tel. _CONTACT_ Fax _CONTACT_
http://_CONTACT_/	]]></text>
</Section>
</ehr>