<?xml version='1.0' encoding='UTF-8'?>
<ehr id="381584060.utf8.txt">
<Section id="DEFAULT_HEADER" type="DEFAULT_HEADER" >
	<name>DEFAULT_HEADER</name>
	<text><![CDATA[
SERVEI DE NEUROLOGIA
INFORME DE ALTA
Unitat d`IctusNº Historia clínica	_ID_
Fecha de nacimiento
_DATE_
C.I.P.	_ID_	Código Centro	_ID_
Teléfono	_CONTACT_	Dirección	_LOCATION_ Fecha ingreso	16/06/17		_LOCATION_ Fecha de alta	17/06/17	Teléfono	_CONTACT_
Nº Asistencia	_ID_
UH	_ID_
	]]></text>
</Section>
<Section span_begin="281" span_end="293" id="SECCION_DIAGNOSTICO_PRINCIPAL" type="DIAGNÓSTICO">
	<name><![CDATA[DIAGNÓSTICOS]]></name>
	<text><![CDATA[
:
1.- ICTUS TACI DE ACM IZQUIERDA CARDIOEMBÓLICO.
2.- FIBRILACIÓN AURICULAR CRÓNICA.
3.- INFECCIÓN RESPIRATORIA POR BRONCOASPIRACIÓN.
4.- INSUFICIENCIA CARDÍACA DESCOMPENSADA.
5.- INSUFICIENCIA RESPIRATORIA AGUDA.
6.- ÉXITUS.
Paciente de 92 años de edad sin alergias medicamentosas conocidas. Vive con una hija. Parcialmente dependiente para las ABVD (ayuda para vestirse, aseo, disfagia a líquidos). Deambula con caminador en domicilio y con silla de ruedas fuera de casa. Buen soporte familiar. No historia de deterioro cognitivo. Rankin 4.
	]]></text>
</Section>
<Section span_begin="839" span_end="853" id="SECCION_PROCEDIMIENTOS" type="PROCEDIMIENTO">
	<name><![CDATA[PROCEDIMIENTOS]]></name>
	<text><![CDATA[
:
TAC craneal
Ingreso en Unidad de Ictus
	]]></text>
</Section>
<Section span_begin="895" span_end="907" id="SECCION_ANTECEDENTES" type="ANTECEDENTES">
	<name><![CDATA[ANTECEDENTES]]></name>
	<text><![CDATA[
:
-	HTA en tratamiento farmacológico y dietético.
-	Dislipemia en tratamiento farmacológico y dietético.
-	Fibrilación auricular anticoagulada con Sintrom y frenada con digoxina y betabloqueante.
-	Cardiopatía hipertensiva diagnosticada en octubre de 2011. Último ecocardiograma del 2011 con FEVI conservada de 75%, y con esclerosis aórtica moderada.
*Ingreso en cardiología el 2011 por descompensación de IC.
*Varios ingresos en centros periféricos y consultas a urgencias por descompensación de IC.
-	AIT sin secuelas en el 2011. No constan informes.
-	Consta antecedente de bronquitis agudas manejadas ambulatoriamente. No consta diagnóstico  de neumopatía ni PFRs, tto broncodilatador con salmeterol+fluticasona.
	]]></text>
</Section>
<Section span_begin="1625" span_end="1649" id="SECCION_ANTECEDENTES_QUIRURGICOS" type="ANTECEDENTES">
	<name><![CDATA[ANTECEDENTES QUIRÚRGICOS]]></name>
	<text><![CDATA[
-	Herniorrafia en 2012.
-	Faquectomía bilateral en 2010.
-	Apendicectomía en 2005.
	]]></text>
</Section>
<Section span_begin="1734" span_end="1753" id="SECCION_TRATAMIENTO_HABITUAL" type="INFORMACIÓN SOBRE TRATAMIENTO">
	<name><![CDATA[MEDICACIÓN HABITUAL]]></name>
	<text><![CDATA[
:
-	Ipratropio 20 mcg 1 inh/6h
-	Bisoprolol 5 mg 1c/24h
-	Digoxina 0,25 mg 0,5c/24h
-	Clometiazol 2c/24h
-	Enalapril 10 mg 1c/12h
-	Furosemida 40 mg 1c/24h
-	Omeprazol 20 mg 1c/24h
-	Paracetamol 1g 1c/8h
-	Pravastatina 10 mg 1c/24h
-	Salmeterol + Fluticasona 50/250mcg 1 inh/12h
Nombre	_NAME_	
- Sintrom. Pauta de 14,5 mg semanales
	]]></text>
</Section>
<Section span_begin="2088" span_end="2105" id="SECCION_PROCESO_ACTUAL" type="INFORMACIÓN SOBRE LA HISTORIA ACTUAL">
	<name><![CDATA[ENFERMEDAD ACTUAL]]></name>
	<text><![CDATA[
:
La familia explica que el dia 15/06 a las 23.30h cae al suelo sin pérdida de consciencia, con recuperación ad integrum posterior, ha sido visitada por el SEM y se encontraba en su basal. A las 6.00h mientras la hija se la encuentra con toda la clínica descrita.
La paciente ayer presentaba un INR de 4,4 motivo por el cual no se dió la dosis de ayer de sintrom. Se desactiva código ictus por situación funcional previa
	]]></text>
</Section>
<Section span_begin="2529" span_end="2547" id="SECCION_EXPLORACION_FISICA" type="INFORMACIÓN SOBRE LA EXPLORACIÓN FÍSICA">
	<name><![CDATA[EXPLORACIÓN FÍSICA]]></name>
	<text><![CDATA[
:
-	Exploración física en UCIAS:
NRL : desv mirada izq (2) hemiparesia F-B-C derecha (10), HHD (2), Mutista-ordenes-orientación (7) sensitivo no valorable (1).babinski derecho. NIHSS 22
AR : taquipneica y secreciones vias altas
-	Exploración física en Unidad de Ictus:
Revaloro a la paciente : TA 180/88 mmHg FC 88 lpm SatO2 91% (0.28)
AR : crepitantes en hemicampo superior derecho, resto hipofonésis marcada, con ruidos sugestivos de vía aérea superior.
NRL : Consciente, no responde a preguntas sí a órdenes (2), HHD (2), MOEs (1), hemiparesia derecha (2+1+2), hipoestesia derecha (1), afasia grave motora (3). NIHSS 14.
	]]></text>
</Section>
<Section span_begin="3173" span_end="3202" id="SECCION_EXPLORACIONES_COMPLEMENTARIAS" type="INFORMACIÓN SOBRE PRUEBAS COMPLEMENTARIAS">
	<name><![CDATA[EXPLORACIONES COMPLEMENTARIAS]]></name>
	<text><![CDATA[
:
-	ECG: Ritmo de fibrilación auricular a 80 lpm.
-	Rx  tórax:cardiomegalia  importante  a  expensas  de  ventrículo  izquierdo.  Pinzamiento  de   seno costrofrénico izquierdo. No hay cambios importantes respecto radiografia de 10/06.
-	TC craneal basal (16/06/17; 08.04h): CONCLUSIÓN:
No lesiones agudas iintracraneales. Atrofia cortical, leucoaraiosis importante y infartos lacunares crónicosgangliobasales.
	]]></text>
</Section>
<Section span_begin="3615" span_end="3624" id="SECCION_EVOLUCION" type="INFORMACIÓN SOBRE EVOLUCIÓN">
	<name><![CDATA[EVOLUCIÓN]]></name>
	<text><![CDATA[
:
Se trata de una paciente de 92 años, con factores de riesgo vascular que presenta cuadro compatible con  ictus  TACI  de  ACM  izquierda.  Dado  el  grado  de  dependencia  previo  se  deestima  tratamiento recanalizador. Se realiza TAC craneal urgente, que no evidencia lesión establecida.
Se decide ingreso en Unidad de Ictus. Se difiere inicio de medicación anticoagulante por probable lesión extensa.  Como  complicaciones  presenta  importante  trabajo  respiratorio  por  insuficiencia  cardíaca reagudizada y broncoespasmo asociado.
Durante el ingreso en la unidad de ictus, presenta evolución tórpida, con mejoría parcial de la clínica neurológica, pero fallo respiratorio a pesar de optimizar tratamiento broncodilatador  y depletivo. Presenta probable broncoaspiración como complicación añadida. Dada la mala evolución clínca, la edad de la paciente y sin respuesta al tratamiento médico se decide tras consensuar con la familia, limitar el esfuerzo terapéutico y priorizar medidas de confort. La paciente es éxitus el 17/06/2017 a las 00.55 horas.
Dr/a.	Dr/a.	_NAME_
(Nº Colegiado : )	Metge/essa
Adjunt
(Nº Colegiado _ID_
Les seves dades personals s'incorporen en un fitxer d´usuaris a fi del seu tractament sanitari. Pot exercir el seu dret d´oposició, accés i rectificació de les dades inexactes dirigint-se al Servei de Documentació Clínica.
Sus datos personales se incorporan en un fichero de usuarios para su tratamiento sanitario. Puede ejercer su derecho de oposición, acceso y rectificación de los datos inexactos dirigiéndose al Servicio de Documentación Clínica
_SS_ | NIF _ID_ |_LOCATION_ | Telèfon _CONTACT_ | Fax _CONTACT_ | _CONTACT_
Pàgina 1 de 3	]]></text>
</Section>
</ehr>