<?xml version='1.0' encoding='UTF-8'?>
<ehr id="381852525.utf8.txt">
<Section id="DEFAULT_HEADER" type="DEFAULT_HEADER" >
	<name>DEFAULT_HEADER</name>
	<text><![CDATA[
SERVEI DE NEUROLOGIA
INFORME DE ALTA
Unitat d`IctusNº Historia clínica	_ID_
Fecha de nacimiento
_DATE_
C.I.P.	_ID_	Código Centro	_ID_
Teléfono	_CONTACT_	Dirección	_LOCATION_
Fecha ingreso	15/06/17		_LOCATION_
Fecha de alta	18/06/17	Teléfono	_CONTACT_
Nº Asistencia	_ID_		
UH	_ID_		
	]]></text>
</Section>
<Section span_begin="284" span_end="296" id="SECCION_DIAGNOSTICO_PRINCIPAL" type="DIAGNÓSTICO">
	<name><![CDATA[DIAGNÓSTICOS]]></name>
	<text><![CDATA[
:
1. CUADRO DE ALTERACIÓN DEL HABLA DE CAUSA NO ACLARADA: POSIBLE AIT PACI IZQUIERDO vs CUADRO CONFUSIONAL.
2.HTA.
3.Dislipemia. 4.DM tipo 2.
5.ERC estadio 4.
Paciente de 86 años que vive sola, independiente para ABVD con buen soporte familiar por parte de la sobrina. mRS 0
Sin AMC. Hábitos tóxicos: Ex-fumadora hasta 2013. No enol.
	]]></text>
</Section>
<Section span_begin="632" span_end="646" id="SECCION_PROCEDIMIENTOS" type="PROCEDIMIENTO">
	<name><![CDATA[PROCEDIMIENTOS]]></name>
	<text><![CDATA[
:
-	Monitorización electrocardiográfica
-	TC craneal (x2)
-	Dúplex TSA
-	EEG
	]]></text>
</Section>
<Section span_begin="724" span_end="739" id="SECCION_MOTIVO_DE_INGRESO" type="MOTIVO DEL INGRESO">
	<name><![CDATA[MOTIVO CONSULTA]]></name>
	<text><![CDATA[
:
AFASIA
	]]></text>
</Section>
<Section span_begin="749" span_end="761" id="SECCION_ANTECEDENTES" type="ANTECEDENTES">
	<name><![CDATA[ANTECEDENTES]]></name>
	<text><![CDATA[
:
-	Hipertensión arterial
-	Dislipemia
-	DM tipo 2
-	ERC  estadio  4.  Seguimiento  por  unidad  de  diálisis  en SS.  Secundaria  a nefroangioesclerosis + nefropatía diabética. FG en torno 10-15 y Creat 3-5
-	Osteoporosis.
	]]></text>
</Section>
<Section span_begin="986" span_end="1006" id="SECCION_TRATAMIENTO_HABITUAL" type="INFORMACIÓN SOBRE TRATAMIENTO">
	<name><![CDATA[Tratamiento habitual]]></name>
	<text><![CDATA[
: AAS 100 mg 1 comprimido cada 24 horas, Amlodipino 10 mg, 1 comprimido cada
24 horas, Bisoprolol 2.5mg 5 compr/24h
Citalopram 20mg cada 24, Hidralazina 25mg cada 24h
Ramipril 10 mg, 1 comprimido cada 24 horas, Simvastatina 20 mg, 1 comprimido cada 24 horas,
Torasemida 5 mg, 1 comprimido cada 24 horas, Colecalciferol 25000 UI (Deltius), 1 frasco cada 15 días., Insulina Lantus 24 IU con la cena (0-0-22), Linagliptina (Trajenta) 5mg, 1 comprimido cada 24 horas, Paracetamol 1 g cada 12 h si precisa
Sevelamer 800mg cada 24h
	]]></text>
</Section>
<Section span_begin="1533" span_end="1550" id="SECCION_PROCESO_ACTUAL" type="INFORMACIÓN SOBRE LA HISTORIA ACTUAL">
	<name><![CDATA[ENFERMEDAD ACTUAL]]></name>
	<text><![CDATA[
:
Traído a Urgencias como código ictus extrahospitalario el día 15/06/2107 que llega a urgencias a las 13:23 horas, por ser encontrada por la mañana por su sobrina trastorno del habla, última vez  que habían hablado y estaba asintomàtica 14/06 por la tarde. La paciente había presentado una caída con TCE sin PC 5 días antes.
	]]></text>
</Section>
<Section span_begin="1877" span_end="1895" id="SECCION_EXPLORACION_FISICA" type="INFORMACIÓN SOBRE LA EXPLORACIÓN FÍSICA">
	<name><![CDATA[EXPLORACIÓN FÍSICA]]></name>
	<text><![CDATA[
:
- Exploración física en urgencias:
Nombre	_NAME_TA 157/88mmHg, FC 70lpm, Tª 36.6ºC,Saturación O2 97%
NRL: Consciente, preguntas 0 (2), obedece a ordenes sencillas pero se intoxica, no complejas (1), campimetría por amenaza normal, no déficit de MOE`s, PPCC normales, no fluencia, comprensión fluctuante, no evoca, no nomina, no repite aunque fluctua e impresiona de confusión en algunos momentos (2), moviliza 4 extremidades simétricamente y sensibilidad conservada, RCP indiferente bilateral.
AP: auscultación anterior-MVC AC: Rítmica y sin soplos
-	Exploración física en Unidad de Ictus:
NRL: GCS 15, orientada en las tres esferas, sin alteraciones del habla ni del lenguaje, PICNR, AV conservada,  MOEs  sin  alteraciones,  campimetría  normal,  restantes  PPCC  normales.  Sin  asimetrías sensitivo-motoras.
	]]></text>
</Section>
<Section span_begin="2711" span_end="2740" id="SECCION_EXPLORACIONES_COMPLEMENTARIAS" type="INFORMACIÓN SOBRE PRUEBAS COMPLEMENTARIAS">
	<name><![CDATA[EXPLORACIONES COMPLEMENTARIAS]]></name>
	<text><![CDATA[
:
-	Analítica UCIAS: creatininia de 3.54, Hb de 10.3 triglicérdos de 190, restantes parámetros dentro de la normalidad.
-	Sedimento de orina normal.
-	ECG: ritmo sinusal, PR 0.20, no alteraciones en la repolarización
-	Rx tórax: No infiltrado en parénquima pulmonar, senos costofrénicos libres de líquido, no redistribución vascular.
-	TC craneal basal (15/06; 13.30): No se observa sangrado agudo intracraneal ni lesiones sugestivas de isquemia aguda. Infarto lacunar crónico en tálamo izquierdo.
-	Doppler transcraneal: Sin ventana
-	Duplex-TSA: Duplex TSA : insono correctamente eje carotídeo derecho, se observan alguans placa de ateromatosis a nivel de bulbo y nacimento carótida interna y externa, con estenosis <50% y sin aceleración asociada. Insono eje carotídeo izquierdo, bifurcación alta que no permite ver recorrido de ACI, insono nacimiento de esta, presenta placas de ateromatosis parecen > 50%, pero sin aceleración asociada  (  dificultad  técnica  de  realización ).  Bulbo con  alguna placa tambien pero  sin estenosis significativa a este nivel.
-	Analítica de ingreso (16/06/2017): urea 77mG/dl, creatinina 2.54mg/dl, ác úrico 5.2mg/dl, Na 137mmol/l, K 5mmol/l, Cl 99mmol/l, FGe 17ml/min, LDH 440U/l, bil T 0.5mg/dl, GOT/GPT 15/13U/l, GGT 11U/l, FA sérica 81U/l, proteinas T 6.2g/dl, albúmina 3.7g/dl, colesterol T 134mg/dl, LDL 57mg/dl, HDL 53mg/dl, triglicéridos 193mg/dl, HbA1c 6.3%, PCR 0.54mG/dl.
*Hemograma: Hb 10.3g/dl, VCM 88fl, HCM 28.1pg, leucociytos 8.940/mm3 (N 7000/mm3, L 13.5%, M 6.5%), plaquetas 204.000/mm3.
*Coagulación: TP 106%, TP ratio 0.96, TTPa 23seg.
	]]></text>
</Section>
<Section span_begin="4337" span_end="4346" id="SECCION_EVOLUCION" type="INFORMACIÓN SOBRE EVOLUCIÓN">
	<name><![CDATA[EVOLUCIÓN]]></name>
	<text><![CDATA[
:
Se trata de un paciente de 86 años, con factores de riesgo vascular que presenta trastorno afásico y confusional de cronología incierta. No se realiza tratamiento recanalizador dado que se desconoce el tiempo de evolución de los síntomas y la clínica no sugiere inicialmente un origen cerebrovascular.
La paciente ingresa en Unidad de Ictus para monitorización y estudio. Durante su estancia en la Unidad de Ictus la paciente se recupera clinicamente. Se realizan 2 TACs craneales de control que no demuestran lesiones agudas. Se realiza EEG que es normal.
Ante la ausencia de una orientación diagnóstica clara se mantiene tratamiento antiagregante con AAS 100mg y se manbtienen también estatinas a misma dosis por LDL de 56mg/dl.
Se valoran al ingreso el estado de ánimo, las necesidades de rehabilitación y se inician fisioterapia y movilización precoces.
Durante el ingreso evoluciona de forma favorable y no preenta como complicaciones. Dada la estabilidad clínica se decide alta para con dúplex TSA de forma preferente. Se explican signos de alarma y normas
de reconsulta.
Al alta: TOAST INDETERMINADO, OXFORD PACI. NIHSS 0 Rankin 0.
Debe seguir controles en CCEE de Neurología en fecha programada.
ÍNDEX BARTHEL ALTA : 75.
	]]></text>
</Section>
<Section span_begin="5580" span_end="5591" id="SECCION_TRATAMIENTO_HABITUAL" type="INFORMACIÓN SOBRE TRATAMIENTO">
	<name><![CDATA[TRATAMIENTO]]></name>
	<text><![CDATA[
:
MANTENER MISMO TRATAMIENTO HABITUAL SIN CAMBIOS
	]]></text>
</Section>
<Section span_begin="5642" span_end="5654" id="SECCION_RECOMENDACIONES" type="INFORMACIÓN SOBRE TRATAMIENTO">
	<name><![CDATA[INDICACIONES]]></name>
	<text><![CDATA[
:
-	Se recomienda control estricto de enfermedades que aumentan el riesgo de ictus: hipertensión arterial, diabetes, colesterol elevado (dislipemia) y enfermedades del corazón. Realizar el tratamiento de forma adecuada según las recomendaciones de su médico.
-	Abstención de tabaco y alcohol
-	Seguir una dieta adecuada, con poca sal, evitando grasas, especialmente las saturadas (grasas animales, aceites y grasas para cocinar).
-	Evitar la obesidad y el sobrepeso y realizar ejercicio físico moderado de forma regular.
Dr/a.     _NAME_	Dr/a.     _NAME_
Metge/essa Adjunt
(Nº Colegiado _ID_)	Metge/essa _NAME_
(Nº Colegiado _ID_
Les seves dades personals s'incorporen en un fitxer d´usuaris a fi del seu tractament sanitari. Pot exercir el seu dret d´oposició, accés i rectificació de les dades inexactes dirigint-se al Servei de Documentació Clínica.
Sus datos personales se incorporan en un fichero de usuarios para su tratamiento sanitario. Puede ejercer su derecho de oposición, acceso y rectificación de los datos inexactos dirigiéndose al Servicio de Documentación Clínica
_SS_ | NIF _ID_ |_LOCATION_ | Telèfon _CONTACT_ | Fax _CONTACT_ | _CONTACT_
Pàgina 1 de 3	]]></text>
</Section>
</ehr>