<?xml version='1.0' encoding='UTF-8'?>
<ehr id="382102547.utf8.txt">
<Section id="DEFAULT_HEADER" type="DEFAULT_HEADER" >
	<name>DEFAULT_HEADER</name>
	<text><![CDATA[
_LOCATION_
email: _CONTACT_ Telèfon _CONTACT_
Nº Història Clínica: _ID_
Cognoms, Nom: _NAME_
NºEpisodi: _ID_
CIP: _ID_
Sexe: Dona
Data de Naixement: _DATE_   Edat: 80 Anys
NIF/DNI: _ID__NAME_; _NAME_
Informe de Trasllat a Sociosanitari
15:00:33
19.06.2017
_LOCATION_
_SS_ ONCOLOGIA MEDICA
CP
ABS
Servei Data d'alta
_LOCATION_
_CONTACT_; _CONTACT_; _CONTACT_
DOMICIL/RES.SOC 11.06.2017
Adreça
Telèfon Procedència Data d'ingrés Atès per
	]]></text>
</Section>
<Section span_begin="438" span_end="452" id="SECCION_MOTIVO_DE_INGRESO" type="MOTIVO DEL INGRESO">
	<name><![CDATA[MOTIU D'INGRÉS]]></name>
	<text><![CDATA[
Mujer de 80 años que es traída por afasia y hemiparesia derecha.
	]]></text>
</Section>
<Section span_begin="519" span_end="530" id="SECCION_ANTECEDENTES" type="ANTECEDENTES">
	<name><![CDATA[ANTECEDENTS]]></name>
	<text><![CDATA[
ANTECEDENTES PATOLÓGICOS
-Obesidad mórbida
-Hipertensión arterial
-Diabetes mellitus tipo 2 en tratamiento con hipoglucemiantes orales.
-Artrosis generalizadas (anda con muleta y andador)
-Tromboflebitis en la pierna derecha > 1 año.
-Colecistectomizada.
-Nefrectomía izquierda con hernia incisional de colon izquierdo.
HISTORIA ONCOLÓGICA
Diagnosticada de una carcinoma endometrioide de endometrio estadio IAGH1. Intervenido el día 12.5.2014. Segundo  primario: Diagnosticada  el  15.6.2015  de  carcinomatosis  peritoneal por  laparoscopia  con  anatomía patológica compatible con un adenocarcinoma escasamente diferenciado compatible con un carcinoma primario peritoneal. Realiza tratamiento 6 ciclos con carboplatino-paclitaxel del 9.7.2015 al 13.9.2015. Obteniendo una respuesta completa serológica (CA 125 bsal 81.8 a 8.6) y una respuesta completa radiológica.
Actualmente recidiva platino sensible tras ILP 12 meses (TC: progresión radiológica de los nódulos peritoneales y aparición de líquido libre intraperitoneal en localización pélvica respecto estudio previo del 10/06/2016. Ha realizado 5 dosisde CBP y PLD fin de tratamiento el 30.1.2017 (regular tolerancia hematológica, con dosis reducidas).
TC TAP 8/5/2017: Múltiples lesiones focales hepáticas sugestivas de M1. Progresión de los signos de carcinomatosis peritoneal (crecimiento de múltiples nódulos sólidos peritoneales, progresión de lesión subcapsular hepática y del líquido intraperitoneal de distribución atípica con distorsión en la distribución de las asas de intestino delgado levemente dilatadas y de paredes hipercaptantes).
Ingresa en mayo por oclusión intestinal secundaria a progresión de la enfermedad e inicia C1D8 de paclitaxel  el 30/05/17, con resolución del cuadro.
Controles en CCEE de Oncología Médica (Equipo Dra. _NAME_).
	]]></text>
</Section>
<Section span_begin="2348" span_end="2366" id="SECCION_TRATAMIENTO_HABITUAL" type="INFORMACIÓN SOBRE TRATAMIENTO">
	<name><![CDATA[MEDICACIÓ HABITUAL]]></name>
	<text><![CDATA[
Fortecortin 2 mg/día. Metformina 850 mg/día. Sevikar 40/5 mg/día. Fentanilo 25 mcg/h. Hidrosaluretil 50 mg/día. Simvastatina 20 mg/día. Tranxilium 5 mg. Sertralina 100 mg/día.
	]]></text>
</Section>
<Section span_begin="2544" span_end="2557" id="SECCION_PROCESO_ACTUAL" type="INFORMACIÓN SOBRE LA HISTORIA ACTUAL">
	<name><![CDATA[PROCÉS ACTUAL]]></name>
	<text><![CDATA[
Familiar de paciente refiere su madre inicia con cuadro de mareo en la ducha con caída posterior, no respuesta a sus preguntas y hemiparesia derecha. Niega otra sintomatología.
Informe de Trasllat a Sociosanitari
	]]></text>
</Section>
<Section span_begin="2775" span_end="2792" id="SECCION_EXPLORACION_FISICA" type="INFORMACIÓN SOBRE LA EXPLORACIÓN FÍSICA">
	<name><![CDATA[EXPLORACIÓ FÍSICA]]></name>
	<text><![CDATA[
TA 127/62 mmHg, FC 99 lpm, Tª 35.5º, satO2 98% aa.  Estado general conservado. Palidez cutánea, normohidratada.
Exploración cardiovascular: tonos cardíacos rítmicos, sin soplos, no ingurgitación yugular ni RHY. Extremidades sin edemas, pulsos palpables.
Exploración respiratoria: Eupneica. Murmullo vesicular presente, crepitantes secos en ambas bases pulmonares, sin otros ruidos patológicos.
Exploración abdominal: blando, peristaltismo presente, no doloroso a la palpación profunda, sin signos de irritación peritoneal, no palpo masas ni visceromegalias.
Exploración neurológica:tendencia a la somnolencia, afasia global, hemiparesia de hemicuerpo derecho.
	]]></text>
</Section>
<Section span_begin="3454" span_end="3479" id="SECCION_EXPLORACIONES_COMPLEMENTARIAS" type="INFORMACIÓN SOBRE PRUEBAS COMPLEMENTARIAS">
	<name><![CDATA[EXPLORACIÓ COMPLEMENTÀRIA]]></name>
	<text><![CDATA[
Analítica: Hemoglobina 9.6g/dL, Hematocrito 31.7%, VCM 91fL, HCM 27pg, Leucocitos 2.93x10E9/L (N 77%,L 18%), Plaquetas 219x10E9/L, TQuick 92%, INR 1.05, TTPA 23.6seg, Fibrinógeno 5.36g/L, Glucosa 163 mg/dL, Urea 47mg/dL, Creatinina 0.97mg/dL, FG 55ml/min, Sodio 132mmol/L, Potasio 3.9mmol/L, AST 23 UI/L, ALT 27UI/L, proteína 2.6g/dL.
Rx de tórax: índice cardiotóracico aumentado, no condensaciones, senos costofrénicos libres.
TC craneal: No se observan signos de sangrado agudo intra o extra axial. Sistema ventricular simétricamente aumentado de tamaño proporcional al grosor y profundidad de los surcos de la convexidad en relación a atrofia cortical. Cisternas de la base y peritronculares libres. Imagen hipodensa de aspecto quístico a nivel frontobasal derecho, de aproximadamente 5.1 x x 4.8 x 3.4 cm (AP x LL x CC) con ampliio contacto con espacio subaracnoideo, sin edema perilesional y con discreto efecto compresivo sobre el asta frontal homolateral y mínima desviación de la línea media frontal de 4 mm hacia la izquierda, sin realce con el contraste, sugestiva de quiste aracnoideo. Se observa imagen hiperdensa en TC craneal sin contraste a nivel de fosa temporal anterior izquierda, de aproximadamente 2.3 x 1.6 x 2.5 cm ( AP x LL x CC), de localización extraparenquimatosa, con amplio contacto dural y realce homogéneo tras la administración de contraste endovenoso (fase venosa), sugestiva de meningioma. El mismo se encuentra en estrecha relación en su porción superior con el segmento M1 de la ACM que se encuentra desplazado cranealmente. No se observan alteraciones morfológicas o densitométricas de aspecto agudo/subagudo en el resto del parénquima cerebral (ASPECTS 10/10). El Angio-TC muestra imagen de oclusión de una rama M2 de la ACM izquierda a nivel de su bifurcación en cisura de silvio. Estenosis significativa de un 80% de ACI izquierda, de aproximadamente 1 cm de longitud desde su origen en bifurcación carotídea, donde se observa una placa ateromatosa calcificada de unos 6 mm de grosor. El resto de estructuras vasculares del poligono de Willis, sistema vertebrobasilar y troncos supraaórticos son permeables. Arteria cerebral posterior izquierda de predominio fetal, con segmento p1 hipoplásico. Arteria vertebral izquierda dominante. El estudio TC perfusión muestra una prolongación de los tiempos TTP, MTT y TTD en el territorio superficial de la división superior de la ACM izquierda, con disminución del flujo y conservación del volumen en esta localización que es compatible con una amplia zona de penumbra, sin observar área isquémica establecida. CONCLUSIÓN:  TC craneal sin contraste sin signos de isquemia aguda o subaguda. (ASPECT 10/10). El estudio angiográfico muestra oclusión de una rama M2 a nivel de la bifurcación de ACM izquierda, observando en el estudio de perfusión área de mismatch en el territoriosuperficial superior de la ACM izquierda, sin signos de isquemia establecida. Estenosis significativa de un 80% de ACI izquierda de 1 cm de longitud, en su origen a nivel de bifurcación carotídea, condicionada por placa ateromatosa calcificada a este nivel. Imagen sugestiva de meningioma a nivel de fosa
Informe de Trasllat a Sociosanitari
temporal anterior izquierda, de las dimensiones y características descritas, en contacto en su margen superior con el segmento M1 de la ACM izquierda. Imagen quística frontobasal derecha, de las dimensiones y características descritas,compatible con quiste aracnoideo.
	]]></text>
</Section>
<Section span_begin="6956" span_end="6972" id="SECCION_EVOLUCION" type="INFORMACIÓN SOBRE EVOLUCIÓN">
	<name><![CDATA[EVOLUCIÓ CLÍNICA]]></name>
	<text><![CDATA[
Paciente 80 años con diagnostico de carcinoma endometrioide de endometrio estadio IAGH1 intervenido el día 12.5.2014). Segundo primario diagnosticada el 15.6.2015 adenocarcinoma escasamente diferenciado compatible con un carcinoma primario peritoneal. Realiza tratamiento 6 ciclos con carboplatino-paclitaxel del 9.7.2015 al 13.9.2015. Obteniendo una respuesta completa serológica (CA 125 bsal 81.8 a 8.6) y una respuesta completa radiológica. Actualmente recidiva platino sensible ILP 12 meses (TC: progresión radiológica de los nódulos peritoneales y aparición de líquido libre intraperitoneal en localización pélvica respecto estudio previo del 10/06/2016. Ha realizado 5 dosisde CBP y PLD fin de tratamiento el 30.1.2017 (regular tolerancia hematológica, con dosis reducidas). TC TAP 8/5/2017: Múltiples lesiones focales hepáticas sugestivas de M1. Ha realizado C1D8 de paclitaxel el 30/05/17.
A su llegada a Urgencias, paciente hemodinámicamente estable, afebril y se constata una exploración neurológica compatible con TACI izquierdo y se realiza TC craneal que constata una oclusión de la rama M2 de la ACM izquierda. Valorada conjuntamente con Neurología de guardia se desestima fibrinolisis por la enfermedad oncológica y se desestima asismimo intervencionismo vascular dada la comorbilidad, el estado basal y la expectativa vital.
Ingresa para control evolutivo.
VALORACION NRL DE GUARDIA (_NAME_/_NAME_)
Comentan de oncologia mujer de 80 anos, HTA, DM, DLP, con antecedentes de carcinoma de endometrio diagnosticado en mayo 2014, intervenido quirurgicamente. En junio 2015 es diagnosticada de carcinomatosis peritoneal (AP adenocarcinoma escasamente diferenciado compatible con un carcinoma primario), tratado con QT. Actualmente progresion a nivel peritoneal y hepatica, iniciado recientemente tto QT de tercera linea (ver nota de oncologia para mas detalles).
La traen a urgencias por cuadro iniciado sobre las 16 45h del dia 10/06 mientras estaba en la ducha de debilidad extremidades derechas y dificultad para articular el lenguaje. Llega a urgencias sobre las 17 20h y oncologia nos avisa a las 17 50h. Lo consideramos un codigo ictus intrahospitalario. A nuestra valoracion la paciente se encontraba somnolienta, afasia global, HH D x amenaza, preferecnia oculocefalica a la izquierda, PFSN derecho, hemiplejia braquial derecha (0/5) y paresia crural derecha (1/5), sensibilidad no valorable por afasia. NIHSS 19. TC craneal se observa una voluminosa imagen quistica frontal derecha con amplio contacto con espacio subaracnoideo, sin edema perilesional y con discreto efecto compresivo sobre el asta frontal homolateral y mínima desviación de la línea media frontal de 4 mm hacia la izquierda, sin realce con el contraste, sugestiva de quiste aracnoideo. Se observa otra imagen hiperdensa en TC craneal en fosa temporal izquierda de localización extraparenquimatosa, con amplio contacto dural y realce homogéneo tras la administración de contraste endovenoso (fase venosa), sugestiva de meningioma. No hay lesiones isquemicas ni hemorragicas. El angioTC muestra oclusión de una rama M2 de la ACM izquierda y estenosis del 80% de carotida interna izquierda, de aproximadamente 1 cm de longitud desde su origen en bifurcación carotídea, donde se observa una placa ateromatosa calcificada de unos 6 mm de grosor. El resto de estructuras vasculares son normales. En el TC perfusion hay un importante missmatch en territorio superficial ACM izquierda.
Informe de Trasllat a Sociosanitari
OD> TACI ACM izquierda, estenosis arteria carotidea izquierda y oclusion ACM izquierda M2.
Oncologia nos comenta una esperanza de vida aproximada en torno a los 12 meses. Debido al antec de neoplasia activa se desestima tto trombolitico iv. Se comenta el caso con equipo de neurointervencionismo. De acuerdo a patologias de base, estado basal y expectativa de vida, no se considera tributaria de tto de reperfusion intraarterial. Se recomienda iniciar tto con AAS 100mg/d como prevencion secundaria si hay tolerancia oral y sueroterapia los primeros dias. Realizaremos seguimiento por IC.
EVOLUCIÓN EN PLANTA
En planta de hospitalización la paciente presenta tolerancia a dieta de disfagia y se puede administrar tratamiento oral.
Valorada por equipo de Paliativos y ante imposibilidad de cuidados domiciliarios por parte de la familia se decide ingreso en centro sociosanitario.
	]]></text>
</Section>
<Section span_begin="11359" span_end="11370" id="SECCION_DIAGNOSTICO_PRINCIPAL" type="DIAGNÓSTICO">
	<name><![CDATA[DIAGNÒSTICS]]></name>
	<text><![CDATA[
Carcinoma primario peritoneal
TACI izquierdo. Oclusión M2 izquierda.
	]]></text>
</Section>
<Section span_begin="11441" span_end="11453" id="SECCION_PROCEDIMIENTOS" type="PROCEDIMIENTO">
	<name><![CDATA[PROCEDIMENTS]]></name>
	<text><![CDATA[
89.08 Altra consulta
	]]></text>
</Section>
<Section span_begin="11476" span_end="11511" id="SECCION_TRATAMIENTO_AL_ALTA" type="INFORMACIÓN SOBRE TRATAMIENTO">
	<name><![CDATA[TRACTAMENT I RECOMANACIONS A L'ALTA]]></name>
	<text><![CDATA[
-Dieta con espesante segun tolerancia
-Control constantes y diuresis.
-Omeprazol 20mg Vo dia
- Movicol 1 sobre cada 8 horas ( para 1 deposicion diaria, suspender si diarrea)
-Clexane 40mg SC cada 2 4 horas
-AAS 100mg Vo dia
-Amlodipino 5mg Vo dia
-Losartan 50mg Vo dia
-Paracetamol 1gr VO cada 8 horas
-Fentanilo 25mcg X parches cada 72 horas
-Morfina 3mg EV si dolor.
-Quetiapina 12.5mg en la noche
-Sertralina 100mg Vo dia
DESTINACIÓ A L'ALTA:	SOCI SANITARI
Validat per: _NAME_	Col·legiat: _ID_
19.06.2017
Pàgina 1 de 4	]]></text>
</Section>
</ehr>