<?xml version='1.0' encoding='UTF-8'?>
<ehr id="384564118.utf8.txt">
<Section id="DEFAULT_HEADER" type="DEFAULT_HEADER" >
	<name>DEFAULT_HEADER</name>
	<text><![CDATA[
I.CLINIC DE NEUROCIÈNCIES NEUROLOGIA
_NAME_	NHC: _ID_
Sexo/Sexe: Masc.	Fecha nac./Data naix.: _DATE_	Edad/Edat: 78 años Dirección/Adreça: _LOCATION_		CP: _LOCATION_
Municip. (Prov.): _LOCATION_  ABS:_SS_	Tel.:_CONTACT_ As.: _SS_ SEGUR CAIXA
Nº epis.: _ID_	Tipo/Tipus: HOSPIT.	Inici.: 04.06.2017
Serv: NEUROLOGIA	UO Enf.: G6B4 SALA G NEUROL. CURT. E Hora: 19:51:24
Facult. de ref.: _NAME_
	]]></text>
</Section>
<Section span_begin="394" span_end="419" id="SECCION_TIPO_DE_INGRESO" type="TIPO DE INGRESO">
	<name><![CDATA[Tipo ingreso/Tipus ingrés]]></name>
	<text><![CDATA[
: Urgent	Motivo/Motiu alta: Dom. Familiar
Diag.:
ICTUS ISQUÉMICO AGUDO LACUNAR LENTICULOESTRIADO DE ()
Proc.:
TC CRANEAL MULTIMODAL () ANALÍTICA SANGUÍNEA () ELECTROCARDIOGRAMA () ANGIO-RM ()
INFORME CLÍNICO ALTA / INFORME CLÍNIC ALTA
	]]></text>
</Section>
<Section span_begin="659" span_end="697" id="SECCION_MOTIVO_DE_INGRESO" type="MOTIVO DEL INGRESO">
	<name><![CDATA[Motivo de consulta / Motiu de consulta]]></name>
	<text><![CDATA[
Alteración del lenguaje y debilidad de hemicuerpo izquierdo súbitas
	]]></text>
</Section>
<Section span_begin="767" span_end="829" id="SECCION_ANTECEDENTES" type="ANTECEDENTES">
	<name><![CDATA[Antecedentes e historia previa / Antecedents i història prèvia]]></name>
	<text><![CDATA[
Hombre de 78 años, sin alergias medicamentosas conocidas. Fumador de 12- 15 cigarrillos/día, enol social ocasional, sin otros hábitos tóxicos.
Independiente para ABVD, sale solo a la calle normalmente con bastón, pero por seguridad porque es capaz de deambular sin él (mRankin 1).
ANTECEDENTES PATOLÓGICOS
1.	Hipertensión arterial en tratamiento farmacológico
2.	Diabetes mellitus tipos 2 en tratamiento con hipoglucemiante oral.
3.	Dislipemia
4.	EPOC moderado en tratamiento broncodilatador (no disponemos de informes ni espirometrías).
5.	Tumor vesical tipo papiloma resecado quirúrgicamente en Feb/2016. En seguimiento por Urología, según refieren libre de enfermedad.
6.	Hiperplasia benigna de próstata intervenida.
	]]></text>
</Section>
<Section span_begin="1560" span_end="1579" id="SECCION_TRATAMIENTO_HABITUAL" type="INFORMACIÓN SOBRE TRATAMIENTO">
	<name><![CDATA[MEDICACIÓN HABITUAL]]></name>
	<text><![CDATA[
 (act 04/06/17)
-	Doxazosina 4 mg/12h
-	Olmesartán/Hidroclorotiazida, se desconocen dosis
-	Enalapril 20 mg/24h
-	Spiriva (Tiotropio) 1 inh/12h
-	Formoterol 1 inh/12h
-	Metformina 425 mg/24h
	]]></text>
</Section>
<Section span_begin="1772" span_end="1802" id="SECCION_PROCESO_ACTUAL" type="INFORMACIÓN SOBRE LA HISTORIA ACTUAL">
	<name><![CDATA[Proceso actual / Procés actual]]></name>
	<text><![CDATA[
Paciente que acude remitido desde _SS_ como código ictus por cuadro iniciado el 04/06/17 sobre las 15:30h de forma súbita mientras comía, consistente en alteración del lenguaje y debilidad de extremidad superior izquierda con desviación del cuerpo hacia ese lado. A su
llegada al _SS_, paciente normotenso y bradilálico, sin otros déficits neurológicos. Estando allí ha presentado progresión clínica en forma de hemiparesia de extremidad superior izquierda y disartria, por lo que remiten a nuestro centro para valoración.
	]]></text>
</Section>
<Section span_begin="2327" span_end="2365" id="SECCION_EXPLORACION_FISICA" type="INFORMACIÓN SOBRE LA EXPLORACIÓN FÍSICA">
	<name><![CDATA[Exploración física / Exploració física]]></name>
	<text><![CDATA[
04/06/2017-20:00:00: Frecuencia respiratoria (rpm) 18, PAS (mm Hg) 141, PAD (mm Hg) 59, Pulsioximetría (%) 99. 04/06/2017-22:00:00 : Tª axilar ( ºC) 36.6. 05/06/2017-01:00:00 : Glicemia capilar (mg/dl) 204.
Paciente en estado general conservado, hemodinámicamente estable, normotenso y afebril. NH y NC.
CCV: tonos rítmicos sin soplos audibles. Pulsos distales presentes. Ausencia de edemas o signos de TVP en EEII
AR: MVC sin agregados
AD: blando y depresible, no doloroso. RHA+
NRL: consciente y orientado globalmente. Muy ligera somnolencia y bradipsiquia, con aumento leve en latencia de respuesta (refiere  hipoacusia conocida). Lenguaje levemente hipofluente sin rasgos afásicos (nomina 8/8, repite y comprende órdenes cruzadas y hasta 3 ítems correctamente). Disartria leve. PICNR, mirada centrada sin limitaciones a la excursión visual, campimetría por confrontación sin déficits. Pares craneales sin alteraciones. Paresia distal 5-/5 en ESI, resto del balance motor sin alteraciones. Hipoestesia táctil izquierda leve, sensibilidad algésica conservada. Dismetría leve en ESI. No extinciones ni negligencias. RCP flexor bilateral. NIHSS 3.
Laboratorio / Laboratori
*	ANALÍTICA SANGUÍNEA:  glicemia  124 mg/dL. Función renal, ionograma,  hemograma  y hemostasia  sin alteraciones.
Radiología / Radiologia
* TC CRANEAL (código ictus, 04/06/17): No se observa hemorragia intra ni extraaxial. Diferenciación cortico-subcortical conservada. ASPECTS 10. Áreas hipodensas en sustancia blanca periventricular y centros semiovales por microangiopatía crónica. Imágen hipondesa lacunar a nivel capsuloganglionar derecho que probablemente corresponda a un infarto crónico vs espacio perivascular dilatado. Estructuras de la línea media centradas. Sistema ventricular de tamaño y morfología normales. Cisternas basales libres.
-	TC PERFUSIÓN: No se observan alteraciones significativas en el TTP, CBV y CBF.
-	ANGIO-TC EXTRA E INTRACRANEAL: Arco aórtico y segmentos proximales de troncos supraórticos con algunas placas ateromatosas calcificadas sin estenosis. Arterias carótidas internas con alguna pequeña placa ateromatosa calcificada en su origen sin estenosis. Segmento supraclinoideos de ambas arterias carótidas internas con placas ateromatosas calcificadas con estenosis <25%. Origen de las arterias vertebrales sin
-	
ateromatosis ni estenosis. Imágen de adición de aprox. 7 mm a nivel de la bifurcación del segmento M1 de la ACMi, sugestiva de aneurisma. Se recomienda completar estudio mediante arteriografía. Principales arterias cerebrales intracraneales permeables (ACAs, ACMs y ACPs). Sistema vertebrobasilar permeable.
* ANGIO-RM CRANEAL: Microangiopatía. Lesión isquémica aguda lenticuloestriada derecha. Se constata aneurisma descrito en Angio-TC.
	]]></text>
</Section>
<Section span_begin="5133" span_end="5193" id="SECCION_EXPLORACIONES_COMPLEMENTARIAS" type="INFORMACIÓN SOBRE PRUEBAS COMPLEMENTARIAS">
	<name><![CDATA[Exploraciones complementarias / Exploracions complementàries]]></name>
	<text><![CDATA[
*	ECG: ritmo sinusal a 75 lpm. PR 200 mseg. QRS 160 mseg con morfología de BRDHH (no disponemos de ECG previos). Se observan algunas extrasístoles ventriculares.
	]]></text>
</Section>
<Section span_begin="5357" span_end="5377" id="SECCION_EVOLUCION" type="INFORMACIÓN SOBRE EVOLUCIÓN">
	<name><![CDATA[Evolución / Evolució]]></name>
	<text><![CDATA[
1.- ICTUS ISQUÉMICO AGUDO LACUNAR LENTICULOESTRIADO DERECHO
Paciente con factores de riesgo cardiovascular que acude remitido desde _SS_ por cuadro de disartria y paresia de ESI de 3:30h de evolución. A su llegada a nuestro centro se encuentra normotenso y afebril, eupneico, con tonos cardíacos rítmicos. A la exploración neurológica presenta leve bradipsiquia, disartria leve, paresia distal 5-/5 de ESI con dismetría e hipoestesia táctil izquierda (NIHSS 3). ECG en ritmo sinusal con BRDHH. Analítica sanguínea sin alteraciones. El TC craneal multimodal muestra signos de microangiopaía crónica, sin signos de isquemia incipiente ni hemorragia en secuencias basales. Mapas de perfusión sin alteraciones relevantes. Angio-TC muestra imagen sugestiva de aneurisma de aprox. 7 mm a nivel de la bifurcación del segmento M1 de la ACMI, pero sin estenosis proximales u otras alteraciones en grandes vasos intra ni extracraneales. Se completa estudio con angio-RM que objetiva ictus isquémico agudo lacunar lenticuloestriado derecho y la imagen sugestiva de aneurisma descrita previamente.
Se trata de un ictus isquémico agudo lacunar lenticuloestriado derecho. Se inicia tratamiento antiagregante con AAS 100 mg/24h previa carga de 300 mg, antihipertensivo e hipolipemiante.
Durante su ingreso el paciente presenta mejoría, quedando asintomático, dándose de alta a domicilio. El paciente es de _SS_ por lo que se recomienda estudio de su aneurisma a través de su mútua.
Al alta:
-	NIHSS: 0
-	TOAST: lacunar
-	mRS: 1
Plan terapéutico / Pla terapèutic
Añadimos al plan terapéutico: - Omeprazol 20mg cada 24h - AAS 100mg cada 24h
Resto de medicación sin cambios. - Doxazosina 4 mg/12h - Olmesartán/Hidroclorotiazida, dosis habituales (se desconocen) - Latanoprost 10mcg cada 24h - Enalapril 20 mg/24h - Spiriva (Tiotropio) 1 inh/12h - Formoterol 1 inh/12h - Metformina 425 mg/24h
	]]></text>
</Section>
<Section span_begin="7255" span_end="7276" id="SECCION_RECOMENDACIONES" type="INFORMACIÓN SOBRE TRATAMIENTO">
	<name><![CDATA[Otras recomendaciones]]></name>
	<text><![CDATA[
 / Altres recomanacions
- Se recomienda estudio de su aneurisma a través  de su mútua.  - Control de los factores de riesgo cardiovascular por su médico de cabecera. Se recomienda ecocardiograma ambulatorio.
Firma/Signatura1: _NAME_	Firma/Signatura2: _NAME_ Categoría: Resident 2	Categoría: Consultor/a 1
Nº Matrícula _SS_: _ID_	Nº Matrícula _SS_: _ID_
Fecha/Data Informe: 06.06.2017
Hora Informe: 17:13:47
Docum.: _ID_
Hist. Clínica: _ID_
El _SS_ ha incorporado sus datos al Fichero de Pacientes, para tratarlos con fines sanitarios.
Puede ejercer sus derechos de acceso, rectificación, cancelación y oposición, así como obtener mas información en la Unidad de Atención al Cliente.
Vers. 00
Pag. 2 de
3
	]]></text>
</Section>
<Section span_begin="7985" span_end="7991" id="SECCION_PROCESO_ACTUAL" type="INFORMACIÓN SOBRE LA HISTORIA ACTUAL">
	<name><![CDATA[Episod]]></name>
	<text><![CDATA[
.: _ID_
_SS_ ha incorporat les seves dades al Fitxer de Pacients, per a tractar-los amb finalitats sanitàries. Pot exercir els seus drets d'accés, rectificació, cancel·lació i oposició, i obtenir més informació a la Unitat d'Atenció al Client.
_SS_
_LOCATION_) _LOCATION_) Tel. _CONTACT_ Fax _CONTACT_
http://_CONTACT_/	]]></text>
</Section>
</ehr>