<?xml version='1.0' encoding='UTF-8'?>
<ehr id="384745883.utf8.txt">
<Section id="DEFAULT_HEADER" type="DEFAULT_HEADER" >
	<name>DEFAULT_HEADER</name>
	<text><![CDATA[
_LOCATION_ Tel. _CONTACT_
e-mail: _CONTACT_
Nº Història Clínica: _ID_
Cognoms, Nom: _NAME_
NºEpisodi: _ID_
CIP: _ID_
Sexe: Home
Data de Naixement: _DATE_   Edat: 83 Anys
NIF/DNI: _ID__NAME_; _NAME_; _NAME_
Informe d'alta d'hospitalització
CP	_LOCATION_
ABS	_SS_
Servei	NEUROLOGIA
Data d'alta  27.06.2017	18:54:02
_LOCATION_
_CONTACT_; _CONTACT_
DOMICIL/RES.SOC 21.06.2017
Adreça
Telèfon Procedència Data d'ingrés Atès per
	]]></text>
</Section>
<Section span_begin="425" span_end="439" id="SECCION_MOTIVO_DE_INGRESO" type="MOTIVO DEL INGRESO">
	<name><![CDATA[MOTIU D'INGRÉS]]></name>
	<text><![CDATA[
Debilidad hemicuerpo izquierdo
	]]></text>
</Section>
<Section span_begin="472" span_end="483" id="SECCION_ANTECEDENTES" type="ANTECEDENTES">
	<name><![CDATA[ANTECEDENTS]]></name>
	<text><![CDATA[
	]]></text>
</Section>
<Section span_begin="484" span_end="507" id="SECCION_ANTECEDENTES_PERSONALES" type="ANTECEDENTES">
	<name><![CDATA[ANTECEDENTES PERSONALES]]></name>
	<text><![CDATA[
:
Paciente de 83 años, alérgico al Clopidogrel. ex-fumador desde hace 20 años de paquete diario. No refiere enol. Cuidador principal de su mujer que presenta discapacidad, mRS 0.
	]]></text>
</Section>
<Section span_begin="687" span_end="711" id="SECCION_ANTECEDENTES" type="ANTECEDENTES">
	<name><![CDATA[ANTECEDENTES PATOLÓGICOS]]></name>
	<text><![CDATA[
:
-	Hipertensión arterial en tratamiento médico
-	Dislipémia en tratamiento médico
-	Cardiopatia  isquèmica,  estable, portador de stent. Último ecocardiograma (agosto 2016): FE 48%, acinesia anteroseptoapical, AI no dilatada. Vàlvulas normofuncionantes.
AM anterior 2006.  tratado con TNK, ACTP de rescate: stent FA sobre DAm, stent convencional sobre CX y stent FA sobre CD. Asitnomático desde entonces. Controles con Dra. _NAME_.
	]]></text>
</Section>
<Section span_begin="1146" span_end="1164" id="SECCION_TRATAMIENTO_HABITUAL" type="INFORMACIÓN SOBRE TRATAMIENTO">
	<name><![CDATA[MEDICACIÓ HABITUAL]]></name>
	<text><![CDATA[
AAs 100mg cada 24 horas,  Atenolol 50 mg cada 24 horas, Simvastatina 20 mg cada 24 horas, Enalapril 5 mg cada 24 horas
	]]></text>
</Section>
<Section span_begin="1285" span_end="1298" id="SECCION_PROCESO_ACTUAL" type="INFORMACIÓN SOBRE LA HISTORIA ACTUAL">
	<name><![CDATA[PROCÉS ACTUAL]]></name>
	<text><![CDATA[
Paciente que presenta malestar inespecífico desde la mañana (hacia las 9:00), con dudosa alteración de la movilidad de la mano. Hacia el  mediodia presenta caida al suelo, por lo que la mujer avisa a la vecina y finalmente a los hijos, encontrando al paciente con debilidad en hemicuerpo izquierdo, por lo que deciden avisar al SEM que activa codigo ictus a las 20:30, llegando a nuestro centro a las 20: 55.
La mujer refiere disartria y caídas los dias previos.
	]]></text>
</Section>
<Section span_begin="1763" span_end="1780" id="SECCION_EXPLORACION_FISICA" type="INFORMACIÓN SOBRE LA EXPLORACIÓN FÍSICA">
	<name><![CDATA[EXPLORACIÓ FÍSICA]]></name>
	<text><![CDATA[
FC	bpm Tªaxi 36.0 ºC
FR	rpm Tªrec  ºC
TA s	170 mmHg SAT O2  %
TA d   61 mmHg Pes Kg
	]]></text>
</Section>
<Section span_begin="1867" span_end="1899" id="SECCION_EXPLORACION_FISICA_EN_URGENCIAS" type="INFORMACIÓN SOBRE LA EXPLORACIÓN FÍSICA">
	<name><![CDATA[Exploración físisca en Urgencias]]></name>
	<text><![CDATA[
:
Glicèmia capil·lar:94 mg/dl
Consciente  y orientado Desviación  oculocefálica a la  derecha, hemianopsia homonima izquierda,  hemiplegia izquierda, hemianestesia izquierda, anosognosia.
NIHSS: (0.0.0)2.2/2.(0.4)(0.4)/0.2.0.1 .2  = 19
Hemodinàmicamente estable. AC: Tonos cardiacos rítmicos, no ausculto soplos ni roce. AR: murmullo vesicular conservado sin ruidos sobreañadidos. Eupneico en reposo. Abdomen anodino. EEII: sin edemas ni signos de TVP.
Informe d'alta d'hospitalització
	]]></text>
</Section>
<Section span_begin="2392" span_end="2428" id="SECCION_EXPLORACION_FISICA_AL_ALTA" type="INFORMACIÓN SOBRE LA EXPLORACIÓN FÍSICA">
	<name><![CDATA[Exploración física al alta de la UIA]]></name>
	<text><![CDATA[
:
Consciente y orientado en los 3 ejes. Lenguaje fluente sin elementos afásicos, sin disartra clara. Campimétria por confriontación sin alteraciones, oculomotricidad conservada. No observo paresia facial, no déficits motores ni sensitivos. No dismetrias. RCP flexor bilateral.
NIHSS: (0.0.0)0.0/0(0.0)(0.0)/0.0.0.0. 0 = 0
	]]></text>
</Section>
<Section span_begin="2752" span_end="2777" id="SECCION_EXPLORACIONES_COMPLEMENTARIAS" type="INFORMACIÓN SOBRE PRUEBAS COMPLEMENTARIAS">
	<name><![CDATA[EXPLORACIÓ COMPLEMENTÀRIA]]></name>
	<text><![CDATA[
	]]></text>
</Section>
<Section span_begin="2778" span_end="2820" id="SECCION_EXPLORACIONES_COMPLEMENTARIAS_EN_URGENCIAS" type="INFORMACIÓN SOBRE PRUEBAS COMPLEMENTARIAS">
	<name><![CDATA[EXPLORACIONES COMPLEMENTARIAS EN URGENCIAS]]></name>
	<text><![CDATA[
:
Analítica de urgencias: Hematologia (21/06/17): Leucòcits 11900 /µL, (N 77,1 % / L 11,6 / M 10,2 / E 0,6 / B 0,5), Hties 4,54 mill/µL, Hb 13,9 g/dL, Hct 42,7 %, VCM 94 fL, Plaquetes 144000 /µL, TP 84 %, INR 1,14 sg, TP
ratio 1,14, TTPA 27,8 sg, TTPA ratio 0,9, Fibrinogen 906 mg/dL.
Bioquimica (21/06/17): Glucosa 111 mg/dL, Urea 83,1, Creatinini 2, Na 140,3 mmol/L, K 4,3, Prot-C reactiva 82,2 mg/L.
RX Tórax: cardiomegalia, sin otras alteraciones.
ECG: ritmo sinusal, sin signos de isquemia miocardica
RMN multiparamétrica protocol FURIAS (21.06.2017 21:00): Oclusión de la mitad distal de la porción M1 de ACM derecha, próxima a la bifurcación aunque con repermeabilización de de una rama silviana posterior de esta arteria. El resto de ramas silvianas posteriores y las anteriores no se visualizan. La ACI izquierda no es visible probablemente se halla o pérdida proximalmente. ACA y ACM izquierdas se repermeabilizan siendo patentes sus ramas. Foco de isquemia aguda con hiperseñal en difusión aunque no en T2 su trayecto. afectando a la cola del putamen y corona radiada  derechos, llegando hasta el cuerpo del caudado. No se aprecian otras zonas de isquemia aguda establecida. Una zona extensa enel hemisferio derecho muestra un retraso circulatorio ligero. Focos de aspecto hemorrágico en informes corticales a nivel frontal derecho alto. Algún foco gliótico sustancia blanca supratentorial. Parénquima cerebral que no muestra otras alteraciones relevantes de señal o morfología. Moderada dilatación global de sistema ventricular, aspecto involutivo
Conclusión: Oclusión del segmento M1 derecho, con zona de isquemia hiperaguda en territorio superficial y profundo de ACM D. Una pequeña parte del territorio profundo sugiere isquemia establecida, mientras que el resto sugiere penumbra.
Trombectomia y Arteriografia (21.06.2017 21:53):
ARTERIOGRAFÍA:
Bajo anestesia local y vigilancia anestésica, previa asepsia y antisepsia, por punción femoral derecha, con la técnica de Seldinger, se hace un cateterismo selectivo de la ACI derecha, y se hacen estudios angiográficos en todas las proyecciones necesarias.
La exploración pone de manifiesto:
1. Oclusión del segmento M1 de la ACM derecha.
TROMBECTOMÍA MECÁNICA:
Con la ayuda de una guía de alto soporte, se hace un intercambio del catéter diagnóstico por un catéter guía 8F con balón, que se coloca en la ACI derecha. Con un microcatéter Rebar 18 y una microguía Synchro 14, se hace un microcateterismo de la ACM derecha, hasta el segmento M2. Se sube y despliega un stent Solitaire 2 4x40
Informe d'alta d'hospitalització
mm, con el que se repermeabiliza la ACM
derecha y sus ramas. Se ocluye la ACI derecha cocon el balón y bajo aspiración continua, se retira el stent de forma lenta y cuidadosa, con el que se extrae un importante trombo, lográndose una repermeabilización completa de la ACI y sus ramas y reperfusión del hemisferio cerebral derecho. Se hacen estudios angiográficos que demuestran una repermeabilización casi completa de la ACM derecha con oclusión de una rama M3 (TICI:2b). Se cierra el punto de punción con compresión manual. No se presentan complicaciones y el paciente ha tolerado muy bien el procedimiento.
CONCLUSIÓN:
1.	Oclusión de la ACM derecha (TICI:0).
2.	Repermeabilización completa (TICI:2b) de la ACM derecha con oclusión de una rama distal (M3), y reperfusión del hemisferio cerebral derecho mediante trombectomía mecánica.
No se ha administrado heparina durante el procedimiento.
RMN craneal (protocolo FURIAS) (21.06.2017 23:55): Evolución de la lesión isquémica en territorio profundo de ACM derecha, con un pequeño componente en la cola del putamen que ha aumentado su señal en T2, mientras que el componente en corona radiada ha disminuido. En el resto del territorio de ACM no se ha establecido lesiones isquémicas. No se aprecian hemorragias de nueva aparición, y los focos corticales a nivel frontal derecho parecen crónicos. Repermeabilización de toda la porción M1 derecha y de las ramas silvianas. Resto sin otros cambios relevantes.
Conclusión:
Repermeabilización de ACM derecha, con un mínimo foco de de isquemia reciente en la cola del putamen y sin otras lesiones isquémicas establecidas.
	]]></text>
</Section>
<Section span_begin="7034" span_end="7084" id="SECCION_EXPLORACIONES_COMPLEMENTARIAS_EN_PLANTA_DE_NEUROLOGIA" type="INFORMACIÓN SOBRE PRUEBAS COMPLEMENTARIAS">
	<name><![CDATA[EXPLORACIONES COMPLEMENTARIAS EN EL INGRESO EN UIA]]></name>
	<text><![CDATA[
:
Estudio neurosonológico (22.06.2017):
Estudi Trans-Craneal: Sin alteraciones a nivel de a.cerebral media izquierda; a.comunicante posterior izquierda acelerada; a.cerebral anterior izquierda invertida. A.cerebral anterior derecha acelerada (flujo compensatorio), no alteraciones a nivel de a.cerebral media derecha; sin alteraciones a nivel de ambas aa.cerebrales posteriores. Aa.vertebrales intracraneales sin alteraciones; no consigo insonar a.basilar por ventana subóptima. Aa.oftálmicas ortodrómicas.
Estudi de TSA: Estudio dificultoso por anatomía del paciente que impide una valoración adecuada del árbol arterial. No se observan placas a lo largo de ambos ejes carotídeos pero el estudio es de mala calidad; la a.carótida interna izquierda está ocluida. No alteraciones a nivel de a.carótida interna derecha. Aa.vertebrales ortodrómicas; no se observan estenosis.
Conclusió: Oclusión de a.carótida interna izquierda; buena compensación de a.cerebral media izquierda a través de a.cerebral anterior y comunicante posterior izquierda. No otras alteraciones destacables.
TC cranial de control a las 24 horas (22.06.2017): Cisternas basales y perimesencefálicas libres. Línea media  centrada.   Sistema   ventricular  simétirco   de   tamaño   y   morfología  conservadas.   Sin   alteraciones parenquimatosas ni extraxiales TC valorables.
Analítica ingreso (23.06.2017): Bioquímica: glucosa 99 mg/dL, HbA1c 5.8%, proteína 56.6 g/L, Albúmina
28.8 g/L, Urea 66 mg/dL, FG 38, Creat 1.6 mg/dL, Na 140 mmol/L, K 4.46 mmol/L, Bilirubina 0.59 mg/dL, FA 61 U/L, ALT 40 U/L, PCR 70.2 mg/L. Lípidos: TG 130 mg/dL, colesterol 135 mg/dL, HDL 34.6 mg/dL, LDL 74 mg/dL. TSH normal. Proteinograma pendiente.
Informe d'alta d'hospitalització
Analítica de control (23.06.2017): Hematologia (23/06/17): Leucòcits 6400 /µL, (L 4 % / M 4 / E 0 / B 0), Hties 4,21 mill/µL, Hb 13,1 g/dL, Hct 39,7 %, VCM 94,3 fL, Plaquetes 202000 /µL, VSG 75 mm.
Estudio neurosonológico (23.06.2017): Se realiza estudio de comunicación derecha-izquierda mediante doppler transcraneal. Se observa paso de una burbuja en situación basal y de ninguna burbuja tras el Valsalva que no es óptimo.
RMN craneal (protocolo FURIAS a los 5 dias / 26.06.2017): Persiste la pequeña lesión isquémica en la cola del putamen derecho que muestra evolución respecto al previo y es de aspecto subagudo. No muestra transformación hemorrágica ni edema. También se aprecia evolución de un foco puntiforme cortical en la ínsula derecha. Otros pequeños focos corticales que también son de aspecto reciente, a nivel parietal, parietooccipital y el cuerpo del núcleo caudado derechos son de nueva aparición respecto a la resonancia previa. A nivel frontal alto derecho,  persiste  la  zona  de  sufusión  hemorrágica  cortical,  con  aparición  de  mínima  cantidad  de  edema vasogénico, lo que sugiere que sea reciente. No se aprecian otras lesiones isquémicas o hemorragias de nueva aparición. La angio-RM intracraneal  mediante secuencia de flujo no muestra cambios relevantes  respecto  al previo, siendo patentes ACM derecha y sus ramas y persistiendo la oclusión proximal de ACI izquierda. Resto del estudio que no muestra otros cambios relevantes.
Conclusión: Evolución de las pequeñas lesiones isquémicas que se apreciaba en el previo, y aparición de otras mínimas en territorio superficial de ACM derecha. Persiste sufusión hemorrágica cortical frontal derecha alta.
Analítica control (26.06.2017): Leucos 6.600 (65% N, 18% L), Hb 12.8 g/dL, Hto 39.3%, 184.000  plaquetas. Bioquímica: glucosa 90 mg/dL, proteína 59g/L, Urea 45 mg/dL, FG 43, Creat 1.49 mg/dL, Na 142.1 mmol/L, K 4.13 mmmol/L, Bilirubina 0.54 mg/dL, FA 62 U/L, ALT 26 U/L, LDH 419 U/L, Marcadores tumorales negativos.
Ecocardiografia transtorácica (26.06.2017):
-	Ventricle esquerre no dilatat ni hipertròfic. Acinèsia de l'àpex i de tots els segments apicals . Acinèsia dels segments basals inferior i inferolateral. Funció global en el límit inferor de la normalitat FE Simpson biplanar de 56%
-	Aurícula esquerra lleugerament dilatada. Aorta ascendent lleugerament dilatada.
-	Sense alteracions valvulars significatives.
-	Cavitats dretes no dilatades i normocontàctils
-	Alteració diastòlica tipus I
	]]></text>
</Section>
<Section span_begin="11317" span_end="11333" id="SECCION_EVOLUCION" type="INFORMACIÓN SOBRE EVOLUCIÓN">
	<name><![CDATA[EVOLUCIÓ CLÍNICA]]></name>
	<text><![CDATA[
Paciente varón de 83 años con factores de riesgo vascular y antecedentes de cardiopatia isquémica que acude con activación de código ictus por clínica compatible con síndrome hemisférico derecho completo de cronologia incierta, puntuando un NIHSS de 19 ((0.0.0)2.2/2(0.4)(0.4)/0.2.0.1 .2) .
A su llegada a Urgencias el paciente está hemodinámicamente estable, eupneico y afebril. Se realiza RMN cerebral multimodal que muestra lesión isquémica de pequeño tamaño restringida al nucleo lenticular con oclusión del segmento M1 de ACM derecha, por lo que se indica tratamiento endovascular primario. Se informa a la familia de los riesgos y beneficios del tratamiento que asumen y firman el consentimiento informado.
Con un solo pase de Solitaire se consigue la recanalización cde ACM derecha y sus ramas aunque persiste algun pequeño trombo distal (TICI 2B). Se realiza RMN multiparamétricapost procedimento (protocolo FURIAS) que muestra repermeabilización de ACM derecha, con un mínimo foco de de isquemia reciente en la cola del putamen y sin otras lesiones isquémicas establecidas. Se decide ingreso en UIA para control evolutivo y vigilancia semiintensiva.
Informe d'alta d'hospitalització
Durante su ingreso en la unidad de ictus, el paciente se mantiene hemodinámicamente estable y sin alteraciones en la monitorización cardíaca contínua. Se coloca dispositivo Holter SRA, prievia obtención del consentimiento informado. Se realiza TC cranial a las 24 horas sin alteraciones parenquimatosas ni extraxiales TC valorables. El paciente presenta mejoria clínica progresiva peristiendo, a las 24 horas, paresia facial izquierda y disartria (NIHSS 3). Durante el ingreso el paciente refiere episodios de varios minutos de duración de alteraciones visuales en forma de "upside-down", sugestivos de comicialidad por lo que se inica tratamiento con levetiracetam. Presenta leve empeoramiento de la función renal con creatinina de 1.6 mg/dL, con mejoría progresiva, presentando al alta creatinina de 1.49 mg/dL.
Para completar estudio etiológico se realiza estudio neurosonológico completo que muestra oclusión de a.carótida interna izquierda ya conocida con buena compensación intracraneal sin otras alteraciones destacables. No se observan signos de shunt derecha-izquierda ni signos de arteritis de la temporal. La RMN cranial (protocolo FURIAS) realizada a los 5 días de evolución muestra pequeñas lesiones isquémicas que ya se apreciaban en el estudio previo, y aparición de otras mínimas en territorio superficial de ACM derecha. Persiste sufusión hemorrágica cortical frontal derecha alta. En la ecocardiografía transtorácica destaca acinesia apical y acinesia inferior- inferobasal con FE del 56%. Comentado el caso con cardiología, se considera la acinesia apical en el contexto del paciente como fuente de émbolos por lo que se orienta el cuadro como ictus isquémico de ACM derecha de mecanismo embólico y de etiologia cardioembólica y se procede a la anticoagulación del paciente con acenocumarol. El paciente es dado de alta a domicilio para seguir controles en consultas externas de neurología de forma ambulatoria.
En el momento del alta:  mRS de 0 y NIHSS 0.
	]]></text>
</Section>
<Section span_begin="14510" span_end="14521" id="SECCION_DIAGNOSTICO_PRINCIPAL" type="DIAGNÓSTICO">
	<name><![CDATA[DIAGNÒSTICS]]></name>
	<text><![CDATA[
1.- Ictus isquémico de ACM derecha de probable mecanismo embólico y de etiologia cardioembólica. 2.- Hipertensión arterial
3.- Dislipémia
4.- Cardiopatia isquémica.
	]]></text>
</Section>
<Section span_begin="14688" span_end="14700" id="SECCION_PROCEDIMIENTOS" type="PROCEDIMIENTO">
	<name><![CDATA[PROCEDIMENTS]]></name>
	<text><![CDATA[
88.91 Imatge per ressonància magnètica de cervell i tronc cerebral
	]]></text>
</Section>
<Section span_begin="14769" span_end="14804" id="SECCION_TRATAMIENTO_AL_ALTA" type="INFORMACIÓN SOBRE TRATAMIENTO">
	<name><![CDATA[TRACTAMENT I RECOMANACIONS A L'ALTA]]></name>
	<text><![CDATA[
-	Dieta cardiosaludable
-	Hábitos saludables
-	Atorvastatina 40 mg 1-0-0
-	Sintrom 4 mg 1/2-0-0
1/2-0-0
Acudir a CAP Dr _NAME_ (Pl. de la Medicina, _LOCATION_) para control.
-	Adiro 100 mg 1-0-0 durante 2 dias y STOP.
-	Atenolol 50 mg 1-0-0
-	Enalapril 5 mg 0-01
-	Cafinitrina si precisa
-	Levetiracetam 500 mg 1-0-1
-	
Informe d'alta d'hospitalització
	]]></text>
</Section>
<Section span_begin="15161" span_end="15168" id="SECCION_CONTROL" type="INFORMACIÓN SOBRE TRATAMIENTO">
	<name><![CDATA[CONTROL]]></name>
	<text><![CDATA[
Visita con Neurologia el 13.09.2017 a las 13:10.
Controles  de INR en CAP Dr _NAME_ ( Pl. de la Medicina,  _LOCATION_) en 3 dias, posteriormente en CAP de referencia.
Control por su médico de cabecera y especialistas habituales.
DESTINACIÓ A L'ALTA:	A DOMICILI
Validat per: _NAME_	Col·legiat: _ID_
27.06.2017
Pàgina 1 de 6	]]></text>
</Section>
</ehr>