<?xml version='1.0' encoding='UTF-8'?>
<ehr id="384719500.utf8.txt">
<Section id="DEFAULT_HEADER" type="DEFAULT_HEADER" >
	<name>DEFAULT_HEADER</name>
	<text><![CDATA[
I.CLINIC DE NEUROCIÈNCIES NEUROLOGIA
_NAME_	NHC: _ID_
Sexo/Sexe: Fem.	Fecha nac./Data naix.: _DATE_	Edad/Edat: 83 años Dirección/Adreça: _LOCATION_	CP: _LOCATION_
Municip. (Prov.): _LOCATION_  ABS:_SS_	Tel.:_CONTACT_ MARIT
As.: SERVEI CATALA DE LA SALUT	CIP: _ID_	NASS: _ID_
Nº epis.: _ID_	Tipo/Tipus: HOSPIT.	Inici.: 31.05.2017
Serv: NEUROLOGIA	UO Enf.: G064 SALA G DE NEUROLOGIA	Hora: 19:12:13
Facult. de ref.: _NAME_		
	]]></text>
</Section>
<Section span_begin="427" span_end="452" id="SECCION_TIPO_DE_INGRESO" type="TIPO DE INGRESO">
	<name><![CDATA[Tipo ingreso/Tipus ingrés]]></name>
	<text><![CDATA[
: Urgent	Motivo/Motiu alta: CSS Conval.
Diag.:
ICTUS ISQUÉMICO ART. CEREBRAL MEDIA DERECHA () FIBRILACIÓN AURICULAR DE DEBUT ()
INSUFICIENCIA CARDIACA. () INFECCIÓN DEL TRACTO URINARIO. ()
Proc.:
TC CRANEL MULTIMODAL () RM CRANEAL () ELECTROCARDIOGRAMA () ANALÍTICA SANGUÍNEA ()
INFORME CLÍNICO ALTA / INFORME CLÍNIC ALTA
	]]></text>
</Section>
<Section span_begin="779" span_end="817" id="SECCION_MOTIVO_DE_INGRESO" type="MOTIVO DEL INGRESO">
	<name><![CDATA[Motivo de consulta / Motiu de consulta]]></name>
	<text><![CDATA[
Debilidad súbita de hemicuerpo izquierdo del despertar.
	]]></text>
</Section>
<Section span_begin="875" span_end="905" id="SECCION_ANTECEDENTES" type="ANTECEDENTES">
	<name><![CDATA[Antecedentes e historia previa]]></name>
	<text><![CDATA[
 / Antecedents i història prèvia  Mujer de 83 años, sin alergias medicamentosas ni hábitos tóxicos. Independiente para la vida diaria, limitada por artrosis de pie, mRS 2.
*ANTECEDENTES PATOLÓGICOS:
-	HIPERTENSIÓN ARTERIAL en tratamiento farmacológico.
-	ARTROPATÍA de ambos pies que le ocasiona importante dolor y limitación funcional. En tratamiento con pregabalina.
-	SDR. ANSIOSO-DEPRESIVO en tratamiento con ISRS.
	]]></text>
</Section>
<Section span_begin="1329" span_end="1349" id="SECCION_TRATAMIENTO_HABITUAL" type="INFORMACIÓN SOBRE TRATAMIENTO">
	<name><![CDATA[*MEDICACIÓN HABITUAL]]></name>
	<text><![CDATA[
: Pregabalina 25 mg/24h; citalopram 10 mg/24h; lisinopril/hidroclorotiazida 20/12.5 mg 1c/24h; artedil 20 mg/24h; bisoprolol 2.5 mg/24h; lorazepam 1 mg/24h; omeprazol 20 mg/24h PRN.
	]]></text>
</Section>
<Section span_begin="1532" span_end="1562" id="SECCION_PROCESO_ACTUAL" type="INFORMACIÓN SOBRE LA HISTORIA ACTUAL">
	<name><![CDATA[Proceso actual / Procés actual]]></name>
	<text><![CDATA[
Paciente que despierta el 31/05 con hemiparesia izquierda, motivo por el que avisan a SEM y es remitida a _SS_ como código ictus.
	]]></text>
</Section>
<Section span_begin="1694" span_end="1732" id="SECCION_EXPLORACION_FISICA" type="INFORMACIÓN SOBRE LA EXPLORACIÓN FÍSICA">
	<name><![CDATA[Exploración física / Exploració física]]></name>
	<text><![CDATA[
31/05/2017-19:30:00: Frecuencia respiratoria (rpm) 22, PAS (mm Hg) 163, PAD (mm Hg) 60, Pulsioximetría (%) 97. 31/05/2017-22:00:00 : Tª axilar ( ºC) 37.6. 01/06/2017-06:00:00 : Glicemia capilar (mg/dl) 102. 01/06/2017 -10:00:00 : FiO2 (%) 28.
NRL: Alerta, desorientada. Lenguaje sin alteraciones. No disartria. Reflejo por amenaza abolido izq. Mirada conjugada con tendencia a mirar a la izq. Hemiparesia facio (mod)- braquio (3/5)- crural (1/5) izq. Hipoestesia izq. Extinción táctil izq. Dismetrías no valorables. NIHSS 14.
Laboratorio / Laboratori
*	ANALÍTICA SANGUÍNEA: Discreta alteración hepática ASAT/ALAT 44/70, GGT/FA 48/135. Hb glicada de 6.2. Resto sin alteraciones.
Radiología / Radiologia
*	TC CRANEAL BASAL: Pérdida de diferenciación corticosubcortical en ínsula derecha y borramiento de la cabeza del caudado y del lenticular, en relación a lesión isquémica establecida. ASPECTS 7 No se observan lesiones isquémicas parenquimatosas subagudas ni otras lesiones isquemicas crónicas. Disminución global del volumen cerebral con dilatación secundaria del sistema ventricular, en relación con cambios involutivos.
*	TC PERFUSIÓN: Se aprecia un aumento del TTP de todo el territorio de la ACM derecha con caída del CVB y CVF exclusivamente en el territorio profundo de la misma, con una preservación del territorio cortical superficial. Existe un missmatch significativo (>200%).
*	ANGIO-TC EXTRA E INTRACRANEAL: Oclusión del segmento M1 proximal de la ACM derecha con repermeabilización distal por colaterales (66% de colateralidad respecto al lado contralateral). Resto de las arterias cerebrales intracraneales permeables (ACAs, ACM izquierda y ACPs). ACP derecha con origen fetal e hipoplasia de P1. Sistema  vertebrobasilar permeable. Arco aórtico y segmentos proximales de troncos supraórticos sin ateromatosis ni signos de estenosis. Origen  de ambas arterias carótidas internas con pequeñas placas de ateromatosis sin condicionar estenosis. Segmentos cervicales  de la arteria carótida interna sin ateromatosis ni signos de estenosis. Segmentos intracavernoso y supraclinoideo de la arteria carótida interna sin ateromatosis ni signos de estenosis. Origen de las arterias vertebrales sin ateromatosis ni signos de estenosis.
*	SECCIONES SUPERIORES TORÁCICAS: Se aprecia engrosamiento de septos interlobulillares con mínimo derrame pleural bilateral.
*	TC CRANEAL  DE CONTROL: Segun procesamiento DUAL los hallazgos sugieren contraste en infarto isquemico, sin embargo dado el importante efecto masa que ejerce creo recomendable descartar hemorragica mediante RM. Probable contaminacion por contraste de surcos central y postcentrales. Cisternas basales libres. Estructuras de la linea media centradas. # Sistema ventricular con reduccion de tamaño del VLI por el efecto masa del infarto.
*	RM CRANEAL: Lesion isquemica de caracteristicas agudas en el territorio superficial anterior de la ACM derecha así como en el nucleo lenticular, nucleo caudado y capsula interna derechas con signos de transformacion hemorrágica  en nucleo lenticular y caudado tipo PH1. Asimismo se observa una lesion isquemica de caracteristicas agudas en el hemicerebelo derecho sin otras alteraciones asociadas. En secuencias de VWI se observa un engrosamiento hipercaptante difuso y homogeneo de la pared de la ACM derecha en sus segmentos M1 y M2. Resto del estudio sin otras alteraciones significativas.
	]]></text>
</Section>
<Section span_begin="5136" span_end="5196" id="SECCION_EXPLORACIONES_COMPLEMENTARIAS" type="INFORMACIÓN SOBRE PRUEBAS COMPLEMENTARIAS">
	<name><![CDATA[Exploraciones complementarias / Exploracions complementàries]]></name>
	<text><![CDATA[
*	ECG muestra fibrilación auricular rápida a 120-130 lpm no conocida
	]]></text>
</Section>
<Section span_begin="5267" span_end="5287" id="SECCION_EVOLUCION" type="INFORMACIÓN SOBRE EVOLUCIÓN">
	<name><![CDATA[Evolución / Evolució]]></name>
	<text><![CDATA[
1.	ICTUS ISQUÉMICO EN TERRITORIO DE ART. CEREBRAL MEDIA DERECHA (ACMD)
Paciente con sindrome hemisférico derecho de tiempo de evolución indeterminado(NIHSS: 14). El ECG muestra fibrilación auricular rápida a 120-130 lpm no conocida. La neuroimagen (TC multimodal) en la
secuencia basal muestra signos incipientes de lesión isqúemica a nivel de insula y ganglios basales derechos (ASPECTS 7) correspondiente al territorio de la ACMD), el angio-TC confirma oclusión en segmento M1 de la ACMD con extensa área de penumbra en los mapas de perfusión cerebral.
Se realiza trombectomia mecánica consiguiendo una recanalízación TICI 2b. Tras el procedimiento la paciente presenta mejoría desde el punto de vista neurológico a expensas del déficit motor. En la neuroimagen de control (TC y RM cerebral) se observa transformación hemorrágica en lecho del infarto por lo que se inicia anticoagulación de forma diferida con dabigatrán 110mg/12h.
Se trata de un ictus isquémico en territorio de la ACMD de etiología cardioembólica en paciente con fibrilación auricular de debut,
Durante su ingreso la paciente presenta mejoría neurológica, persistiendo en la exploración neurológica negligencia visual izquierda y paresia facio(mod)-braquio (4/5)-crural (4/5) izquierda, por lo que se decide alta a _SS_ para rehabilitación.
Al alta:
-	NIH: 5
-	TOAST: cardioembólico
-	mRS: 4
2.	FIBRILACIÓN AURICULAR RÁPIDA.
3.	INSUFICIENCIA CARDIACA
En las primeras horas del ingreso la paciente presenta ACxFA rápida a 170 lpm con signos de insuficencia cardiaca en forma de disnea y desaturación, por lo que se administra tratamiento deplectivo con Furosemida así como frenador con digoxina, consiguiendo control del ritmo cardiaco y mejoría respiratoria.
4.	INFECCIÓN DEL TRACTO URINARIO
Durante el ingreso presenta piuria asintomática por lo que se realiza un sedimento de orina que es patológico con >200 leucocitos y abundantes bacterias y se inicia antibioterapia con ceftriaxona IV pasándose a cefixima oral al alta. Urinocultivo en curso al alta.
Plan terapéutico / Pla terapèutic
-	Cefixima 400mg/24h a completar 5 días (hasta 12/6) - Omeprazol 20mg - Dabigatrán 110mg/12 - Digoxina 0,25/24h - Furosemida 20-0-0-20mg - Ciatopram 0-0-10mg - Pregabalina 0-0-25mg - Paracetamol 1000mg/8h VO - Amlodipino 5mg/12h - Enalapril 10-0-10mg - Captopril de rescate - Lorazepam 1mg noche PRN
	]]></text>
</Section>
<Section span_begin="7655" span_end="7676" id="SECCION_RECOMENDACIONES" type="INFORMACIÓN SOBRE TRATAMIENTO">
	<name><![CDATA[Otras recomendaciones]]></name>
	<text><![CDATA[
 / Altres recomanacions
-	Control de los factores de riesgo cardiovascular por su médico de cabecera. - Visita de control en 3 meses en CCEE de neurología (ver citación).
Firma/Signatura1: _NAME_	Firma/Signatura2: _NAME_ Categoría: Resident 2	Categoría: Consultor/a 1
Nº Matrícula HCP: _ID_	Nº Matrícula HCP: _ID_
Fecha/Data Informe: 08.06.2017
Hora Informe: 14:38:14
Docum.: _ID_
Hist. Clínica: _ID_
El _SS_ ha incorporado sus datos al Fichero de Pacientes, para tratarlos con fines sanitarios.
Puede ejercer sus derechos de acceso, rectificación, cancelación y oposición, así como obtener mas información en la Unidad de Atención al Cliente.
Vers. 00
Pag. 2 de
3
	]]></text>
</Section>
<Section span_begin="8346" span_end="8352" id="SECCION_PROCESO_ACTUAL" type="INFORMACIÓN SOBRE LA HISTORIA ACTUAL">
	<name><![CDATA[Episod]]></name>
	<text><![CDATA[
.: _ID_
_SS_ ha incorporat les seves dades al Fitxer de Pacients, per a tractar-los amb finalitats sanitàries. Pot exercir els seus drets d'accés, rectificació, cancel·lació i oposició, i obtenir més informació a la Unitat d'Atenció al Client.
_SS_
_LOCATION_) _LOCATION_) Tel. _CONTACT_ Fax _CONTACT_
http://_CONTACT_/	]]></text>
</Section>
</ehr>