<?xml version='1.0' encoding='UTF-8'?>
<ehr id="385052084.utf8.txt">
<Section id="DEFAULT_HEADER" type="DEFAULT_HEADER" >
	<name>DEFAULT_HEADER</name>
	<text><![CDATA[
I.CLINIC DE NEUROCIÈNCIES NEUROLOGIA
_NAME_	NHC: _ID_
Sexo/Sexe: Fem.	Fecha nac./Data naix.: _DATE_	Edad/Edat: 82 años Dirección/Adreça: _LOCATION_	CP: _LOCATION_
Municip. (Prov.): _LOCATION_  ABS:_SS_	Tel.:_CONTACT_
As.: SERVEI CATALA DE LA SALUT	CIP: _ID_	NASS: _ID_
Nº epis.: _ID_	Tipo/Tipus: HOSPIT.	Inici.: 06.06.2017
Serv: NEUROLOGIA	UO Enf.: G064 SALA G DE NEUROLOGIA	Hora: 14:31:38 Facult. de ref.: _NAME_
	]]></text>
</Section>
<Section span_begin="420" span_end="445" id="SECCION_TIPO_DE_INGRESO" type="TIPO DE INGRESO">
	<name><![CDATA[Tipo ingreso/Tipus ingrés]]></name>
	<text><![CDATA[
: Urgent	Motivo/Motiu alta: Dom. Familiar
Diag.:
OCLUSION DE ART. CEREBRAL NO ESPECIF. CON INFARTO CEREBRAL (434.91) ESTENOSIS SEGMENTO M1-M2 ()
Proc.:
TC MULTIMODAL ()
RM CEREBRAL Y ANGIO-RM () ANALÍTICA DE SANGRE ()
INFORME CLÍNICO ALTA / INFORME CLÍNIC ALTA
	]]></text>
</Section>
<Section span_begin="711" span_end="749" id="SECCION_MOTIVO_DE_INGRESO" type="MOTIVO DEL INGRESO">
	<name><![CDATA[Motivo de consulta / Motiu de consulta]]></name>
	<text><![CDATA[
Alteración del lenguaje de inicio indeterminado.
	]]></text>
</Section>
<Section span_begin="800" span_end="862" id="SECCION_ANTECEDENTES" type="ANTECEDENTES">
	<name><![CDATA[Antecedentes e historia previa / Antecedents i història prèvia]]></name>
	<text><![CDATA[
Mujer 82 años. No alergias medicamentosas conocidas. No hábitos tóxicos. Independiente (mRS: 1). Diestra aunque realiza numerosas actividades con la izquierda.
	]]></text>
</Section>
<Section span_begin="1025" span_end="1049" id="SECCION_ANTECEDENTES_PERSONALES" type="ANTECEDENTES">
	<name><![CDATA[*ANTECEDENTES PERSONALES]]></name>
	<text><![CDATA[
:
1.	HIPERTENSIÓN ARTERIAL en tratamiento farmacológico.
2.	DISLIPEMIA en tratamiento farmacológico.
3.	HIPERGLUCEMIA LEVE en tratamiento dietético.
4.	CARDIOPATÍA ISQUÉMICA con prueba de esfuerzo clínicamente positiva (eléctricamente negativa). SPECT con patrón gammagráfico de mínima isquemia inferoseptobasal de difícil valoración por actividad extracardíaca.
5.	LESIÓN ISQUÉMICA CEREBRAL FRONTAL DERECHA, de etiología aterotrombótica, debút en forma de alteración del lenguaje.
6.	ESTENOSIS AÓRTICA.
7.	LEUCEMIA LINFÁTICA CRÓNICA estadio A0, diagnosticada en noviembre 2001, CD38 negativo, ZAP70 negativo, FISH normal. Actualmente estable.
8.	DIVERTICULOSIS.
9.	ARTROSIS.
10.	OSTEOPOROSIS.
11.	PRESBIACUSIA.
	]]></text>
</Section>
<Section span_begin="1774" span_end="1794" id="SECCION_TRATAMIENTO_HABITUAL" type="INFORMACIÓN SOBRE TRATAMIENTO">
	<name><![CDATA[*MEDICACIÓN HABITUAL]]></name>
	<text><![CDATA[
 (6/6/17): Amlodipino 10 mg/24h; bisoprolol 5 mg/24h; clopidogrel 75 mg/24h; atorvastatina 40 mg/24h; enalapril 10 mg/12h; latanoprost col/24h; ácido alendrónico 70 mg/24h; tapentadol retard 100mg/12h, omeprazol 20mg/24h, SERC 8mg si precisa.
	]]></text>
</Section>
<Section span_begin="2038" span_end="2068" id="SECCION_PROCESO_ACTUAL" type="INFORMACIÓN SOBRE LA HISTORIA ACTUAL">
	<name><![CDATA[Proceso actual / Procés actual]]></name>
	<text><![CDATA[
El 06/06 a las 11:30h se observa lenguaje incoherente. Última vez vista asintomática en la tarde del 05/06. A la llegada del SEM se activa código ictus extramuros.
	]]></text>
</Section>
<Section span_begin="2234" span_end="2272" id="SECCION_EXPLORACION_FISICA" type="INFORMACIÓN SOBRE LA EXPLORACIÓN FÍSICA">
	<name><![CDATA[Exploración física / Exploració física]]></name>
	<text><![CDATA[
NRL: Alerta. Afasia global: nomina 1/5, no repite, presenta abundantes parafasias, sigue órdenes sencillas, pero no complejas. Reflejo por amenaza presente bilateral. Mirada conjugada con tendencia a mirar a la drcha. Pares craneales sin alteraciones. Fuerza y sensibilidad sin déficits. No dismetrías. NIHSS 5.
Cardio: Rítmica sin soplos ni ruidos patológicos. Pulmonar: MVF sin sobreañadidos.
Abdomen: Blando y depresible. No doloroso. No masas ni megalias.
Laboratorio / Laboratori
*	ANALÍTICA SANGUÍNEA (Se adjunta): PCR 0.42 mg/dL. Perfil renal e ionograma sin alteraciones. Colesterol total 142 mg/dL (LDL 83 mg/dL, HDL 52 mg/dL); TG 60 mg/dL. Leucocitosis (14.41 10^9/L) a expensas de linfocitosis (7.3 10 ^9/L9). INR 1.21. HbA1c 6%. Perfil tiroideo sin alteraciones.
Radiología / Radiologia
*	TC MULTIMODAL: BASAL: No se observan signos de hemorragia intra ni extraaxial. Lesion isquémica de caracteristicas subagudas en el territorio superficial posterior de la ACM derecha sin otras alteraciones asociadas. Hipodensidades en sustancia blanca supratentorial en relacion con angiopatia microvascular. PERFUSION CEREBRAL: Retraso en los mapas de tiempo del territorio superficial posterior de la ACM derecha sin discordancia con los mapas de flujo y volumen. ANGIO-TC: Estenosis intracraneal en la union M1-M2 derecha.
*	RM CEREBRAL y ANGIO-RM: Infarto isquémico agudo en el territorio distal superficial de ACM derecha, con extensión y afectación del córtex insular y cabeza de núcleo caudado derecho, sin signos de transformación hemorrágica, con irregularidad de contornos y calibre de porción distal horizontal de ACM derecha. Isquemia crónica de ambos talamos y protuberancia, también por afectación microangiopática de vasos arteriales perforantes.
*	RX DE TÓRAX: sin pinzamentos del seno costofrénico ni condensaciones. ICT<0.5. Hilios prominentes.
*	
	]]></text>
</Section>
<Section span_begin="4146" span_end="4206" id="SECCION_EXPLORACIONES_COMPLEMENTARIAS" type="INFORMACIÓN SOBRE PRUEBAS COMPLEMENTARIAS">
	<name><![CDATA[Exploraciones complementarias / Exploracions complementàries]]></name>
	<text><![CDATA[
*	TELEMETRÍA (>48h) en ritmo sinusal.
*	ECODOPPLER TSA Y DTC: 1. Possible ateromatosi a l#artèria cerebral mitja dreta distal. 2. Discret augment de les velocitats a ambdues artèries cerebrals anteriors.
	]]></text>
</Section>
<Section span_begin="4413" span_end="4433" id="SECCION_EVOLUCION" type="INFORMACIÓN SOBRE EVOLUCIÓN">
	<name><![CDATA[Evolución / Evolució]]></name>
	<text><![CDATA[
1. ICTUS ISQUÉMICO EN TERRITORIO DE LA ARTERIA CEREBRAL MEDIA DERECHA (ACMD). ESTENOSIS SEGMENTO M1-M2.
Muejr con antecedentes de ictus isquémico que acude a urgencias por alteración dle lenguaje de inico indeterminado. A su llegada normotensa y afebril. En la exploración destaca afasia mixta con tendencia a mirar a la derecha (NIHSS: 5). Analítica sanguínea con leucocitosis leve sin otras alteraciones relevantes. La neuroimagen (TC y RM cerebral) que muestra lesión isquémica frontal derecha. El estudio vascular (eco- doppler TSA y DTC y angio-RM) muestra ateromatosis de la unión de segmento M1-M2 de la ACMD. Monitorización cardíaca en ritmo sinusal.
Se trata de un ictus de arteria cerebral media derecha de causa aterotrombótica, en paciente con factores de riesgo cardiovascular y estenosis en segmento M1-M2 de la ACMD. Durante su estancia en la unidad de ictus inicialmente con anticoagulación con heparina sódica, y en la actualidad con doble antiagregación (que deberá mantener durante 1 mes, posteriormente se mantendrá monoantiagregación). La paciente evoluciona de forma favorable, persistiendo afasia mixta moderada sin otra alteración. Se ha iniciado logopedia y se ha solicitado de manera ambulatoria al alta.
Al alta:
NIHSS: 2;   TOAST: aterotrombótico;   mRS: 2.
Plan terapéutico / Pla terapèutic
Ácido acetilsalicilico 100mg 1-0-0 (1 meses). Clopidogrel 75mg 1-0-0. Monoprost 50 mcg/ml colirio/24 horas. Atorvastatina 40mg 0-0-1. Palexia retard 100mg 1-0-1. Bisoprolol 2.5mg 1-0-0. Serc 8 mg Si precisa. Amlodipino 10mg 1-0-0. Pantoprazol 40mg 1-0-0. Enalapril 10 mg 1-0-1. Acido alendronico 70 mg/semanal.
	]]></text>
</Section>
<Section span_begin="6068" span_end="6089" id="SECCION_RECOMENDACIONES" type="INFORMACIÓN SOBRE TRATAMIENTO">
	<name><![CDATA[Otras recomendaciones]]></name>
	<text><![CDATA[
 / Altres recomanacions
- Se citará para revisión con Dra. _NAME_ en CCEE de neurología (se adjunta citación). - Ecocardiograma ambulatorio el día 24 de octubre ( se adjunta citación). - Control de los factores de riesgo cardiovascular por su médico de cabecera.
Firma/Signatura1: _NAME_	Firma/Signatura2: _NAME_ Categoría: Resident 2	Categoría: Especialista
Nº Matrícula _SS_: _ID_	Nº Matrícula _SS_: _ID_
Fecha/Data Informe: 12.06.2017
Hora Informe: 15:48:13
Docum.: _ID_
Hist. Clínica: _ID_
El _SS_ ha incorporado sus datos al Fichero de Pacientes, para tratarlos con fines sanitarios.
Puede ejercer sus derechos de acceso, rectificación, cancelación y oposición, así como obtener mas información en la Unidad de Atención al Cliente.
Vers. 00
Pag. 2 de
3
	]]></text>
</Section>
<Section span_begin="6852" span_end="6858" id="SECCION_PROCESO_ACTUAL" type="INFORMACIÓN SOBRE LA HISTORIA ACTUAL">
	<name><![CDATA[Episod]]></name>
	<text><![CDATA[
.: _ID_
_SS_ ha incorporat les seves dades al Fitxer de Pacients, per a tractar-los amb finalitats sanitàries. Pot exercir els seus drets d'accés, rectificació, cancel·lació i oposició, i obtenir més informació a la Unitat d'Atenció al Client.
_SS_
_LOCATION_) _LOCATION_) Tel. _CONTACT_ Fax _CONTACT_
http://_CONTACT_/	]]></text>
</Section>
</ehr>