<?xml version='1.0' encoding='UTF-8'?>
<ehr id="386413744.utf8.txt">
<Section id="DEFAULT_HEADER" type="DEFAULT_HEADER" >
	<name>DEFAULT_HEADER</name>
	<text><![CDATA[
1/ 3
Cognoms:	_NAME_	Adreça:	_LOCATION_	
Nom:	_NAME_		_LOCATION_	
Edat: 82	Sexe:H	CIP:	_ID_	NIF:	_ID_
Data naixement:   _DATE_	NHC:	_ID_	NASS:    _ID_
Telèfon / Mòbil:	_CONTACT_ / _CONTACT_
INFORME  D'ASSISTÈNCIA
Metge/essa:	_NAME_	Servei:	Medicina interna
Data ingrés:	25/06/ 2017	Data Alta: 4/7/2017
S'informa a:	Metge de família	Núm.  llit: _ID_
	]]></text>
</Section>
<Section span_begin="354" span_end="365" id="SECCION_DIAGNOSTICO_PRINCIPAL" type="DIAGNÓSTICO">
	<name><![CDATA[DIAGNÒSTICS]]></name>
	<text><![CDATA[
:
1.	Parèsia ESE amb hipoestèsia i parèsia facial central
2.	Ictus isquèmic agut
3.	Antecedent AVC previ al mateix territori
4.	Anèmia microcítica-hipocròmica amb estudi endoscòpic normal d'etiologia no filiada.
5.	HTA
6.	Dislipèmia
7.	Artritis Reumatoidea
8.	N. Pròstata en tractament hormonal
9.	Síndrome acromial bilateral per ruptura tendinosa
	]]></text>
</Section>
<Section span_begin="714" span_end="726" id="SECCION_PROCEDIMIENTOS" type="PROCEDIMIENTO">
	<name><![CDATA[PROCEDIMENTS]]></name>
	<text><![CDATA[
:
1.	Transfusió hemoderivats( concentrats  d'hematies)
2.	Ferroteràpia e. v.
3.	TAC cranial
4.	RMN cranial
5.	Ecodoppler TSA
Nota ingré s a Me dicina Inte rna :
Pacient de 82 anys que ingressa per focalitat neurològica.
No al·lèrgies medicamentoses conegudes. Fumador fins fa 18 anys.
	]]></text>
</Section>
<Section span_begin="1016" span_end="1039" id="SECCION_ANTECEDENTES_PATOLOGICOS" type="ANTECEDENTES">
	<name><![CDATA[ANTECEDENTS  PATOLÒGICS]]></name>
	<text><![CDATA[
:
-	HTA  en tractament  farmacològic  i  seguiment  per  capçalera.  Fa  un  mes  van suspendre  amlodipino  per correctes controls tensionals
-	Dislipèmia actualment en tractament dietètic
-	Glicèmies basals alterades sense tractament
-	Hiperuricèmia
-	Hèrnia hiatal
-	Ictus  isquèmic  al  1999  amb  hemiparèsia  esquerra  que  es  va  autolimitar.  Recuperació  add integgrum  i sense seqüeles.
-	Colecistectomia per colecistitis aguda al 2006
-	Artritis reumatoide en seguiment a Reumatologia i en tractament amb Dolquine que es va suspendre fa uns dos mesos per sospita de reacció pruriginosa i metilprednisolona a dosis baixes.
-	Neoplàsia de pròstata pel que va realitzar RT fa 12 anys i actualment sota tractament amb Decapeptyl ®.
Feia seguiment a _SS_ essent donat d'alta
-	Anèmia ferropènica crònica, coneguda des de l'octubre de 2014, amb estudi  endoscòpic  negatiu  i actualment en seguiment a CCEE de Medicina Interna (1a visita al 05/2017), pendent de valorar estudi amb càpsula endoscòpica, es va suspendre tractament amb clopidogrel.
o	Episodi  de  rectorràgia  al  02/ 2017  valorat  a  Urgències.  FCS  (02/2016):  Diverticulosi  avançada.
Hemorroides.
o	FGS 03/2017: Hèrnia hiatal sense altres troballes
o	Consulta a urgències per anèmia ferropènica . Transfusió de 2 concentrats d'hematies.
-	Antecedent de còlics nefrítics amb evidència de litiasi renal fa anys
o	Ecografia 2014: Ambdós ronyons de tamany i ecoestructura preservada. Sense imatges de litiasi ni hidronefrosi. Bufeta urinària distesa de parets llises sense lesions  endocavitàries.  Glàndula prostàtica de 16cc amb calcificacions al seu interior
-	Espondiloartropatia,  lumbàlgia crònica
-	Ingrés a Cardiologia al 2015 per ICC diastòlica multifactorial. Ecocardiograma: VE no dilatat ni hipertròfic, funció sistòlica global i segmentària conservada (FEVE 72%), AE no dilatada (38 mm), vàlvules normofuncionants.
-	Síndrome acromial bilateral amb ruptura de tendó del manegot dels rotadors dret
o	Ecografia parts toves (2016): Ruptura del manegot dels rotadors dret. Ruptura parcial del supraespinós  esquerra
-	Al setembre de 2014 arran de dolor a mà esquerra i tumefacció amb sospita de síndrome del túnel carpià, es va realitzar electromiografia que va resultar normal.
	]]></text>
</Section>
<Section span_begin="3302" span_end="3321" id="SECCION_TRATAMIENTO_HABITUAL" type="INFORMACIÓN SOBRE TRATAMIENTO">
	<name><![CDATA[Tractament habitual]]></name>
	<text><![CDATA[
: Omeprazol 20mg 1/24h, Acfol 5mg 1/24h, Enalapril/ HCTZ 20/12. 5 mg 1/24h, Emconcor 2.5mg 1/24h, Paracetamol 1g si cal, Decapeptyl 22.5mg 1 vial cada 6 mesos, Urbason 4mg 1/24h, Kilor 40mg 1/24h, Polaramine si cal
	]]></text>
</Section>
<Section span_begin="3537" span_end="3551" id="SECCION_SITUACION_FUNCIONAL" type="ANTECEDENTES">
	<name><![CDATA[Situació basal]]></name>
	<text><![CDATA[
: Viu a domicili amb la seva dona. Tenen dos fills (un vi u a _LOCATION_ i l'altre a _LOCATION_). Deambula de forma autònoma i és autònom per a les ABVD, únicament precisa suport per a  la  dutxa  (limitat  per artropatia). Incontinència urinària ocasional. Hàbit deposicional correcte (amb tendència a l'estrenyim ent  en context de ferroteràpia). Dieta variada. Edèntul (portador de pròtesi dental) i hipoacúsia (portador audiòfon). No dades de deteriorament cognitiu ni disfàgia.
	]]></text>
</Section>
<Section span_begin="4035" span_end="4051" id="SECCION_PROCESO_ACTUAL" type="INFORMACIÓN SOBRE LA HISTORIA ACTUAL">
	<name><![CDATA[MALALTIA  ACTUAL]]></name>
	<text><![CDATA[
:
Presenta de forma sobtada i estant prèviament asimptomàtic, alteració de la força a la extremitat superior esquerra, no dominava la mà i se l'hi queien els objectes. No alteració de la marxa. No altre clínica acompanyant ni febre els dies previs.
	]]></text>
</Section>
<Section span_begin="4301" span_end="4319" id="SECCION_EXPLORACION_FISICA" type="INFORMACIÓN SOBRE LA EXPLORACIÓN FÍSICA">
	<name><![CDATA[EXPLORACIÓ  FÍSICA]]></name>
	<text><![CDATA[
:
A Urg ències: PA144/80 , Tª.ax 36 , FC 93 , FR 20 , SO2 95
PELL I MUCOSES: Pàl·lid, normohidratat. NRL: conscient i ben orientat, desviació de la comissura labial a la dreta. Resta de parells cranials normals. Hemiparèsia ESE amb dolor crònic a espatlla.  No claudicació EEII. RCP flexor bilateral. No dismetries taló-peu. ESCALA GRACE 3,  NIH 5  RESP:  MVC.  COR:  Rítmic,  sense bufs.  ABDOMEN: Tou, depressible, no dolorós a la palpació.
A Planta: TA 121/57 mm Hg, FC 96x', FR 20x', SaTO2 97% basal.  Tº36.7º C
Pell i mucoses: Normohidratat i normocolorejat.NRL: Conscient i ben orientat, llenguatge normal. Pupil·les isocòriques normoreactives. Movim ents oculars preservats. No dèficits campimètrics. Parèsia facial central esquerra amb parèsia ESE amb mínima claudicació distal, miller -fisher i hipoestèsia en  dita  extremitat.  No altres dèficits motors ni a nivell extremitats. RCP flexor bilateral. ROTs simètrics. AR: MVC. AC: TCR, no bufs. No IJ. No RHJ. No edemes perifèrics. Polsos presents i simètrics. ABDOMEN: Tou, depressible, no dolorós a la palpació, sense signes de irritació peritoneal, peristaltisme preservat.
	]]></text>
</Section>
<Section span_begin="5457" span_end="5487" id="SECCION_EXPLORACIONES_COMPLEMENTARIAS" type="INFORMACIÓN SOBRE PRUEBAS COMPLEMENTARIAS">
	<name><![CDATA[EXPLORACIONS   COMPLEMENTÀRIES]]></name>
	<text><![CDATA[
:
Analítica a Urg ències: glucosa 188. 4, urea 46.8, creatinina 1.21, FG 55, Na 141, K 3.8, Cl 106, calci 9.8,
proteïnes totals 6.6, Hb 6.8, Htc 25.3%, VCM 72.3, HCM 19.4, leucòcits 6.500 (74%N, 15. 5%L), plaquetes
304.000, temps PT rati 0.93, temps TTPA rati 0.83, fibrinògen 490
Rx tòrax: Ginecomàstia. Sins costofrènics lliures.  Diafragma dret  bilobulat.  No imatges  de condensacions  ni altres alteracions  valorables.
Angio -TAC cranial i ce rvico -toràcic: Sense alteracions parenquimatoses agudes ni subagudes. Ateromatosis carotídia que condiciona estenosi no significativa a ACIs, més avançada al segment bulbar i postbulbar de ACI esquerra. No s'identifica oclusió de Willis
ECG: Ritme sinusal a 100x', PR 120ms, BBDFH, sense trastorns aguts de la repolarització
Analítica a Pl anta: glucosa 116, urea 46.4, creatinina 0.91, FG > 60, àcid úric 5. 8, Na 141, K 4. 3, Cl 103, LDH
383, bilirubina 0.48, AST 13.9, ALT 8.7, GGT 23.2, FA 64.6, prote ïnes totals 5.9, albúmina 3.5, colesterol 147,
PCR 1.91, Hb 8. 9, Htc 30.7%, VCM 74.2, HCM 21.5, leucòcits 7.340 (82% N), plaquetes 338.000.
Analítica d e control: Hematies 4.40 x10^6/uL 4.5 5.5 Hemoglobina 10.1 g/ dL 13 17 Hematòcrit 34.5 % 40 50
VCM 78.4  fL  Leucòcits  6.10 x10^3/ uL  4  10  Neutròfils % 67. 4 %  40  80  Neutròfils  total  4.11  x10^3 /uL  2  7
Linfòcits % 21.8 % 20 40 Linfòcits total 1.33 10^3/uL 1 3 Monòcits % 9.0 % 2 10 Monòcits total 0.55 x10^3/uL
0.2 1 Eosinòfils % 1.3 % 1 6 Eosinòfils total 0.08 x10^3/uL 0.02 0.5 Basòfils % 0.5 % 0.2 2 Basòfils total 0.03 x10^3/uL 0.02 0.1 Plaquetes 246 x10^3/uL
Eco doppl er TSA: Estenosi al voltant del 50% en CI bilateral.
RM cra nial amb seqüències potenciades en T1, T2, GE, FLAIR, DIFUSIÓ: Múltiples lesions que restringeixen a la DW  corticosubcorticals frontoparietals i temporals dretes compatibles amb lesions isquèmiques agudes/subagudes.
Dilatació global i simètrica del sistema ventricular, valls sil vians i solcs corticals de la convexitat per atròfia córtico-subcortical global. S'observen múltiples focus d'alteració de senyal a substància blanca subcortical fronto-parietal bilateral d'aspecte hipòxic-isquèmic. Petit focus d'hiperintensitat en FLAIR i T2 a hemisferi cerebel·lós dret compatible amb lesió isquèmica crònica. Atròfia cerebel·losa.
EVOLUCIÓ i COMENTARI:
Pacient de 82 anys, hipertens, dislipèmic, amb artritis reumatoide t ractada actualment amb corticoides orals, antecedent de ictus isquèmic al 1999, que repeteix focalitat neurològica en el mateix territori en context de anèmia microcítica i hipocròmica no filiada i aguditzada pel  que es considera  etiologia hemodinàmica  versus nou ictus, tot i que recentment es va retirar antiagregació en context del sagnat no filiat. A Urgències es va realitzar AngioTC cranial que no va mostrar lesions agudes i, es  va  desestimar  tractament  fibrinolític  pel possible risc de sagnat i en context de l' anèmia amb Hb 6.8. Ha millorat sota suport transfusional, El pacient es troba estable, amb milloria progressi va de la mobilitat, restant únicament claudicació distal de la ESE i mínima parèsia facial central.
La RMN cranial mostra múltiples lesions cortico-subcorticas, frontoparietals i temporals de ET compatibles amb lesions isquèmiques agudes i subagudes que explicarien el quadre actual. El pacient ha anant millorant paulatinament i s'ha indicat rehabilitació. Paral·lelament per l'anèmia no filiada s'ha indicat ferroteràpia endovenosa aconseguint una hemoglobina de 10.1. Es comenta el cas amb el servei d'aparell digestiu i es sol·licita una estudi de caps ula endoscòpica a criteri del servei d' aparell  digestiu. Es demana també un TAC abdominal. Es controlarà en 1 mes aproximadament a hospital de dia per control de l'anèmia.
TRACTAMENT  RECOMANAT:
·	Cardyl 40 mg 1/ nit
·	Bisoprolol 2.5 mg 1/24h
·	Hidroferol 0,266 1 ampolla/ 2setmanes
·	Clopidogrel 75 1/24h
·	Enalapril 5 mg 1/ 12h
·	Urbason 4 mg 1/24h
·	Omeprazol 1/24h
·	Paracetamol 1g 1/8h si dolor
·	
Signat per _NAME_ núm.col: _ID_ Data/Hora:04-07-2017 11:40	]]></text>
</Section>
</ehr>