<?xml version='1.0' encoding='UTF-8'?>
<ehr id="387190443.utf8.txt">
<Section id="DEFAULT_HEADER" type="DEFAULT_HEADER" >
	<name>DEFAULT_HEADER</name>
	<text><![CDATA[
_LOCATION_
email: _CONTACT_ Telèfon _CONTACT_
Nº Història Clínica: _ID_
Cognoms, Nom: _NAME_
NºEpisodi: _ID_
CIP: _ID_
Sexe: Home
Data de Naixement: _DATE_   Edat: 85 Anys
NIF/DNI: _ID__NAME_; _NAME_; _NAME_;
_NAME_
Informe d'alta d'hospitalització
16:00:00
06.07.2017
_LOCATION_
_SS_ UNITAT D'ICTUS
CP
ABS
Servei Data d'alta
_LOCATION_
_CONTACT_
DOMICIL/RES.SOC 04.07.2017
Adreça
Telèfon Procedència Data d'ingrés Atès per
	]]></text>
</Section>
<Section span_begin="427" span_end="441" id="SECCION_MOTIVO_DE_INGRESO" type="MOTIVO DEL INGRESO">
	<name><![CDATA[MOTIU D'INGRÉS]]></name>
	<text><![CDATA[
Varón de 85 años ingresado por ictus TACI ACM derecha.
	]]></text>
</Section>
<Section span_begin="498" span_end="509" id="SECCION_ANTECEDENTES" type="ANTECEDENTES">
	<name><![CDATA[ANTECEDENTS]]></name>
	<text><![CDATA[
-	No alergias medicamentosas conocidas
-	Exfumador (IT 20 paquetes/año) des de hace años.
ANTECEDENTES PATOLÓGICOS
-	Hipertensión arterial en tratamiento farmacológico.
-	Dislipemia en tratamiento farmacológico.
-	Diabetis Mellitus tipo 2 en tratamiento dietético.
-	Fibrilación auricular de diagnóstico en junio 2017, en tratamiento anticoagulante con Apixaban
-	Insuficiencia cardiaca de debut en contexto de FA rápida
-	EPOC  Clasificación  GOLD  Moderado.  Última  Pruebas  funcionales  respiratorias  (09/2016):  FEV1  55.14%. Controles con Médico de Familia.
-	Hipotiroidismo en tratamiento sustitutivo.
-	Vasculopatía periférica sin especificar en informes si ACTP o otro tipo de intervención.
-	Síndrome ansioso depresivo de larga evolución tratamiento farmacológico.
-	Cirugía de columna vertebral.
-	TC torácico [julio 2016] realizado por ensenchamiento mediastínico. ateromatosis calcificada de aorta, troncos supraórticos y arterias coronarias. Discretos engrosamientos peribronquiales difusos bilateralmente. Cardiomegalia. No hay derrame pleural, pericárdico ni otros hallazgos significativos.
	]]></text>
</Section>
<Section span_begin="1620" span_end="1644" id="SECCION_SITUACION_FUNCIONAL" type="ANTECEDENTES">
	<name><![CDATA[Situación sociofuncional]]></name>
	<text><![CDATA[
: vive con su esposa, independiente para las actividades básicas de la vida iaria
	]]></text>
</Section>
<Section span_begin="1727" span_end="1745" id="SECCION_TRATAMIENTO_HABITUAL" type="INFORMACIÓN SOBRE TRATAMIENTO">
	<name><![CDATA[MEDICACIÓ HABITUAL]]></name>
	<text><![CDATA[
Seguirl 40 mg (2/24h), Eliquis 2.5mg (1/12h), Enalapril 10mg (1/24h), Bisoprolol 5mg (1/24h), Simvastatina 40mg (1/24h), omeprazol 20 mg (1/24h); diazepan 5 mg (1/24h); clopidrogrel 75 mg (1/24h); vernies 0.4 mg (si precisa); venlafaxina 150 mg (2/24h); seroquel 100 mg (2/24h);  eutirox 50 mcg (1/24h).
	]]></text>
</Section>
<Section span_begin="2051" span_end="2064" id="SECCION_PROCESO_ACTUAL" type="INFORMACIÓN SOBRE LA HISTORIA ACTUAL">
	<name><![CDATA[PROCÉS ACTUAL]]></name>
	<text><![CDATA[
Derivado como código ictus desde _LOCATION_ por cuadro compatible con síndrome completo ACM derecha del despertar. Visto por última vez asintomático a las 22h, despierta a las 6h. Hora de llegada al hospital: 7h
	]]></text>
</Section>
<Section span_begin="2278" span_end="2295" id="SECCION_EXPLORACION_FISICA" type="INFORMACIÓN SOBRE LA EXPLORACIÓN FÍSICA">
	<name><![CDATA[EXPLORACIÓ FÍSICA]]></name>
	<text><![CDATA[
URGENCIAS
Constantes. TA: 135 / 100 mmHg; i una FC de 150bpm; glicèmia capil·lar: 111 mg/dl
NIHSS  total:  21  (Vigil,  Anartria  (2+2+2),  DOC  D  (2)  HHI  (2)  PFSN  I  (2)  Hemipeljía  braquiocrural  (4+4)
hemihipoestesia (1) )
Informe d'alta d'hospitalització
UNIDAD ICTUS
Normotenso y afebril, SatO2 100% con GN 2Lmin
ACP: escasa colaboración. MVC, sin roncus ni sibilantes. MMII: no edemas.
Vigil (0), desviación oculocefálica derecha (2) comprende órdenes simples (0), afasia de predominio motor (2+2), disartria   grave   (2).   Hemianopsia   homonomia   izquierda   (2).   PFSN   I   (2),   paresia   braquiocrural  (3+3),
hemihipoestesia (1). NIHSS 19
	]]></text>
</Section>
<Section span_begin="2968" span_end="2993" id="SECCION_EXPLORACIONES_COMPLEMENTARIAS" type="INFORMACIÓN SOBRE PRUEBAS COMPLEMENTARIAS">
	<name><![CDATA[EXPLORACIÓ COMPLEMENTÀRIA]]></name>
	<text><![CDATA[
URGENCIAS
-	Analítica  urgencias:  Hb  14.4g/dl,  hematocrito  47.8%,  VCM  102.4fL.  Leucocitos  10210  (64.9%,  L27.7%), Plaquetas 265000. TP 73%, TTPA 30s. Glucosa 101mg/dl, Creatinina 1.61mg/dl. NA 137.8mmol/l, K 4.54 mmol/l
-	ECG:
-	TC multimodal: Estudi cranial multifàsic que mostra alteracions densitomètriques amb afectació de la ínsula, el nucli lenticular, la càpsula interna i una zona cortical M6 dretes (ASPECTS 6/10), amb oclusió proximal de M1 dreta i amb mismatch que afecta tot el territori d'ACM dreta amb discret augment del volum, probablement per col·lateralitat.
*	TC simple: Absència de signes de sagnat agut intra o extraaxial. Hipodensitat del còrtex insular, nucli lenticular, braç posterior de la càpsula interna i territori cortical superficial M6 drets. ASPECTS 6/10. Hipodensitats clapejades  en  substància  blanca  periventricular i  subcortical  en  relació  a  canvis  hipoxic-isquémics  crònics. Estructures de la línia mitjana centradas.
Sistema ventricular augmentat de mida, en proporció a l'eixamplament dels solcs de la convexitat. Cisternes de la base i perimesencefàliques lliures. Marc ossi sense alteracions.
*	AngioTC: S'observa oclusió proximal del tram M1 de l'ACM dreta sense pas de contrast en cap fase de l'estudi, amb ompliment distal dels vasos del territori d'ACM dreta per col·laterals. En el sistema vertebrobasilar s'observa dominància esquerra amb permeabilitat de tots los vasos. Sins venosos permeables.
*	TC perfusió: Allargament del temps (MTT) en tot el territori d'ACM dreta, amb disminució global del flux (CBF) i amb volum discertament augmentat (CBV), en relació a mismatch amb augment del volum probablment per col·laterals.
UNIDAD ICTUS
-	Analítica ingreso: hemoglobina 15.7g/dl, hematocrit 48.5%, leucocits 11390 (N72.9%, L20.6%), Plaquetes 275000. TP 80%, TTPA 31.6s, fibrinogen 4.89g/L. Glucosa 109mg/dl, HbA1c 6.8%. Creatinina 1.35mg/dl, urat 8.6mg/dl. NA 137.9mmol/l, K 4.77mmol/l. TSH 4.290mU/L
-	Hemocultivos [6/7/17]: en curso
	]]></text>
</Section>
<Section span_begin="5000" span_end="5016" id="SECCION_EVOLUCION" type="INFORMACIÓN SOBRE EVOLUCIÓN">
	<name><![CDATA[EVOLUCIÓ CLÍNICA]]></name>
	<text><![CDATA[
Paciente con clinica del despertar de síndrome completo de ACM derecha a las 6am, habiéndose ido a dormir asintomático a las 22h Es trasladado como código ictus desde Parets Del Vallès, conststando a su llegada NIHSS 23, tendencia a la hipertensión, normoglucemia. Se realiza TC craneal multimodal que muestra ASPECTS 6/10 con una oclusión de M1 derecha y area de penumbra en la TC perfusión. Se desestima TIV por inicio indeterminado y se comenta con guardia de Neurovascular (_SS_) desestimando TEV. Se incian medidas de ictus agudo e ingresa en la Unidad de ictus.
Informe d'alta d'hospitalització
Al ingreso en la unidad de ictus se mantiene normotenso, clínicamente estable, con ligera mejoría a nivel motor. Se inicia sedestación y rehabilitación en gimnasio. Ha iniciado tolerancia oral presentando disfagia. Ya que el estudio vascular con angioTC no muestra estenosis significativas y en el contexto de una FA de reciente diagnóstico sin tratamiento anticoagulante (revisando historia de primaria consta mala adherencia al tratamiento), se orienta como ictus isquémico en territorio ACM derecha de etiología cardioembólica. Se pospone tratamiento anticoagulante debido a la situación clínica del paciente así como extensión de infarto, por lo que recomendamos realizar TC control en la próxima semana.
Como incidencia la noche del 5/7 presenta fiebre de hasta 38ºC, sin focalidad infecciosa (signos de flebitis). Se han cursado hemocultivos, pendientes en el momento actual, se cambian vías periféricas y por la sospecha de posible broncoaspiración (dificultad para la deglución para textura puding) se inicia tratamiento con
amoxicilina-clavulánico iv 1g/8h. Durante el día se mantiene clínicamente estable y afebril, realiza RHB con buena tolerancia.
Ante la estabilidad clínica, el día 6/7/17 se procede a trasladarlo al centro de referencia (_SS_) para control evolutivo y continuar rehabilitación.
NIHSS al alta: 17 mRS al alta: 5
	]]></text>
</Section>
<Section span_begin="6971" span_end="6982" id="SECCION_DIAGNOSTICO_PRINCIPAL" type="DIAGNÓSTICO">
	<name><![CDATA[DIAGNÒSTICS]]></name>
	<text><![CDATA[
Ictus territorio ACM derecha de etiología cardioembólica Sdr febril en probable relación a broncoaspiración
	]]></text>
</Section>
<Section span_begin="7092" span_end="7127" id="SECCION_TRATAMIENTO_AL_ALTA" type="INFORMACIÓN SOBRE TRATAMIENTO">
	<name><![CDATA[TRACTAMENT I RECOMANACIONS A L'ALTA]]></name>
	<text><![CDATA[
Se adjunta
	]]></text>
</Section>
<Section span_begin="7140" span_end="7147" id="SECCION_CONTROL" type="INFORMACIÓN SOBRE TRATAMIENTO">
	<name><![CDATA[CONTROL]]></name>
	<text><![CDATA[
-	TC control en la próxima semana. Para valorar según evolución clínica introducir anticoagulación.
-	Control y seguimiento por Neurología de su centro de referencia.
DESTINACIÓ A L'ALTA:	HOSP. AGUTS/PSQ
Validat per: _NAME_	Col·legiat: _ID_
06.07.2017
Pàgina 1 de 3	]]></text>
</Section>
</ehr>