<?xml version='1.0' encoding='UTF-8'?>
<ehr id="388340034.utf8.txt">
<Section id="DEFAULT_HEADER" type="DEFAULT_HEADER" >
	<name>DEFAULT_HEADER</name>
	<text><![CDATA[
_LOCATION_) Telèfon _SS_  972 _CONTACT_
Telèfon IDI (Ressonància i TAC) _CONTACT_
Telèfon ICO _CONTACT_
Nº Història Clínica: _ID_
Cognoms, Nom: _NAME_
NºEpisodi: _ID_
CIP: _ID_
Sexe: Home
Data de Naixement: _DATE_   Edat: 65 Anys
NIF/DNI: _ID__NAME_, _NAME_, _NAME_, _NAME_.
Informe d'alta d'hospitalització
06:08:08
11.07.2017
_LOCATION_
_SS_ NEUROLOGIA
CP
ABS
Servei Data d'alta
_LOCATION_
_CONTACT_; _CONTACT_
DOMICIL/RES.SOC 05.07.2017
Adreça
Telèfon Procedència Data d'ingrés Atès per
	]]></text>
</Section>
<Section span_begin="493" span_end="507" id="SECCION_MOTIVO_DE_INGRESO" type="MOTIVO DEL INGRESO">
	<name><![CDATA[MOTIU D'INGRÉS]]></name>
	<text><![CDATA[
Ictus isquémico de ACM izquierda
	]]></text>
</Section>
<Section span_begin="542" span_end="553" id="SECCION_ANTECEDENTES" type="ANTECEDENTES">
	<name><![CDATA[ANTECEDENTS]]></name>
	<text><![CDATA[
PERSONALES
-No alergias medicamentosas conocidas
-Fumador de 10 cigarrillos/día. No refiere otros hábitos tóxicos
-Independiente para actividades básicas de la vida diaria. mRs: 2 (leve paresia izquierda, no conduce)
PATOLÓGICOS
-Hipertensión arterial sin tratamiento
-Dislipemia en tratamiento farmacológico
-Ictus isquémico ACM derecha, mecanismo embólico, etiología aterotrombótica, secundario a oclusión de arteria carótida comíun derecha y carótida interna ipsilateral, como secuelas leve paresia izquierda
-Glaucoma  neovascular  derecho,  IQx  hace  3  años,  intervención  infructuosa,  de  forma  residual  presenta amaurosis.
	]]></text>
</Section>
<Section span_begin="1192" span_end="1210" id="SECCION_TRATAMIENTO_HABITUAL" type="INFORMACIÓN SOBRE TRATAMIENTO">
	<name><![CDATA[MEDICACIÓ HABITUAL]]></name>
	<text><![CDATA[
-Adiro 100 mg/24hrs
-Simvastatina 40 mg/24hrs
-Azarga (Brinzolamida+timolol) 1/12hrs
-Dexametasona colirio 1/12hrs
	]]></text>
</Section>
<Section span_begin="1327" span_end="1340" id="SECCION_PROCESO_ACTUAL" type="INFORMACIÓN SOBRE LA HISTORIA ACTUAL">
	<name><![CDATA[PROCÉS ACTUAL]]></name>
	<text><![CDATA[
Paciente de 65 años, con los antecedentes descritos, refiere que último mes comienza con cuadro de caídas frecuentes secundarios a probables AITs de repetición en forma de hemiparesia y hemihipoestesia derechas, y finalmente día 04/07/2017 presenta cuadro de hemiparesia que ya no recupera, motivo por el que acude a _SS_, que contacta con Neurología de guardia en nuestro centro y se decide derivación para valoración.
En urgencias se objetiva leve hemiparesia derecha (NIHSS: 2), por lo que se realiza estudio eco-doppler que muestra oclusión arteria carótida común derecha, así como placa que condiciona estenosis crítica en arteria carótida interna izquierda, estudio muy complejo por cervicalgia de paciente (secundaria a caídas recientes).
Por tanto, se orienta caco como ictus isquémico ACM izquierda, etiología aterotrombótica, secundario a estenosis significativa de arteria carótida izquierda, y se decide ingreso en Unidad de Ictus de nuestro centro para vigilancia neurológica y valoración de tratamiento quirúrgico de estenosis carotídea sintomática.
	]]></text>
</Section>
<Section span_begin="2409" span_end="2426" id="SECCION_EXPLORACION_FISICA" type="INFORMACIÓN SOBRE LA EXPLORACIÓN FÍSICA">
	<name><![CDATA[EXPLORACIÓ FÍSICA]]></name>
	<text><![CDATA[
Informe d'alta d'hospitalització
	]]></text>
</Section>
<Section span_begin="2466" span_end="2488" id="SECCION_EXPLORACION_FISICA_DURANTE_HOSPITALIZACION" type="INFORMACIÓN SOBRE LA EXPLORACIÓN FÍSICA">
	<name><![CDATA[EXPLORACIÓN AL INGRESO]]></name>
	<text><![CDATA[
:
Neurol: a su llegada leve hemiparesia dcha con NIHSS de 2 por EEDD. Tras el doppler NIHSS 1 por ESD unicamente. Resto OK excepto or amaurosis dcha antigua. NO detecto paresia izda residual
	]]></text>
</Section>
<Section span_begin="2680" span_end="2705" id="SECCION_EXPLORACIONES_COMPLEMENTARIAS" type="INFORMACIÓN SOBRE PRUEBAS COMPLEMENTARIAS">
	<name><![CDATA[EXPLORACIÓ COMPLEMENTÀRIA]]></name>
	<text><![CDATA[
ECG:
-Ritmo sinusal a 79 lpm, no se observa morfología de bloqueo ni alteraciones de la repolarización
ANALÍTICAS:
-AS: Eritrosedimentació 1º hora * 32 mm, Hb 14.2 g/dL, Plaqu 238 K/mcL, Leuc 8.69 K/mcL (N: 64.7 %, L:  22.7
%), Tasa protrombina 92 %, INR 1.12, Gluc 98 mg/dL, Ur 40 mg/dL, Crea0.62 mg/dL, Colesterol 131 mg/dL, Colesterol HDL 60 mg/dL, Colesterol LDL 44 mg/dL, Triglicèrid 136 mg/dL, Ió sodi 140 mEqu/L, Ió potasi 4.3 mEqu/L, Filtrat glomerular (CKD-EPI) 104.1 mL/min, TnT: 7 ng/L
-AS (06/07/2017): Hemoglobina A1c (DCCT/NGSP) 5.6
PRUEBAS DE IMAGEN:
-Rx de tórax: Rx AP de tórax, poco inspirada, bien penetrada, parcialmente rotada. No se observan aumentos de densidad compatibles con condensación ni pinzamiento de senos costofrénicos. ICT dentro de normalidad.
-Estudio ultrasonológico (ingreso): DTSA /DTC: muy complejo per ansiedad de paciente y cervicalgia. Tras 45 minutos: ateromatosis muy severa con oclusion ACC dcha persistente, flujo permeable en ACE dcha (?). Placas de grandes dimensiones en ACI Izda en sui salida con velocidad sitolioca máxima de hasta 250 cm/seg en un solo punto, permeable posterior pero clara caida del flujo (normal hace 3 años). Estudi TC: flujo amortiguado ambas ACMs, no valido para valorar inversion de flujo
-Estudio ultrasonológico (control 05/07/2017): DTSA: Lado derecho: oclusión de ACC desde origen, con contenido ateromatoso crónico iso-hiperecoico, produciendo también oclusión de ACI derecha. ACExt derecha con ateromatosis, se rellena probablemente por colaterales, presenta flujo con morfología pulsátil.
AV derecha con hiperaflujo: VPS 124 cm/seg.
Lado izquierdo: ateromatosis muy importante con placa concéntrica a lo largo de todo el segmento insonado de ACC incluyendo bulbo y tanto ACExt como ACI, con engrosamientos en diferentes puntos condicionando a mayores placa excéntricas, todas de aspecto crónico con componente cálcico. Tanto ACext como ACI presentan una reducción importante de la luz del vaso. En ACI no consigo insonar un punto de máxima estenosis, si bien, el flujo posterior es reducido con VPS 52 cm/seg y morfología redondeada.
AV izq morfología pulsátil y con hiperaflujo: VPS 104 cm/seg.
DTC: Lado derecho: ACM dcha: morfología de curva amortiguada: M1 VPS 31 cm/seg y VDF 18 cm/seg. M2 VPS 48 cm/seg. ACA ortodrómica con curva muy amortiguada VPS 25 cm/seg. Flow diversion de ACP: P1 VPS 89 cm/seg. P2 VPS 93 cm/seg. Detecto un flujo invertido de hasta VPPs 158 cm/seg en la zona que debe corresponder a ACoP derecha (podría deberse por curvatura del vaso).
Lado izquierdo: ACM izq: morfología espectral amortiguada si bien con mejores flujos que su contralateral: M1 VPS 55 cm/seg y VDF 28 cm/seg. M2 VPs 64 cm/seg. ACA ortodrómica con curva también amortiguada VPS 48 cm/seg. Detecto soplo a nivel de ACoA, pero no me impresiona de funcionante. ACoP con soplo rugoso pero flujo
Informe d'alta d'hospitalització
muy bueno de VPS 120 cm/seg y VDF 74 cm/seg. SEgmento P1 VPS 47 cm/seg y P2 VPS 51 cm/seg.
Ventana suboccipital: ambos segmentos simétricos y con cierto hiperaflujo (como a nivel cervical). AB insonada hasta 83 mm de profundidad con VPs 70 cm/seg.
-TC craneal (_SS_): Cisternes de la base lliures, Estructures de la línia mitjana centrades. Sistema ventricular de situació, morfologia i dimensions normals. Parènquima cerebral, cervellet i tronc de l'encèfal amb una correcta diferenciació entre lasubstància blanca i grisa, sense imatges d'hemorràgia aguda ni àrees d'edema ni processos expansius. Àrees hipodenses parietals dretes superiors còrticosubcorticals compatibles amb lesions isquèmiques antigües. Abscència de col·leccions extraaxials
Conclusió : Lesions isquèmiques antigües parietals dretes
-RM + angio-RM (06/07/2017): Oclusión de carótida común y interna derecha. Estenosis de aprox.80% de ACI izquierda con marcada disminución del flujo de ACI distal y de ACM ipsilateral. Dado que la calidad de la angioRM es subóptima se ampliara con angioTC.
Infarto subagudo-agudo en territorio frontera interno y de ACM izquierda. Infarto crónico en territorio ACM derecha. Marcados signos de hipoperfusión crónica, grado 3 de Fazekas.
-Angio-TC (07/07/2017): Oclusión de carótida común y interna derecha.
Estenosis de aprox.80% de ACI izquierda con permeabilidad distal, siendo la ACM permeable sin estenosis significativas. segmento cavernoso de ACI derecha y ACM derecha permeables de flujo discretamente mas filiforme pero sin estenosis significativa. Estenosis 50% origen de la vertebral derecha, con estenosis focales no significativas en el resto de segmentos. Resto de sistema VB y basilar permeables.
	]]></text>
</Section>
<Section span_begin="7342" span_end="7358" id="SECCION_EVOLUCION" type="INFORMACIÓN SOBRE EVOLUCIÓN">
	<name><![CDATA[EVOLUCIÓ CLÍNICA]]></name>
	<text><![CDATA[
Paciente hemodinámicamente estable y afebril a su llegada a Unidad de Ictus de nuestro centro, se objetiva ritmo sinusal, sin alteraciones de la repolarización ni otras alteraciones, que mantiene durante resto de registro ECG durante su estancia en Unidad.
Se decide repetir estudio ultrasonológico que confirma oclusión de arteria carótida común e interna derecha y estenosis significativa de carótida interna izquierda, por lo que se decide realizar RM+angio-RM y angio-TC que confirman hallazgos descritos, con una estenosis de aproximadamente 80 % a nivel de carótida interna izquierda, con ACM ipsilateral permeable, así como estenosis 50% en origen de arteria vertebral derecha.
Por tanto, se orienta el caso como ictus isquémico de ACM izquierda, mecanismo embólico, etiología aterotrombótica, secundario a estenosis de ACI izquierda, y se decide realizar IQx TEA día 12/07/2017.
Como complicaciones durante el ingreso presenta un sindrome confusional por el que se adminsitra haloperidol con el que inicia rigidez de las 4 extremidades por lo que el dia 10/07 se retira. Se inicia quetiapina y trazodona que es bien tolerada.
Informe d'alta d'hospitalització
El dia 11/07 presenta un empeoramiento neurológico. Última hora vista asimptomático a las 23.30h. Es revalorado por enfermería a las 3.40h y se detecta clínica de ictus completo del territorio anterior izquierdo con afàsia global, desviación oculocefálica a la izquierda, hemiplejia braquiocrural derecha. NIHSS (12222/104030/00300: 20).
Glicemia normal (118mg/dl, TA 98/57mmHg, afebril, sat amb UN a 2L 97%). A las 4.50h se realiza TC simple que muestra lesion ACM derecha crónica, lesión frontera ACA+ACM izquierda subaguda, sin lesiones agudas. El angioTC que muestra oclusión ACI izquierda (previo angioTC 7/7 con estenosis del 80%). Se administra sueroterapia consiguiendo TA a 120/70mmHg sin mejoría clínica.
Se contacta con _SS_  a las 5.30h y se decide traslado para valoración de trombectomia mecánica. Se contacta con la sobrina del paciente y se le explica la situación, recomendándole que acuda directamente a _SS_.
Se mantiene estable hasta el traslado.
	]]></text>
</Section>
<Section span_begin="9505" span_end="9516" id="SECCION_DIAGNOSTICO_PRINCIPAL" type="DIAGNÓSTICO">
	<name><![CDATA[DIAGNÒSTICS]]></name>
	<text><![CDATA[
436/5 Ictus
401.9 Hipertensió essencial inespecificada 272.4/1 Dislipemia
365.9 Glaucoma inespecificat
DESTINACIÓ A L'ALTA:	HOSP. AGUTS/PSQ
Validat per: _NAME_	Col·legiat: _ID_
11.07.2017
Pàgina 1 de 4	]]></text>
</Section>
</ehr>