<?xml version='1.0' encoding='UTF-8'?>
<ehr id="388559448.utf8.txt">
<Section id="DEFAULT_HEADER" type="DEFAULT_HEADER" >
	<name>DEFAULT_HEADER</name>
	<text><![CDATA[
Informe d'Alta Hospitalària	Cognoms i nom:
_NAME_	NHC:
_ID_
	ABS:
_SS_	CIP:
_ID_	DNI:
_ID_
	Data de naixement:
_DATE_	Sexe:
Dona	Edat:
58a	Telèfon:
_CONTACT_
	Finançament:
CatSalut - _LOCATION_	Procedència:
URGÈNCIES
	Admissió:
05.07.2017 - 14:44	Servei:
NEUROLOGIA HOSP	Data entrada urg.:
04.07.2017 - 11:06
Adreça:
_LOCATION_	Població:
_LOCATION_	Codi Postal:
_LOCATION_
	]]></text>
</Section>
<Section span_begin="381" span_end="398" id="SECCION_MOTIVO_DE_INGRESO" type="MOTIVO DEL INGRESO">
	<name><![CDATA[MOTIVO DE INGRESO]]></name>
	<text><![CDATA[
Ictus isquémico
	]]></text>
</Section>
<Section span_begin="417" span_end="441" id="SECCION_ANTECEDENTES" type="ANTECEDENTES">
	<name><![CDATA[ANTECEDENTES PATOLÓGICOS]]></name>
	<text><![CDATA[
-	No AMC.
-	Hábitos tóxicos: fumadora de 1paquete al día. Enolismo esporádico.
-	FRCV:	HTA  desde  de  la  juventud   en  tto  con  Lisinopril,	suspendido   por  decisión  propia.
Hipercolesterolemia sin tratamiento.
-	Niega cardio-neumo-nefropatías conocidas.
-	2 abortos: uno voluntario y el otro cuando estaba embarazada de gemelos (perdió uno a los 4 meses de gestación, con 32 años).
-	No TVP.
-	Episodios de cefaleas desde los 40 años: los describe como de localización occipital, bilateral, pulsátil, sin aura, que normalmente no le interrumpen su vida diaria pero a veces le han provocado fotofobia. Su madre y su hermano tienen migraña.
-	AF:Padre con trombo en extremidad inferior entre los 60-65 años
	]]></text>
</Section>
<Section span_begin="1155" span_end="1175" id="SECCION_TRATAMIENTO_HABITUAL" type="INFORMACIÓN SOBRE TRATAMIENTO">
	<name><![CDATA[Tratamiento habitual]]></name>
	<text><![CDATA[
 (06/07/17): tiene pautado lisinopril 5mg/día que no toma.
	]]></text>
</Section>
<Section span_begin="1235" span_end="1259" id="SECCION_SITUACION_FUNCIONAL" type="ANTECEDENTES">
	<name><![CDATA[Situación sociofuncional]]></name>
	<text><![CDATA[
: Autónoma para las ABVD. FFSS conservadas. mRs=0. Vive con su hija y su madre (87 años con deterioro cognitivo y cierta dependencia). Actualmente en paro. Trabajaba como administrativa.
	]]></text>
</Section>
<Section span_begin="1447" span_end="1464" id="SECCION_PROCESO_ACTUAL" type="INFORMACIÓN SOBRE LA HISTORIA ACTUAL">
	<name><![CDATA[ENFERMEDAD ACTUAL]]></name>
	<text><![CDATA[
Mujer de 58a con AP de tabaquismo, HTA con tratamiento irregular y DLP que hoy día 04.07.2017 baja a tomar café y mientras se encuentra en el mismo, sobre las 10:30 horas, presenta clínica de pérdida de fuerza en ESD y en EID, así como desviación de la comisura bucal, y dificultad para hablar, sin alteración de conciencia ni de la comprensión o evocación del lenguaje, por lo que el personal del bar avisa a los servicios sanitarios, quienes activan código ictus extrahospitalario. Llegada a UCIAs a las 11:06 h. Además, también refiere que las 2 últimas semanas había tenido 4 episodios vertiginosos mientras andaba, con sensación de rotación de objetos, de 1 minuto de duración, y que nunca antes le había pasado.
	]]></text>
</Section>
<Section span_begin="2184" span_end="2202" id="SECCION_EXPLORACION_FISICA" type="INFORMACIÓN SOBRE LA EXPLORACIÓN FÍSICA">
	<name><![CDATA[EXPLORACIÓN FÍSICA]]></name>
	<text><![CDATA[
- Exploración física en Urgencias (04/07/17):
-	Global: hemodinámicamente estable y afebril. Constantes: TA 159/81, FC 80x, FR 19x, SatO2 97% al aire, Tª 36,3.
-	Neurológica: Vigil. Orientada. Lenguaje normal. Disartria moderada. No agnosias.
PPCC: MOES normales, nistagmus horizontal de predominio en mirada a la derecha, no ptosis, pupilas isocóricas. paresia facial central moderada derecha, resto normal.
Hemiparesia braquiocrural derecha (B 4/5, C 3/5). Hipostesia braquicrural derecha algésica y tactil. Dismetría proporcionada a la paresia
RCP extensor derecho
NIHSS=0.0.0.0.0.2.0.1.0.2.0.1.0.1.0=7
-	Exploración física en Unidad de Ictus (06/07/17):
-	Global: hemodinámicamente estable con tendencia a la hipertensión en decúbito y normotensión en sedestación y afebril. ACR: tonos rítmicos sin soplos audibles. MVC sin ruidos patológicos sobreañadidos. Constantes: TA 122/68 (sedestación), FC 81x, FR 24x, Sat O2 95% al aire.
-	Telemetría: ritmo sinusal sin eventos arrítmicos.
-	Neurológica: consciente y orientada. Obedece órdenes simples y complejas. Lenguaje con disartria leve sin rasgos afásicos (comprende, repite y nomina). No agnosias. Campimetría por confrontación normal. MOES sin restricciones, con nistagmus horizontal no agotable de predominio en mirada a la derecha, y ligero nistagmus vertical con la supraversión de la mirada. Alteración de los movimientos sacádicos. Paresia facial central derecha y resto de PPCC sin alteraciones. Hemiparesia braquiocrural derecha (B 4/5, C 4/5) donde destaca debilidad de la mano derecha. Miller-Fisher asimétrico derecho. Resto de extremidades sin alteraciones. Sensibilidad conservada en las 4 extremidades. RMP presentes y simétricos. Babinski derecho y RCP flexor izquierdo. No dismetrías ni extinciones.
NIHSS: 0.0.0.0.0/2(0.1)(0.1)/0.0.0.1.0= 5
- Exploración física al alta (12/07/17):
Vigíl, orientada en tiempo, espacio y persona, lenguaje conservado, no disartria, campimetría por confrontación normal, MOEs sin limitaciones, no paresai facial, resto PPCC conservados, leve paresia braquial distal que no puntúa en NIHSS, asimetría en el miller-fisher (peor derecho), fuerza conservada en EEII, sensibilidad conservada en todas las modalidades, leve dismetría de EE derechas proporcional a la paresia.
NIHSS = 0.0.0.0.0/0(0.0)(0.0)/0.0.0.0.0= 0
	]]></text>
</Section>
<Section span_begin="4525" span_end="4554" id="SECCION_EXPLORACIONES_COMPLEMENTARIAS" type="INFORMACIÓN SOBRE PRUEBAS COMPLEMENTARIAS">
	<name><![CDATA[EXPLORACIONES COMPLEMENTARIAS]]></name>
	<text><![CDATA[
- ECG: Ritmo sinusal, eje 60º, sin alteraciones agudas repolarización.
-Rx tórax: destaca calcificación del botón aórtico y ligero ensanchamiento hiliar. No se observan condensaciones.
-	Analítica de Urgencias (04/07/17): Sin alteraciones relevantes. A destacar glucosa de 120, Hb de 143, resto de hemograma y coagulación correctos.
-	Analítica de estudio (06/07/17): Ionograma, función renal, proteínas y albúmina normal. Electreoforesis de proteínas normal. Colesterol total de 239 con LDL de 171 y HDL de 40. TSH de 3.61. HbA1c de 5.2%. Resto hemograma y coagulación normales. Pendiente Lipoproteina A,  Homocisteina, anticardiolipina, antifosfolipidos, y complemento
-	TAC craneal de Urgencias: Se identifican múltiples lesiones de aspecto lacunar crónico en sustancia blanca periventricular bilateral , lenticular izquierdo y en el tálamo derecho. No se observa hiperdensidad vascular en ACM ni en territorio vertebro-basilar. ASPECTS 10.
-	Angio TAC (TSA e intracraneal) de Urgencias: a destacar Imagen sugestiva de mínimo aneurisma sacular (3mm) adyacente a la salida de la arteria cerebelosa superior D. Resto sin alteraciones.
-	TAC perfusión de Urgencias: El estudio de perfusión muestra un leve aumento del TTM en territorio profundo de la ACM I con ligero aumento del volumen.
-	EEG (04/07/17): hallazgos dentro de la normalidad
-	TAC craneal 24h (05/07/17): En comparación con el estudio TC previo, no se observan lesiones isquémicas establecidas ni hemorragias intracraneales. Resto del estudio sin nuevos hallazgos.
-	Ecocardio TT: Ventrículo izquierdo no dilatado con ligera hipertrofia parietal. Función sistólica global y segmentaría conservadas. Patrón de alteración de la relajación ventricular. Raíz aórtica no dilatadas. Válvula aórtica tricúspide con engrosamiento de sigmoideas, sin insuficiencia ni estenosis (esclerosis aórtica). Anillo mitral posterior calcificado. Válvula mitral de velos ligeramente engrosados, con ligera rergurgitación. Aurícula izquierda ligeramente dilatada. Aneurisma del septo interauricular con abombamiento hacia aurícula derecha. Ventrículo derecho no dilatado, con acortamiento longitudinal en el límite inferior de la normalidad. No se registra señal de insuficiencia tricuspídea que permita estimar la presión pulmonar. Vena cava inferior no dilatada. Ausencia de derrame pericárdico. Tras la administración de suero fisiológico agitado y maniobras de Valsalva, no se observa dilatación paso de burbujas de aurícula derecha a izquierda, con lo que se descarta FOP.
- RMN cerebral (07/07/17): Estudio RM craneal que muestra un infarto subagudo pontino paramedial izquierdo sin hallazgos angiográficos concluyentes, con permeabilidad VB. Infartos lacunares crónicos y focos aislados de microsangrado. Pequeño aneurisma sacular adyacente al origen de ACS derecha.
	]]></text>
</Section>
<Section span_begin="7377" span_end="7386" id="SECCION_EVOLUCION" type="INFORMACIÓN SOBRE EVOLUCIÓN">
	<name><![CDATA[EVOLUCIÓN]]></name>
	<text><![CDATA[
A su llegada presenta un síndrome sensitivo-motor derecho (NIHSS = 7). Se realiza TC craneal en el que no se aprecian signos incipientes de isquemia. El AngioTC no muestra ocluisón o estenosis extra o intracraneal. Al cumplir criterios clínicos y radiológicos y ante la ausencia de contraindicaciones, se realiza tratamiento trombolítico intravenoso (bolus 5,8cc a las 11:22; perfusión 52,7cc; TA prebolus 176/71). No es tributaria de TEV por ausencia de oclusión de gran vaso. Tras el tratamiento trombolítico, presenta varios episodios de empeoramiento de la disartria y de la paresia facial derecha, junto con sensación de "dificultad para respirar". En uno de los episodios presenta movimientos invountarios (lentos, no rítmicos) de la pierna derecha (refiere que no puede controlar el brazo ni la pierna). Según su familia, previamente parecía que se quedaba "ausente", sin poder hablar. Ella refiere que no ha perdido el conocimiento en ningún momento. Entre episodios y episodios permanece asintomática hasta que finalmente, después de 15 horas presentando estas fluctuaciones, queda instaurado el déficit motor. Se realiza un EEG que no muestra actividad epileptiforme, motivo por el cual se descarta origen comicial y un TAC de control que no muestra alteraciones respecto al previo. Se orienta como probable síndrome de alarma capsular y se decide ingreso en Unidad de Ictus.
En la Unidad la paciente permanece hemodinámicamente estable con tendencia a la hipertensión en decúbito, que se normaliza en sedestación. Se realiza el test de disfagia sin alteraciones y se decide iniciar dieta oral. Para completar el estudio etiológico, se solicita una RMN cerebral, una analítica completa de estudio y un ecocardiograma transtorácico y se hace una interconsulta para comenzar rehabilitación.
A nivel neurológico, en la Unidad la paciente presenta mejora de su disartria, pasando de moderada a leve y de la paresia crural derecha que mejora a 4/5.
Ingresa en planta de neurología el 9/7/17 clínicamente estable con un NIHSS 0.0.0.0.0/0.0.0.1.0/0.0.0.0.0 =
1.	En espera de realizarse ecocardiograma transtorácico. Se mantiene tratamiento médico sin terapia antihipertensiva por cifras tensionales normales a bajas. El día 12/07 se  realiza ecocardiografía que no muestra alteraciones relevantes.
Dada  la  estabilidad clínica  y  tras  haberse completado  el  estudio etiológico de  ictus  isquémico  en  el momento actual, se decide dar de alta a la paciente con las recomendaciones indicadas.
Al alta, NIHSS 0, mRS 1.
	]]></text>
</Section>
<Section span_begin="9914" span_end="9928" id="SECCION_PROCEDIMIENTOS" type="PROCEDIMIENTO">
	<name><![CDATA[PROCEDIMIENTOS]]></name>
	<text><![CDATA[
-	ECG.
-	Rx tórax.
-	Analítica urgencias y estudio.
-	TC cerebral / angio-TAC / TAC- perfusión.
-	TC cerebral control.
-	EEG.
-	RMN.
-	Ecocardiograma transtorácico.
	]]></text>
</Section>
<Section span_begin="10096" span_end="10108" id="SECCION_DIAGNOSTICO_PRINCIPAL" type="DIAGNÓSTICO">
	<name><![CDATA[DIAGNÓSTICOS]]></name>
	<text><![CDATA[
-	Ictus isquémico en territorio pontino paramedial izquierdo de etiología indeterminada.
-	Infartos lacunares crónicos asintomáticos.
-	HTA .
-	DLP.
-	Tabaquismo.
	]]></text>
</Section>
<Section span_begin="10274" span_end="10297" id="SECCION_RECOMENDACIONES" type="INFORMACIÓN SOBRE TRATAMIENTO">
	<name><![CDATA[RECOMENDACIONES AL ALTA]]></name>
	<text><![CDATA[
	]]></text>
</Section>
<Section span_begin="10299" span_end="10317" id="SECCION_TRATAMIENTO_AL_ALTA" type="INFORMACIÓN SOBRE TRATAMIENTO">
	<name><![CDATA[Medicación al alta]]></name>
	<text><![CDATA[
:
-	AAS 300 mg/día por la mañana.
-	Atorvastatina 80 mg/día a las 20h.
-	Omeprazol 20 mg/día por la mañana.
-	A valorar reintroducir lisinopril en función de tensiones en domicilio (durante el ingreso se ha mantenido con TA por debajo de 130/80 sin necesidad de tratamiento).
	]]></text>
</Section>
<Section span_begin="10595" span_end="10620" id="SECCION_RECOMENDACIONES" type="INFORMACIÓN SOBRE TRATAMIENTO">
	<name><![CDATA[Recomendaciones generales]]></name>
	<text><![CDATA[
1.	Tratamiento de la hipertensión arterial, manteniendo cifras por debajo de 140/90; en caso de ser diabético, cifras por debajo de 130/85.
2.	Abandono completo del hábito tabáquico.
3.	Control y tratamiento de las enfermedades cardiacas (cardiopatía isquémica, insuficiencia cardiaca, arritmias y valvulopatías).
4.	Evitar consumo excesivo de alcohol (se permite una o dos bebidas al día).
5.	Vigilancia y tratamiento del perfil lipídico:
Dieta pobre en grasas, actividad física apropiada.
Tratamiento farmacológico si precisa para mantener niveles de LDL<100mg/dl.
6.	Control de la glucemia, que debe ser <126mg/dl en ayunas, con dieta, antidiabéticos orales o insulina si precisa.
7.	Realizar actividad física, 30 a 60 minutos, de tres a cuatro veces a la semana.
8.	Continuar el tratamiento antiagregante o anticoagulante a las dosis recomendadas, siguiendo los controles necesarios.
Visita en Terapia Ocupacional según cita adjunta.
Control en Neurologia y Rehabilitación según cita adjunta.
Control de los factores de riesgo vascular por parte su médico de cabecera.
Responsable clínic: Dr. _NAME_ (NºCol. _ID_)
Equip mèdic: _NAME_ (NºCol. _ID_), Dr. _NAME_ (NºCol. _ID_)
Servei que ha donat d'alta:
NEURO - UNITAT ICTUS HOSP	Data d'alta:
12.07.2017	Nom del metge que informa de l'alta:
Dr. _NAME_ (NºCol. _ID_)
_LOCATION_, 12.07.2017
Pàg. 1 de   5	]]></text>
</Section>
</ehr>