<?xml version='1.0' encoding='UTF-8'?>
<ehr id="389184376.utf8.txt">
<Section id="DEFAULT_HEADER" type="DEFAULT_HEADER" >
	<name>DEFAULT_HEADER</name>
	<text><![CDATA[
_LOCATION_
_LOCATION_) Anul·lació/Reprogramació visites:_CONTACT_
Telèfon Centraleta: _CONTACT_
Nº Història Clínica: _ID_
Cognoms, Nom: _NAME_
NºEpisodi: _ID_
CIP: _ID_
Sexe: Dona
Data de Naixement: _DATE_   Edat: 77 Anys
NIF/DNI: _ID__NAME_; _NAME_
Informe d'alta d'hospitalització
13:49:34
NEUROLOGIA
14.07.2017
_LOCATION_
CP
ABS
Servei Data d'alta
_LOCATION_
_CONTACT_; _CONTACT_
DOMICIL/RES.SOC 08.07.2017
Adreça
Telèfon Procedència Data d'ingrés Atès per
	]]></text>
</Section>
<Section span_begin="463" span_end="477" id="SECCION_MOTIVO_DE_INGRESO" type="MOTIVO DEL INGRESO">
	<name><![CDATA[MOTIU D'INGRÉS]]></name>
	<text><![CDATA[
AITs de repetición.
	]]></text>
</Section>
<Section span_begin="499" span_end="510" id="SECCION_ANTECEDENTES" type="ANTECEDENTES">
	<name><![CDATA[ANTECEDENTS]]></name>
	<text><![CDATA[
-	No AMC
-	Niega hábitos tóxicos
-	HTA y DM tipo 2 (ADOs) en tto. No DLP.
-	No cardioneumopatías conocidas
-	Poliomielitis en la infancia con asimetría EEII.
-	Sd ansioso-depresivo con intento autoliticos
Intervenciones quirúrgicas: apendicectomía, protesis rodilla izquierda, STC bilateral.
	]]></text>
</Section>
<Section span_begin="803" span_end="818" id="SECCION_SITUACION_FUNCIONAL" type="ANTECEDENTES">
	<name><![CDATA[Situación basal]]></name>
	<text><![CDATA[
: independiente  ABVD, deambulación con carrito por seguridad, vive con esposo, no deterioro cognitivo conocido. mRankin 2.
	]]></text>
</Section>
<Section span_begin="943" span_end="961" id="SECCION_TRATAMIENTO_HABITUAL" type="INFORMACIÓN SOBRE TRATAMIENTO">
	<name><![CDATA[MEDICACIÓ HABITUAL]]></name>
	<text><![CDATA[
-	Duloxetina 60mg según pauta
-	Hidroclorotiazida 50mg/24h
-	Lorazepam 1mg según pauta
-	Metformina 580mg/24h
-	Paracetamol 1g/8h
	]]></text>
</Section>
<Section span_begin="1093" span_end="1106" id="SECCION_PROCESO_ACTUAL" type="INFORMACIÓN SOBRE LA HISTORIA ACTUAL">
	<name><![CDATA[PROCÉS ACTUAL]]></name>
	<text><![CDATA[
Paciente de 77años que el 8/7 se levanta asintomática, a las 7.30h aproximadamente mientras planchaba de pie presenta debilidad ambas EESS y vértigo sin rotación de objetos, seguida de pérdida de conocimiento (la paciente se despierta en el suelo y no recuerda), sin prodromos previos ni dolor torácico o palpitaciones. Es encontrada por marido en el suelo tras ladrar el perro, con alteración del habla/lenguaje e hipofonia. La paciente niega diplopia, debilidad EEII. Se avisa al SEM. La paciente refiere que el 6/7 presentó episodio autolimitado de 1 hora de duración estando sentada de debilidad EESS con REG y vértigo sin otra focalidad por la que acudió a la farmacia con medida TA normal, no consulta en hospital. A la llegada del SEM TA 1866/92 mmHg, FC 73 lpm, SatO2 98%, afebril, DTX 178. Se deriva a _SS_ a las 09.18h, TA 154/74 mmHg, FC 89 lpm, afebril,m DTX 178. NRL según informe normal, no valorado nistagmus ni romberg. Analítica sin alteraciones. ECG: ritmo sinusal a 64 lpm, ain alteraciones en la repolarización. Rx torax: normal. Estando en urgencias la familia avisa por disartria y lateralización a la derecha con debilidad ESD (no plejia), objetivándose en la exploración según informe "afasia y hemiplejia derecha", TA 140/80 mmHg, FC 62 lpm,. Se contacta con NRL _SS_ y se deriva como código ictus, a las 11.35h. Llega al _SS_ a las 12.36h, se realiza TC craneal y angioTC a las 12.53h, y se contacta con NRL _SS_ a las 13.08h.
A la valoración por Neurología TA 141/92 mmHg, FC 74 lpm, DTX 118, Coagulchek 0.9. NRL consciente, orientada en TEP, habla y lenguaje conservados, cumple órdenes simples y complejas, campimetría por confrontación conservados, PICNR, MOEs conservados, sin nistagmus ni diplopia, PFSN izquierda leve (1), úvula desviada a la izquierda con paladar izquierdo caído, sin desviación lingual, sin deficit motor ni sensitivo, sin
Informe d'alta d'hospitalització
dismetría dedo-nariz ni talón-rodilla, RCP flexor bilateral. NIHSS 1. A la revaloración a las 17.30h, la paciente presenta persistencia de PFSN izq leve con leve desviación a la izquierda úvula, sin paladar caído, resto normal.
Durante su estancia en urgenicas avisan por nuevo episodio de disartria y paresia de la extremidad superior derecha. A la valoración por médicos de urgenicas objetivan únicamente paresia 5-/5 de la ESD, que posteriormente se normaliza.
Como pruebas complementarias se realizan TC craneal y angioTC craneal, sin evidencia de isquemia aguda/subaguda (ASPECTS 10). Se observra una opacificación filiforme del segmento M1 de la ACM izquierda, que coincide con placa ateromatosa parcialmente calcificada visualizada en TC sin contraste, con ramas distales de la ACM izquierda permeables. En la analítica destaca alcalosis metabólica pH 7.45, BIC 32, EB 6.2, Hb 153g/l, siendo el resto normal. Radiografía de tórax sin hallazgos relevantes, ECG en ritmo sinusal sin alteraciones de la repolarización.
Se orienta como ictus vertebrobasilar fluctuante. No se realiza trombolisis por tiempo de evolución, no se realiza trombectomía por ausencia de oclusión. Iniciamos antiagregación AAS 300mg. Ingresa en Neurología.
	]]></text>
</Section>
<Section span_begin="4259" span_end="4276" id="SECCION_EXPLORACION_FISICA" type="INFORMACIÓN SOBRE LA EXPLORACIÓN FÍSICA">
	<name><![CDATA[EXPLORACIÓ FÍSICA]]></name>
	<text><![CDATA[
FC	68 bpm Tªaxi  ºC
FR	rpm Tªrec  ºC
TA s	138 mmHg SAT O2  %
TA d   63 mmHg Pes Kg
NRL: buen estado general, responde mes y edad, obedece órdenes simples y compejas, PICNR, MOEs conservados, campimetría por confrontación normal, lenguaje conservado (nomina, repite, evoca), no asimetría facial, no déficits motores ni sensitivos, no dismetría D-N ni T-R, RCP flexor bilateral. NIHSS 0.
AC: tonos cardiacos rítmicos, sin soplos. No semiología de insuficienica cardiaca, pulsos periféricos presentes. AR: MVC sin ruidos sobreañadidos, eupneica.
Abdomen: blando y depresible, no doloroso a la palpación, no se palpan masas ni megalias, ruidos peristálticos presentes.
	]]></text>
</Section>
<Section span_begin="4946" span_end="4971" id="SECCION_EXPLORACIONES_COMPLEMENTARIAS" type="INFORMACIÓN SOBRE PRUEBAS COMPLEMENTARIAS">
	<name><![CDATA[EXPLORACIÓ COMPLEMENTÀRIA]]></name>
	<text><![CDATA[
	]]></text>
</Section>
<Section span_begin="4972" span_end="5014" id="SECCION_EXPLORACIONES_COMPLEMENTARIAS_EN_URGENCIAS" type="INFORMACIÓN SOBRE PRUEBAS COMPLEMENTARIAS">
	<name><![CDATA[EXPLORACIONES COMPLEMENTARIAS EN URGENCIAS]]></name>
	<text><![CDATA[
-TC craneal y angioTC craneal: No se observa desdiferenciación del parénquima cerebral sugestiva isquemia aguda/subaguda (ASPECTS 10). Opacificación filiforme del segmento M1 de la ACM izquierda, que coincide con placa ateromatosa parcialmente calcificada visualizada en TC sin contraste, con ramas distales de la  ACM izquierda permeables.
-Analítica: alcalosis metabólica pH 7.45, BIC 32, EB 6.2, retso normal. Hb 153g/l, resto normal.
-Rx torax: sin cardiomegalia, aumento hiliar derecho, senos costofrénicos libres, sin clara condensacion parenquimatosa.
-ECG ritmo sinusal a 66 lpm, QRS estrecho sin alteraciones en la repolarzación.
	]]></text>
</Section>
<Section span_begin="5655" span_end="5708" id="SECCION_EXPLORACIONES_COMPLEMENTARIAS_EN_PLANTA_DE_NEUROLOGIA" type="INFORMACIÓN SOBRE PRUEBAS COMPLEMENTARIAS">
	<name><![CDATA[EXPLORACIONES COMPLEMENTARIAS EN PLANTA DE NEUROLOGÍA]]></name>
	<text><![CDATA[
:
-Analítica de ingreso: hemograma y coagulación normales, función renal (urea, creatinina, FG) normal, perfil hepático (ALT, AST, GGT, FA) normal, perfil lipídico alterado: colesterol elevado de 6.24mmol/L (LDL 4.49mmol/L), perfil glucídico alterado (HbA1c 6.4%, glucosa 7.6mmol/L), función tiroidea normal. Proteinograma pendiente.
-Serologías: VHB, VHC, VIH, lúes negativas.
- RMN cerebral : Lesión puntiforme precentral corticosubcortical izquierda con semiología de isquemia aguda. En
Informe d'alta d'hospitalització
la secuencia de angiorresonancia practicada se ponen de manifiesto mínimo tres áreas de estenosis focal en segmento M1 de ACM izquierda, derecha y en tronco de la arteria basilar. Patrón de pérdida de volumen de parénquima encefálico, superior al esperado para la edad del/de la paciente, compatible con atrofia cerebral global. Signos de afectación isquémica crónica de la sustancia blanca.
	]]></text>
</Section>
<Section span_begin="6632" span_end="6648" id="SECCION_EVOLUCION" type="INFORMACIÓN SOBRE EVOLUCIÓN">
	<name><![CDATA[EVOLUCIÓ CLÍNICA]]></name>
	<text><![CDATA[
Ingresa en neurología para estudio y control evolutivo de AITs vertebrobasilares de repetición, con TC de urgencias normal y angioTC que muestra una estenosis de M1 de ACM izquierda y una estenosis focal de la arteria basilar. Se incia antiagregación con tromalyt 300 mg.
Como parte del estudio vascular se realiza una RMN cerebral que muestra lesión puntiforme precentral corticosubcortical izquierda con semiología de isquemia aguda y confirma estenosis de M1 izquierda y de tronco basilar. En la analítica de ingreso destaca una alteración del perfil lipídico no conocida colesterol total elevado de 6.24mmol/L, LDL 4.49mmol/L, por lo que se inica tratamiento con atorvastatina 40 mg. El resto de la analítica y las serologías son normales.
Neurológicamente se mantiene asintomática durante todo el ingreso, no presenta nuevos episodios de disartria. No presenta incidencias durante el ingreso. Tolera dieta oral, sedestación y deambulación.
Mantenemos antiagregación con AAS 300, añadimos arotvastatina 40 mg. Alta a domicilio, NIHSS 0, mRankin 0. Seguimiento por consultas externas de NRL vascular.
	]]></text>
</Section>
<Section span_begin="7757" span_end="7768" id="SECCION_DIAGNOSTICO_PRINCIPAL" type="DIAGNÓSTICO">
	<name><![CDATA[DIAGNÒSTICS]]></name>
	<text><![CDATA[
AIT de repetición.
Ictus isquémico agudo en territorio de ACM I por RM. NIHSS 0 mRS 0 Estenosis focal a. vertebral y ACM I.
	]]></text>
</Section>
<Section span_begin="7895" span_end="7930" id="SECCION_TRATAMIENTO_AL_ALTA" type="INFORMACIÓN SOBRE TRATAMIENTO">
	<name><![CDATA[TRACTAMENT I RECOMANACIONS A L'ALTA]]></name>
	<text><![CDATA[
-	Tromalyt 300 mg cada día
-	Atorvastatina 40 mg cada día.
	]]></text>
</Section>
<Section span_begin="7991" span_end="7998" id="SECCION_CONTROL" type="INFORMACIÓN SOBRE TRATAMIENTO">
	<name><![CDATA[CONTROL]]></name>
	<text><![CDATA[
-	por consultas externas de neurología según programación
DESTINACIÓ A L'ALTA:	A DOMICILI
Validat per: _NAME_	Col·legiat: _ID_
14.07.2017
Pàgina 1 de 3	]]></text>
</Section>
</ehr>