<?xml version='1.0' encoding='UTF-8'?>
<ehr id="390841167.utf8.txt">
<Section id="DEFAULT_HEADER" type="DEFAULT_HEADER" >
	<name>DEFAULT_HEADER</name>
	<text><![CDATA[
_LOCATION_
_LOCATION_) Anul·lació/Reprogramació visites:_CONTACT_
Telèfon Centraleta: _CONTACT_
Nº Història Clínica: _ID_
Cognoms, Nom: _NAME_
NºEpisodi: _ID_
CIP: _ID_
Sexe: Dona
Data de Naixement: _DATE_   Edat: 85 Anys
NIF/DNI: _ID__NAME_; _NAME_;
 _NAME_
Informe d'alta d'hospitalització
15:30:00
18.07.2017
_LOCATION_
_SS_ NEUROLOGIA
CP
ABS
Servei Data d'alta
_LOCATION_
_CONTACT_
DOMICIL/RES.SOC 13.07.2017
Adreça
Telèfon Procedència Data d'ingrés Atès per
	]]></text>
</Section>
<Section span_begin="466" span_end="480" id="SECCION_MOTIVO_DE_INGRESO" type="MOTIVO DEL INGRESO">
	<name><![CDATA[MOTIU D'INGRÉS]]></name>
	<text><![CDATA[
Mujer de 85 años que ingresa por ictus de ACM izquierda.
	]]></text>
</Section>
<Section span_begin="539" span_end="550" id="SECCION_ANTECEDENTES" type="ANTECEDENTES">
	<name><![CDATA[ANTECEDENTS]]></name>
	<text><![CDATA[
Niega alergias a medicamentos conocidos. Intolerancia al tramadol. No hábitos tóxicos.
Factores de riesgo cardiovascular: HTA y DLP sin tratamiento médico. No DM conocida.
Fibrilación auricular permantente no anticoagulada por neoplasia de colon, tratamiento frenador con bisoprolol y digoxina. Portadora de marcapasos.
AIT que cursó con PFSN en 1999.
Hemorragia subaracnoidea traumática a raíz de síncopoe.
Adenocarcinoma de colon estadío pT4bN2b diagnosticado a raíz de colonoscopia por sangrado rectal en abril de 2017. Intervenida mediante hemicolectomía derecha y anastomosis ileocólica laterolateral.
Hipotiroidismo Anemia
Fractura cadera derecha periprotésica en abril 2017, tratamiento conservador.
IQ: Prótesis de cadera derecha por coxartrosis, Adenocarcinoma de colon derecho.
	]]></text>
</Section>
<Section span_begin="1339" span_end="1354" id="SECCION_SITUACION_FUNCIONAL" type="ANTECEDENTES">
	<name><![CDATA[Situación basal]]></name>
	<text><![CDATA[
: Independiente para las ABVD e instrumentales, autónoma, vive con el marido, deterioro cognitivo leve no filiado, es la que se encargaba de la casa. mRS 1.
	]]></text>
</Section>
<Section span_begin="1512" span_end="1530" id="SECCION_TRATAMIENTO_HABITUAL" type="INFORMACIÓN SOBRE TRATAMIENTO">
	<name><![CDATA[MEDICACIÓ HABITUAL]]></name>
	<text><![CDATA[
Acfol  5mg  7x1s,  Bisoprolol 5mg  1x24h,  Digoxina  0.25mg  4x1s,  Levotiroxina  50mcg  1x24h,  Movicol  1x24h, Omeprazol 20mg 1x24h, Quetiapina 25mg 1x24h, Tardyferon 80mg 1x24.
	]]></text>
</Section>
<Section span_begin="1712" span_end="1725" id="SECCION_PROCESO_ACTUAL" type="INFORMACIÓN SOBRE LA HISTORIA ACTUAL">
	<name><![CDATA[PROCÉS ACTUAL]]></name>
	<text><![CDATA[
Mujer de 85 años derivada por sectorización RACECAT 146 por clínica de inicio a als 20:30 h consistente en dificultad para la articulación del habla compatible con disartria (familiares refieren habla gangosa, pastosa), desviación de comisura labial y debilidad en hemicuerpo derecho. Niegan fiebre, cefalea ni otra clínica intercurrente. El SEM explica recuperación de focalidad durante el camino al _SS_. Se activa código ictus a las 20:50 h.
Hora de llegada al _SS_ a las 21:19 h. TAC craneal: 21:46 h. A nuestra valoración, la paciente se encuentra con TA: 149/115 mmHg, FC 84 lpm, satO2 97 %, afebril. Neurológicamente NIHSS de 2 a expensas de PFSN D discreta y extinción sensitiva izquierda.
Como exploraciones complementarias se raliza analítica con coagulcheck: 1, destaca solamente anemia normocítica con Hb 10.8g/dL. Se realizan TC craneal y angioTC compatibles con infarto agudo del territorio de la ACM derecha profunda con borramiento de ganglios de la base izquierdos (ASPECTS 6). - Oclusión de M1 distal- M2 proximal de ACM izquierda con repermeabilización distal. ECG en FA con RVM a 100lpm, QRS 0.10 con hemibloqueo anterosuperior, descenso del ST asimétrico en cara anterolateral.
Se orienta como ictus de ACM I con repermeabilización distal. No tributaria a rTPA ni TEV por NIHSS bajo.
Informe d'alta d'hospitalització
Se decide ingreso en neurología para estudio y control evolutivo.
	]]></text>
</Section>
<Section span_begin="3138" span_end="3155" id="SECCION_EXPLORACION_FISICA" type="INFORMACIÓN SOBRE LA EXPLORACIÓN FÍSICA">
	<name><![CDATA[EXPLORACIÓ FÍSICA]]></name>
	<text><![CDATA[
FC	100 bpm
Tªaxi 36.7 ºC
FR	rpm Tªrec  ºC
TA s	159 mmHg SAT O2 96 %
TA d   105 mmHg Pes Kg
NRL: paciente consciente, responde edad, no mes (1), obedece órdenes simples, no complejas, PICNR, MOEs conservados, campimetría por confrontación normal, impresiona de disminución de agudeza visual y de campo visual inferior, PFSN izquierda (2), no déficit motor en las 4 extremidades, extinción sensitiva izquierda (1). RCP flexor bilateral. NIHSS 4.
AC: tonos arrítmicos, sin soplos. No semiología de insuficiencia cardiaca. AR: roncus dispersos provinentes de vía aérea superior.
	]]></text>
</Section>
<Section span_begin="3735" span_end="3760" id="SECCION_EXPLORACIONES_COMPLEMENTARIAS" type="INFORMACIÓN SOBRE PRUEBAS COMPLEMENTARIAS">
	<name><![CDATA[EXPLORACIÓ COMPLEMENTÀRIA]]></name>
	<text><![CDATA[
	]]></text>
</Section>
<Section span_begin="3761" span_end="3803" id="SECCION_EXPLORACIONES_COMPLEMENTARIAS_EN_URGENCIAS" type="INFORMACIÓN SOBRE PRUEBAS COMPLEMENTARIAS">
	<name><![CDATA[EXPLORACIONES COMPLEMENTARIAS EN URGENCIAS]]></name>
	<text><![CDATA[
Analítica
EAB venoso: pH 7.41; CO2 49mmHg; O2 29mmHg; HCO3- 31.1mmol/L; EB 5.6mmol/L; Sat.O2 39%. Bioquímica: Glucosa 5.3mmol/L; Urea 7.3mmol/L; Cr 70umol/L; Na+ 142mmol/L; K+ 4.25mmol/L. Coagulación: TTPA 0.92; TP 1.06.
Hemograma:  Hb  108g/L;  Hto  34%;  VCM  88fL;  Plaquetas  250x10E9/L;  Leucocitos  4.9x10E9/L  (Neutrófilos 2.70x10E9/L, Linfocitos 1.14x10E9/L; N 54.8%, L 23.1%).
TAC y angioTAC de troncos supraaórticos y cráneo
HALLAZGOS: Borramiento de cabeza del caudado, ínsula, lenticular y capsula interna derechos en probable relación con infarto agudo del territorio de la ACM ipsilateral (ASPECTS 6). Hiperdensidad de segmento M1-M2 de la ACM izquierda. Estructuras de la línea media sin desplazamientos. No se identifican signos de sufusión hemorrágica aguda intra o extraaxial en el momento actual. Hipodensidad de sustancia blanca bilateral de predominio periventricular, con afectación de corona radiata y centros semiovales. Sistema ventricular globalmente aumentado de tamaño en proporción con la dilatación de surcos corticales. No se detectan otros cambios morfológicos ni tomodensitométricos en el resto del parénquima encefálico sugestivos de alteraciones estructurales. Amígdalas cerebelosas de disposición normal. Elongación del cayado de la aorta y de los troncos supraaórticos con escasas calcificaciones ateromatosas y trombosis mural, que no condicionan estenosis significativas de los ostiums. Ausencia de variantes anatómicas. Permeabilidad de ambas arterias carótidas primitivas, ambas arterias carótidas internas y ambas arterias carótidas externas. Calcificaciones ateromatosas en ambas bifurcaciones que no condicionan una estenosis significativa. Permeabilidad de ambas arterias vertebrales. A nivel intracraneal se identifican calcificaciones ateromatosas en los segmentos intracavernosos e intrapetrosos de ambas arterias carótidas internas. Oclusión de M1 distal- M2 proximal de ACM derecha con repermeabilización distal. Buena colateralidad distal. No se observan imágenes concluyentes de formación aneurismática intracraneal ni de malformación arteriovenosa cerebral aparente.
CONCLUSIONES: - Hallazgos radiológicos compatibles con infarto agudo del territorio de la ACM I profunda con borramiento de ganglios de la base izquierdos (ASPECTS 6). - Oclusión de M1 distal- M2 proximal de ACM derecha con repermeabilización distal.
ECG: Fibrilación auricular con RVM a 100lpm, QRS 0.10 con hemibloqueo anterosuperior, descenso del ST asimétrico en cara anterolateral.
Informe d'alta d'hospitalització
Rx  tórax:  marco  óseo  conservado.  ICT>0.5.  Hilio  derecho  levemente  congestivo,  signos  de  redistribución vascular. No condensaciones en parénquima.
	]]></text>
</Section>
<Section span_begin="6511" span_end="6564" id="SECCION_EXPLORACIONES_COMPLEMENTARIAS_EN_PLANTA_DE_NEUROLOGIA" type="INFORMACIÓN SOBRE PRUEBAS COMPLEMENTARIAS">
	<name><![CDATA[EXPLORACIONES COMPLEMENTARIAS EN PLANTA DE NEUROLOGÍA]]></name>
	<text><![CDATA[
-Analítica de ingreso: función renal no alterada. Iones normales. Perfil hepático con GGT 0.79 ìkat/L, resto normal. Perfil lipídico, tiroideo, folatos y cobalaminas correctos. Hemograma sin alteraciones. VSG 20mm. Niveles de digoxina indetectables (control pendiente) HbA1c 4.8 % y proteinograma sin bandas. Serologías negativas.
-Urocultivo (16/07): negativo.
-Hemocultivos (16/07): pendientes.
-TAC craneal control: Infart agut extens lenticulo-caudato-capsular dret. Discretes-moderades sufussions hemorràgiques en el seu interior. Efecte de massa moderat sobre el VL dret. Atrofia involutiva. Hipoperfussió crònica microvascular. Calcificacions ateromatoses. Malàcia post-traumàtica antiga frontobasal bilateral i temporobasal esquerra.
	]]></text>
</Section>
<Section span_begin="7308" span_end="7324" id="SECCION_EVOLUCION" type="INFORMACIÓN SOBRE EVOLUCIÓN">
	<name><![CDATA[EVOLUCIÓ CLÍNICA]]></name>
	<text><![CDATA[
Ingresa para estudio y control evolutivo de ictus de ACM derecha de etiología cardioembólica por FA no anticoagulada (por neoplasia de colon que cursó con hemorragia digestiva, intervenida quirúrgicamente, actualmente pendiente de reiniciar anticoagulación). En TC craneal de urgenicas se observan signos de isquemia en territorio de ACMd y oclusión M1 izq con repermeabilización distal.
Como pruebas complementarias durante el ingreso se realiza analítica de ingreso donde destaca anemia microcítica con HB 119 ya conocida y GGT 0.79ukat/L levemente elevada, proteínas levemente disminuidas 58g/L; destacan niveles de digoxina indetectables. Se solicita TC de control (14/07), que muestra infarto establecido sin signos de transformación hemorrágica. Inicialmente antiagregada con AAS 300mg; se reinicia anticoagulación el mismo día 14/07 sin incidencias. No se puede realizar RMN cerebral por ser portadora de marcapasos.
Neurológicamente se mantiene estable, presenta NIHSS 3 a expensas de desorientación temporal (no dice mes, sí edad) (1) y PFSN izquierda (2).
Tolera dieta oral y sedestación. Deambulación no probada en el momento actual. Como incidencias destaca episodio febril aislado sin leucocitosis en analítica, con urocultivo negativo y hemocultivos pendientes. No se inició antibioterapia.
Se orienta como ictus ACM derecha de etiologia cardioembólica por FA no anticoagulada, no rtpa por tiempo evolución, no TEV por isquemia establecida, ausencia de oclusión en territorio afectado y NIHSS bajo.
Ante la estabilidad clínica se decide traslado a centro de referencia para completar estudio y control evolutivo.
	]]></text>
</Section>
<Section span_begin="8958" span_end="8969" id="SECCION_DIAGNOSTICO_PRINCIPAL" type="DIAGNÓSTICO">
	<name><![CDATA[DIAGNÒSTICS]]></name>
	<text><![CDATA[
436/5 Ictus
Ictus de ACM derecha de etiología cardioembólica.
	]]></text>
</Section>
<Section span_begin="9033" span_end="9068" id="SECCION_TRATAMIENTO_AL_ALTA" type="INFORMACIÓN SOBRE TRATAMIENTO">
	<name><![CDATA[TRACTAMENT I RECOMANACIONS A L'ALTA]]></name>
	<text><![CDATA[
Se adjunta.
Informe d'alta d'hospitalització
DESTINACIÓ A L'ALTA:	HOSP. AGUTS/PSQ
Validat per: _NAME_	Col·legiat: _ID_
18.07.2017
Pàgina 1 de 4	]]></text>
</Section>
</ehr>