<?xml version='1.0' encoding='UTF-8'?>
<ehr id="391443245.utf8.txt">
<Section id="DEFAULT_HEADER" type="DEFAULT_HEADER" >
	<name>DEFAULT_HEADER</name>
	<text><![CDATA[
_LOCATION_
Telèfon: _CONTACT_
Nº Història Clínica: _ID_
Cognoms, Nom: _NAME_
NºEpisodi: _ID_
CIP: _ID_
Sexe: Home
Data de Naixement: _DATE_   Edat: 60 anys
NIF/DNI: _ID_Informe d'alta d'hospitalització
13:53:05
20.07.2017
_LOCATION_
_SS_ NEUROLOGIA
CP
ABS
Servei Data d'alta
_LOCATION_
_CONTACT_; _CONTACT_; _CONTACT_
CEX MATEIX HOSP 14.07.2017
Dr. _NAME_
Adreça
Telèfon Procedència Data d'ingrés Atès per
	]]></text>
</Section>
<Section span_begin="409" span_end="423" id="SECCION_MOTIVO_DE_INGRESO" type="MOTIVO DEL INGRESO">
	<name><![CDATA[MOTIU D'INGRÉS]]></name>
	<text><![CDATA[
Debilidad pierna y brazo derechos e inestabilidad de la marcha
	]]></text>
</Section>
<Section span_begin="488" span_end="499" id="SECCION_ANTECEDENTES" type="ANTECEDENTES">
	<name><![CDATA[ANTECEDENTS]]></name>
	<text><![CDATA[
Varón de 60 años, ALÉRGICO A ALOPURINOL. Exfumador desde hace 35 años. Exhábito enólico desde hace unos 8 meses.
	]]></text>
</Section>
<Section span_begin="613" span_end="632" id="SECCION_SITUACION_FUNCIONAL" type="ANTECEDENTES">
	<name><![CDATA[Situación Funcional]]></name>
	<text><![CDATA[
: Reside con familia. Deambulación sin ayuda. IABVD. mRS 0
ANTECEDENTS MÉDICOS
Hipertensió essencial
Fibrilación auricular en tratamiento con dabigatrán Hiperuricemia y crisis de gota.
EPOC GRAVE
SAHS en tratamiento con CPAP) Probable cirrosis hepática en seguimiento IQ: Prótesis de cadera.
	]]></text>
</Section>
<Section span_begin="926" span_end="944" id="SECCION_TRATAMIENTO_HABITUAL" type="INFORMACIÓN SOBRE TRATAMIENTO">
	<name><![CDATA[MEDICACIÓ HABITUAL]]></name>
	<text><![CDATA[
Aldactone 100 mg (1/24h), Digoxina 0.25 (0.5/24h), Omeprazol 20 mg (1/24h), Pradaxa 150 (1/12h), Pulmicort 400 mcg (1 inh/12h), Salbutamol 100 mcg, Ultibro Breezhaler 83/43 mcg (1 inh/24h).
	]]></text>
</Section>
<Section span_begin="1136" span_end="1149" id="SECCION_PROCESO_ACTUAL" type="INFORMACIÓN SOBRE LA HISTORIA ACTUAL">
	<name><![CDATA[PROCÉS ACTUAL]]></name>
	<text><![CDATA[
El día 14/07/2017 acudió al S. de Urgencias del _SS_ tras sufrir sensación de mareo asociado a paresia de EEII, aunque con un claro predominio en la EID. Se activó Código Ictus vía Teleictus. Consta que el paciente experimentó una hemiparesia D. En la valoración por la guardia de NRL, el paciente estaba asintomático y se etiquetó de AIT. En analítica OH positivo.
El paciente reseña que 2 días antes del cuadro actual había sufrido un cuadro clínico de características similares con paresia de EID, también de unas 2 h de duración.
La mujer refiere que desde hace días, ha presentado varios episodios (siempre por la tarde) de desequilibrio en la marcha, disartria, desviación de la comisura bucal y torpeza en la mano dcha, que se autolimitan. Ayer consultaron a ucias por uno de ellos, siendo valorado via teleictus y decidiendose traslado a nuestro centro.
	]]></text>
</Section>
<Section span_begin="2015" span_end="2032" id="SECCION_EXPLORACION_FISICA" type="INFORMACIÓN SOBRE LA EXPLORACIÓN FÍSICA">
	<name><![CDATA[EXPLORACIÓ FÍSICA]]></name>
	<text><![CDATA[
FC	70 bpm
Tªaxi 36.0 ºC
FR	rpm Tªrec  ºC
TA s	158 mmHg SAT O2 98 %
TA d   90 mmHg Pes Kg
Informe d'alta d'hospitalització
Exploración neurológica: Habla y lenguaje normales. Comprensión normal. Campimetría por confrontación normal. MOE y resto de PPCC normales. Fuerza, sensibilidad y tono normales en las 4 extremidades. No dismetrías. No Flapping. Marcha cautelosa (reseña que es su situación basal). Reflejo cutáneo flexor bilateral. No signos de irritación meníngea.
NIHSS: 0. mRS 1.
AC: Ruidos cardiacos regulares, sin soplos. AR: MVC.
	]]></text>
</Section>
<Section span_begin="2583" span_end="2608" id="SECCION_EXPLORACIONES_COMPLEMENTARIAS" type="INFORMACIÓN SOBRE PRUEBAS COMPLEMENTARIAS">
	<name><![CDATA[EXPLORACIÓ COMPLEMENTÀRIA]]></name>
	<text><![CDATA[
AS (17/07/2017):
-	BQ: Gluc, Cr Normales. Urat 8.9. U 61. Ca total, P Normales. Col _ID_. HDL 43. LDL 91.2. TAG 54. GOT, GPT, GGT 237. FA Normal. Bb 1.84. Na 132.8 (135-150). K Normal. Fe 53. Ferritina Normal. Cobalamina 106 (Déf
< 107). Folat Pdte.
-	Hemograma: Hb 10.9. Leucos normales. VCM 91.3. Plaq Normales 2. Coag (14/07/2017): INR 2.18. Etanol 44
TC de cráneo (_SS_, 14/07/2017): Sin sugerir patología aguda. Estudio neurosonológico (15/07/2017):
EDTSA: se visualizan ambos ejes carotideos con presencia de múltiples placas lisas calcificadas, sobretodo
en ACC dcha. En bulbo carotideo dcho se aprecia placa hipoecogénica que no altera las velocidades. Conclusión: no estenosis significativas.
EDTC: Mala ventana transtemporal que imposibilita la visualización de a. poligono. A través de ventana suboccipital de sivializan ambas a. vertebrales intracraneales con fluos simétricos. No consigo visualiza a. basilar por dificultad técnica.
RM Cerebral (pte de informe): lesiones crónicas isquémicas, leucoaraisois. ACP I fetal.
	]]></text>
</Section>
<Section span_begin="3645" span_end="3661" id="SECCION_EVOLUCION" type="INFORMACIÓN SOBRE EVOLUCIÓN">
	<name><![CDATA[EVOLUCIÓ CLÍNICA]]></name>
	<text><![CDATA[
Se trata de un varón de 60 años con FRCV, FA en tto anticoagulante. Enol. Acude por clínica de repetición de alteración de la marcha y paresias de predominio en miembros derechos. TC Craneal sin alteraciones significativas. Dúplex TSA sin alteraciones significtaivas. OH positivo.
Se decide ingreso para descartar AIT por la clíinca focal en EID. Sin embargo, existen dudas ante la evidencia de intoxicación enólica. La RM cerebral no muestra lesiones agudas. Pte de informe definitivo.
Como complicación ataque de gota que mejora con colchicina.
Se decide alta. Probablemente alteración de la marcha multifactorial influida por consumo de enol.
	]]></text>
</Section>
<Section span_begin="4309" span_end="4320" id="SECCION_DIAGNOSTICO_PRINCIPAL" type="DIAGNÓSTICO">
	<name><![CDATA[DIAGNÒSTICS]]></name>
	<text><![CDATA[
-	Alteración de la marcha multifactorial
-	Enolismo
	]]></text>
</Section>
<Section span_begin="4374" span_end="4409" id="SECCION_TRATAMIENTO_AL_ALTA" type="INFORMACIÓN SOBRE TRATAMIENTO">
	<name><![CDATA[TRACTAMENT I RECOMANACIONS A L'ALTA]]></name>
	<text><![CDATA[
-	Mantener tratamiento sin cambios
-	
Informe d'alta d'hospitalització
	]]></text>
</Section>
<Section span_begin="4485" span_end="4492" id="SECCION_CONTROL" type="INFORMACIÓN SOBRE TRATAMIENTO">
	<name><![CDATA[CONTROL]]></name>
	<text><![CDATA[
Pte de informe defnitiivo de RM cerebral. Se llamará a casa.
DESTINACIÓ A L'ALTA:	A DOMICILI
Validat per: _NAME_	Col·legiat: _ID_
20.07.2017
Pàgina 1 de 3	]]></text>
</Section>
</ehr>